-- phpMyAdmin SQL Dump
-- version 5.0.4
-- https://www.phpmyadmin.net/
--
-- 主機： localhost
-- 產生時間： 2023 年 08 月 30 日 08:32
-- 伺服器版本： 10.4.17-MariaDB
-- PHP 版本： 7.2.34

SET SQL_MODE = "NO_AUTO_VALUE_ON_ZERO";
START TRANSACTION;
SET time_zone = "+00:00";


/*!40101 SET @OLD_CHARACTER_SET_CLIENT=@@CHARACTER_SET_CLIENT */;
/*!40101 SET @OLD_CHARACTER_SET_RESULTS=@@CHARACTER_SET_RESULTS */;
/*!40101 SET @OLD_COLLATION_CONNECTION=@@COLLATION_CONNECTION */;
/*!40101 SET NAMES utf8mb4 */;

--
-- 資料庫： `healthyfitness`
--

-- --------------------------------------------------------

--
-- 資料表結構 `body_record`
--

CREATE TABLE `body_record` (
  `RecordID` varchar(255) NOT NULL,
  `MemberID` varchar(255) NOT NULL,
  `Height` float NOT NULL,
  `Weight` float NOT NULL,
  `Body_fat_percent` float NOT NULL,
  `Waist` float NOT NULL,
  `Hips` float NOT NULL,
  `Activity_coefficient` varchar(10) NOT NULL,
  `Date` date NOT NULL
) ENGINE=InnoDB DEFAULT CHARSET=utf8;

--
-- 傾印資料表的資料 `body_record`
--

INSERT INTO `body_record` (`RecordID`, `MemberID`, `Height`, `Weight`, `Body_fat_percent`, `Waist`, `Hips`, `Activity_coefficient`, `Date`) VALUES
('06246f45-aae5-45a5-8a1e-7878092e39f2', 'acc6d625-849b-4c1c-890a-f2e5d07f8027', 180, 75.8, 27.3, 79.5, 117.3, 'ac2', '2023-03-22'),
('0bc48aec-249e-492f-abd5-b7b8e854ca7d', 'acc6d625-849b-4c1c-890a-f2e5d07f8027', 185, 78, 15, 50, 20, 'ac5', '2023-08-30'),
('140d7f2c-fcea-4497-a2c8-abc3a657362e', 'acc6d625-849b-4c1c-890a-f2e5d07f8027', 180, 81.5, 24.1, 82.8, 117.8, 'ac1', '2023-08-21'),
('187435bb-ef49-410d-a823-a6cc562c47cc', 'acc6d625-849b-4c1c-890a-f2e5d07f8027', 180, 77.2, 21.3, 85.7, 118.6, 'ac3', '2023-01-31'),
('29389305-ab35-4836-bdba-bc8c0917a204', 'e18ebd76-eb5f-262c-9ced-a5edc0e9a0c9', 165, 59.5, 23.2, 78.2, 110.6, 'ac1', '2023-07-19'),
('2dc1e323-2b47-4a1f-9f3f-c938db8c5ecd', 'acc6d625-849b-4c1c-890a-f2e5d07f8027', 180, 82.5, 26.6, 77.8, 114.5, 'ac3', '2023-03-02'),
('4665282f-a72a-4c2e-953e-313741ece116', 'acc6d625-849b-4c1c-890a-f2e5d07f8027', 180, 85.6, 21.8, 82.4, 118.7, 'ac2', '2023-09-11'),
('4941f213-52e7-4d8d-81bf-2dea317f66cb', 'e18ebd76-eb5f-262c-9ced-a5edc0e9a0c9', 165, 60.9, 23.8, 79.1, 108.2, 'ac1', '2023-08-29'),
('4c8f077e-1b9a-4ae8-acc2-fe5042100697', 'acc6d625-849b-4c1c-890a-f2e5d07f8027', 180, 81.5, 24.1, 82.8, 117.8, 'ac2', '2023-09-28'),
('50ed0e47-32e0-466a-9a68-0a7ed28767e0', 'acc6d625-849b-4c1c-890a-f2e5d07f8027', 180, 76.8, 26.4, 80.5, 116.2, 'ac3', '2023-05-03'),
('5423f761-6dd6-5d8a-ab2a-1b0baa6b6a1b\r\n', 'e18ebd76-eb5f-262c-9ced-a5edc0e9a0c9\r\n', 165, 58, 25, 70, 95, 'ac3', '2023-01-01'),
('5d72e4ea-eb66-4155-be54-da9a79b3a7e8', 'acc6d625-849b-4c1c-890a-f2e5d07f8027', 180, 86.6, 21.1, 82.2, 121.6, 'ac1', '2023-04-01'),
('5d941b44-bc3c-43ea-8413-48f5423a08eb', 'acc6d625-849b-4c1c-890a-f2e5d07f8027', 180, 73.9, 17.1, 83.3, 120.5, 'ac1', '2023-06-21'),
('60e85247-e427-4a96-bcf7-b8c26b71c419', 'acc6d625-849b-4c1c-890a-f2e5d07f8027', 180, 83.4, 27.1, 83.3, 118.8, 'ac3', '2023-07-28'),
('722c55ce-ce1e-447a-ada9-aee39273f2f7', 'e18ebd76-eb5f-262c-9ced-a5edc0e9a0c9', 165, 52.5, 15.8, 75.9, 110.3, 'ac2', '2023-08-29'),
('7d275c4e-e8d7-4e6b-951c-497484d85103', 'e18ebd76-eb5f-262c-9ced-a5edc0e9a0c9', 165, 59.6, 29.8, 78.3, 110.1, 'ac1', '2023-01-31'),
('7ea595e8-0aab-4579-99a2-28f91b16a90e', 'e18ebd76-eb5f-262c-9ced-a5edc0e9a0c9', 165, 59.6, 26.8, 73, 107.8, 'ac2', '2023-05-01'),
('8d10210c-5f6c-433b-bebf-2bd633cbeaa5', 'e18ebd76-eb5f-262c-9ced-a5edc0e9a0c9', 165, 59.6, 22.4, 71.4, 113.5, 'ac2', '2023-04-19'),
('980b0eb2-8c42-16d2-e545-80343b9f143b\n', 'acc6d625-849b-4c1c-890a-f2e5d07f8027', 180, 75, 18, 85, 100, 'ac2', '2023-01-01'),
('9fbceb7c-e491-41a9-90e4-885a474fe9f6', 'e18ebd76-eb5f-262c-9ced-a5edc0e9a0c9', 165, 56.4, 23, 80.4, 109, 'ac3', '2023-07-30'),
('ac49ab02-11c4-4cd9-8003-8766d265498e', 'e18ebd76-eb5f-262c-9ced-a5edc0e9a0c9', 165, 56.2, 24.5, 76, 111, 'ac3', '2023-09-28'),
('b8ab0a96-7c10-4915-b6fa-4a677300707e', 'e18ebd76-eb5f-262c-9ced-a5edc0e9a0c9', 165, 60.2, 24.8, 80.9, 112.4, 'ac2', '2023-02-25'),
('ce2e49b4-b9b4-4819-8c99-4d3f2fd0f7a4', 'acc6d625-849b-4c1c-890a-f2e5d07f8027', 185, 78, 15, 50, 20, 'ac2', '2023-08-30'),
('e8553508-9237-45e0-9d14-f0ba958a0eb7', 'e18ebd76-eb5f-262c-9ced-a5edc0e9a0c9', 165, 60.4, 15.2, 78.3, 104.8, 'ac3', '2023-03-02'),
('ef8e6619-a7e8-44f0-8337-53d09e3de599', 'e18ebd76-eb5f-262c-9ced-a5edc0e9a0c9', 165, 60.4, 15.2, 75.4, 105.4, 'ac2', '2023-05-31'),
('f42ca434-d543-44b1-9327-640718cd1f29', 'acc6d625-849b-4c1c-890a-f2e5d07f8027', 180, 73.6, 16.1, 86.9, 118.7, 'ac3', '2023-04-26'),
('f59ff2a6-17ad-4328-8683-4b1f46cf82ec', 'acc6d625-849b-4c1c-890a-f2e5d07f8027', 180, 79.4, 21.1, 82.1, 114.9, 'ac1', '2023-02-22'),
('f7219644-8a76-404c-98c5-3c0b51534e18', 'e18ebd76-eb5f-262c-9ced-a5edc0e9a0c9', 165, 63.3, 16.7, 80, 110.6, 'ac2', '2023-06-22'),
('fa7bf85b-dbe9-4106-9fd8-072e81b11e3c', 'e18ebd76-eb5f-262c-9ced-a5edc0e9a0c9', 165, 60.3, 26.2, 73, 112.8, 'ac3', '2023-06-30'),
('fed7974f-c62b-4d82-818d-3a6ea0d9a3f1', 'acc6d625-849b-4c1c-890a-f2e5d07f8027', 180, 81.3, 22.5, 80, 122.6, 'ac3', '2023-05-28');

-- --------------------------------------------------------

--
-- 資料表結構 `classmultipack`
--

CREATE TABLE `classmultipack` (
  `classmultipackID` int(11) NOT NULL,
  `multipackgroup_id` int(10) NOT NULL,
  `classname` varchar(20) DEFAULT NULL,
  `classdesc` text DEFAULT NULL,
  `classprice` int(11) DEFAULT NULL
) ENGINE=InnoDB DEFAULT CHARSET=utf8mb4;

--
-- 傾印資料表的資料 `classmultipack`
--

INSERT INTO `classmultipack` (`classmultipackID`, `multipackgroup_id`, `classname`, `classdesc`, `classprice`) VALUES
(1, 1, '全面塑造上半身', '這個組合包提供了三隻精選的健身影片，專注於塑造您的胸肌、手臂和肩部，幫助您全面發展強健的上半身肌肉。這些影片由專業的健身教練指導，提供了有效的訓練方法和技巧，讓您在家中或健身房中輕鬆達到理想的成果。', 1999),
(2, 1, '雕塑完美腹肌', '這個組合包提供了三隻精選的健身影片，專注於幫助您雕塑強健有型的腹肌。無論您是初學者還是已經有一定的健身基礎，這些影片都能夠提供有效的訓練指導，幫助您達到理想的腹部肌肉狀態。跟隨專業的教練，您可以在家中或健身房中進行這些訓練，並逐漸展現令人驚艷的六塊腹肌。', 1999),
(3, 2, '居家新手健身入門', '這個組合包專為新手設計，提供了三隻精選的居家健身影片，讓您在舒適的家中輕鬆開始健身之旅。這些影片結合了多種運動方式，包括有氧運動、肌力訓練和靈活度伸展，讓您能全面鍛煉身體、提升健康。', 899),
(4, 1, '核心肌群塑造挑戰', '這個組合包提供了三隻精選的健身影片，專注於塑造您的胸肌、腹肌和背肌，幫助您建立強健的核心肌群。這些影片由專業的健身教練指導，結合了不同的訓練方法和技巧，讓您在家中或健身房中挑戰自己，達到理想的成果。', 1999),
(5, 2, '上半身強化挑戰', '這個組合包提供了三隻精選的健身影片，專注於強化您的胸肌、手臂和背肌，幫助您塑造強健有力的上半身肌肉。這些影片由專業的健身教練指導，結合了多種訓練方法和技巧，讓您在家中或健身房中挑戰自己，達到理想的成果。', 899),
(6, 2, '腿部與臀肌初階健身指南', '這個組合包提供了三隻精選的初階健身影片，專注於腿部和臀肌的訓練，幫助您建立強健有彈性的下半身肌肉。這些影片由專業的健身教練指導，以簡單易懂的方式展示訓練動作，讓初學者能夠輕鬆入門並進行適度挑戰。', 899),
(7, 1, '腿部與臀肌中高階挑戰計劃', '這個組合包提供了三隻精選的中階健身影片，專注於腿部和臀肌的訓練，讓您進一步挑戰和強化下半身肌肉。這些影片由專業的健身教練指導，結合了多種訓練方法和技巧，讓您在訓練中持續進步並達到更高的運動效果。\r\n\r\n', 1999),
(8, 2, '全身初階燃脂挑戰計劃', '這個組合包提供了三隻精選的初階全身燃脂健身影片，讓您輕鬆入門並開始全身燃脂的健身之旅。這些影片由專業的健身教練指導，結合了有氧運動、強度訓練和全身運動，幫助您有效燃燒脂肪、塑造身材和提升整體健康。', 899),
(9, 3, '全身中高階燃脂挑戰計劃', '這個組合包提供了三支精選的中階全身燃脂健身影片，幫助您進一步挑戰自我並塑造全身線條。這些影片由專業的健身教練指導，結合了有氧運動、強度訓練和全身運動，幫助您有效燃燒脂肪、增強肌肉力量和提升整體健康水平。', 1999),
(10, 3, '居家啞鈴中階強度健身計畫', '這個組合包提供了三支精選的居家啞鈴中階強度健身影片，適合具備一定啞鈴訓練基礎的健身愛好者。這些影片由專業的健身教練指導，結合了啞鈴訓練和全身運動，幫助您增強肌力、塑造身材並提升整體健康。', 1999);

-- --------------------------------------------------------

--
-- 資料表結構 `favorite_product`
--

CREATE TABLE `favorite_product` (
  `favp_id` varchar(255) NOT NULL COMMENT '商品收藏清單的id，自前端以uuid產生',
  `member_id` varchar(255) NOT NULL,
  `p_id` varchar(255) NOT NULL COMMENT '收藏的商品id'
) ENGINE=InnoDB DEFAULT CHARSET=utf8mb4;

--
-- 傾印資料表的資料 `favorite_product`
--

INSERT INTO `favorite_product` (`favp_id`, `member_id`, `p_id`) VALUES
('0facdbba-dedf-40e1-8459-0fd86b6be2d1', 'bcb712e2-9094-434a-8331-90ef53124595', '2'),
('145949f3-79c9-4b84-b691-91a54b4b1821', '13d416df-343e-4b0e-9131-f9af9af1c13d', '7'),
('24f89bcb-defe-4f7e-a177-2d65c2f34255', 'bcb712e2-9094-434a-8331-90ef53124595', '3'),
('2ee12f0a-02e2-48fd-9d9d-621737dce39e', '13d416df-343e-4b0e-9131-f9af9af1c13d', '9'),
('669eda78-295e-4c03-a19c-f8faac1f87b1', '13d416df-343e-4b0e-9131-f9af9af1c13d', '2'),
('c50a3305-3e6c-4992-a9c8-f2df2ab62df7', 'bcb712e2-9094-434a-8331-90ef53124595', '13'),
('ce33d746-4cc4-4cf4-b65e-f3942a9c2b11', 'bcb712e2-9094-434a-8331-90ef53124595', '4'),
('ce6fa966-09c6-4b3f-b8ee-7d7d874119be', '13d416df-343e-4b0e-9131-f9af9af1c13d', '7');

-- --------------------------------------------------------

--
-- 資料表結構 `favorite_video`
--

CREATE TABLE `favorite_video` (
  `favv_id` varchar(255) NOT NULL COMMENT '影片收藏清單的id，自前端以uuid產生',
  `member_id` varchar(255) NOT NULL,
  `VideoID` varchar(255) NOT NULL COMMENT '收藏的影片id'
) ENGINE=InnoDB DEFAULT CHARSET=utf8mb4;

--
-- 傾印資料表的資料 `favorite_video`
--

INSERT INTO `favorite_video` (`favv_id`, `member_id`, `VideoID`) VALUES
('1aaaf83b-08ed-4beb-94d5-41acfc90986e', '13d416df-343e-4b0e-9131-f9af9af1c13d', '6'),
('1b5442d5-ee3b-492e-895f-45474e3af406', 'bcb712e2-9094-434a-8331-90ef53124595', '22'),
('2658603b-1bed-4cf6-b082-f0a7a022fa1f', '13d416df-343e-4b0e-9131-f9af9af1c13d', '6'),
('3a01cf83-f2ce-4a32-a098-8226af828b8f', '13d416df-343e-4b0e-9131-f9af9af1c13d', '33'),
('508d52fa-d159-428b-bcbe-8a35a7bde726', '13d416df-343e-4b0e-9131-f9af9af1c13d', '16'),
('5b67be80-73e1-42b2-a67d-1c1a12e99d4e', '13d416df-343e-4b0e-9131-f9af9af1c13d', '2'),
('6a3dff0e-6935-45c4-b224-e8cd28e5ab25', '13d416df-343e-4b0e-9131-f9af9af1c13d', '25'),
('8648bef3-59c9-46dc-992c-0bee26224240', '13d416df-343e-4b0e-9131-f9af9af1c13d', '15'),
('87b0ca75-8cd2-4d72-8c77-8b214b5f7290', '13d416df-343e-4b0e-9131-f9af9af1c13d', '6'),
('938a2e81-7ef1-472f-bca8-31f88adc9ded', 'bcb712e2-9094-434a-8331-90ef53124595', '15'),
('957bd762-31e0-4828-a94b-e5771744fdba', '13d416df-343e-4b0e-9131-f9af9af1c13d', '31'),
('aaff4026-a2ac-4889-a767-1d520c0dfabf', '13d416df-343e-4b0e-9131-f9af9af1c13d', '6'),
('bd039d58-e134-4544-8504-a474212a014d', 'bcb712e2-9094-434a-8331-90ef53124595', '23'),
('cbcd6e87-aedc-4aa9-8caa-6671e4e45b81', '13d416df-343e-4b0e-9131-f9af9af1c13d', '9'),
('d16686b8-d05d-44b3-966d-b3c803efc026', 'bcb712e2-9094-434a-8331-90ef53124595', '26'),
('e312f5ed-c2df-4d35-9c71-e1ba67f09c08', '13d416df-343e-4b0e-9131-f9af9af1c13d', '24');

-- --------------------------------------------------------

--
-- 資料表結構 `fitvideos`
--

CREATE TABLE `fitvideos` (
  `VideoID` int(20) NOT NULL,
  `Title` varchar(50) DEFAULT NULL,
  `ReleaseDate` date DEFAULT NULL,
  `Description` text DEFAULT NULL,
  `vidURL` varchar(1000) DEFAULT NULL,
  `vidthumbnail` varchar(1000) DEFAULT NULL,
  `musclegroupID` int(10) NOT NULL,
  `classmultipackID` int(11) NOT NULL
) ENGINE=InnoDB DEFAULT CHARSET=utf8mb4;

--
-- 傾印資料表的資料 `fitvideos`
--

INSERT INTO `fitvideos` (`VideoID`, `Title`, `ReleaseDate`, `Description`, `vidURL`, `vidthumbnail`, `musclegroupID`, `classmultipackID`) VALUES
(1, '10分鐘腿部訓練【初級版】', '2023-06-08', '訓練的内容一共包含6個訓練動作x2組+30秒組間休息時間', 'https://www.youtube.com/embed/XPLIWylGWso', '10分鐘腿部訓練【初級版】.jpeg', 4, 6),
(2, '8分鐘背肌訓練【初級-中級版】', '2023-06-08', '只需 11 個訓練動作，中途給大家留了30秒的喘息時間', 'https://www.youtube.com/embed/pxzsXLjKihQ', '8分鐘背肌訓練【初級-中級版】.jpeg', 2, 5),
(3, '每日５分鐘 新手在家練胸肌【初級版】', '2023-06-09', '這個影片是居家練胸肌 伏地挺身初階訓練影片，非常適合剛接觸運動的新手，或是體重比較重的人。', 'https://www.youtube.com/embed/eSw7GGEuFy0', '每日５分鐘新手在家練胸肌【初級版】.jpeg', 1, 3),
(4, '10 分鐘居家腹肌訓練【中級版】', '2023-06-10', '有效加强核心的訓練，訓練的内容一共包含14個動作，無重複動作，動作都非常簡單', 'https://www.youtube.com/embed/TXie-XhUv1Q', '10 分鐘居家腹肌訓練【中級版】.jpeg', 3, 4),
(5, '10分鐘居家手臂啞鈴訓練【中級版】', '2023-06-10', '有效訓練二頭肌和三頭肌，讓你快速增肌減脂', 'https://www.youtube.com/embed/ZwJqHlg6230', '10分鐘居家手臂啞鈴訓練【中級版】.jpeg', 6, 5),
(6, '10分鐘居家肩部啞鈴訓練【中級版】', '2023-06-10', '有效訓練肩膀，讓你快速增肌減脂', 'https://www.youtube.com/embed/U6bKyUQMkVU', '10分鐘居家肩部啞鈴訓練【中級版】.jpeg', 5, 1),
(7, '15分鐘居家啞鈴胸肌訓練【高級版】', '2023-06-10', '這一集的15分鐘啞鈴訓練的中級版，總共會有8個訓練動作\n每一個動作將會改爲40秒，休息15秒，組間有1次60秒的休息時間。\n完成了一組15分鐘訓練后，也可以再做重複做一組！', 'https://www.youtube.com/embed/Iiwaj6ECX7Q', '15分鐘居家啞鈴胸肌訓練【高級版】.jpeg', 1, 4),
(8, '15分鐘居家腿部徒手訓練【中級版】', '2023-06-10', '内容共12個動作（重複兩輪訓練）\n兩輪之間會有60秒的調息時間！大家一起動起來吧~', 'https://www.youtube.com/embed/9xobzA_dxZ8', '15分鐘居家腿部徒手訓練【中級版】.jpeg', 4, 7),
(9, '10分鐘居家腹肌訓練【高級版】', '2023-06-10', '有效加强核心的訓練，男生和女生都適合的健身訓練', 'https://www.youtube.com/embed/R9QXQdV8iNQ', '10分鐘居家腹肌訓練【高級版】.jpeg', 3, 1),
(10, '20分鐘居家腿部徒手訓練【高級版】', '2023-06-10', '内容一共 11 個動作（重複兩輪訓練）\n兩輪之間一樣會有 60 秒的調息時間！', 'https://www.youtube.com/embed/JOu1dGBalBs', '20分鐘居家腿部徒手訓練【高級版】.jpeg', 4, 7),
(11, '10分鐘背部訓練【高級版】', '2023-06-11', '共有 13個訓練動作，之間也給大家留了60秒的調息時間。一起把背肌力量練起來～', 'https://www.youtube.com/embed/SjTzVZj14p8', '10分鐘背部訓練【高級版】.jpeg', 2, 4),
(12, '15 分鐘居家啞鈴腿部訓練【中-高級版】', '2023-06-11', '\r\n這是一集 15 分鐘的 - 腿部啞鈴訓練，内容會有三組 / 總共 8 個動作，每一組之間都會有 30 秒的調息時間！', 'https://www.youtube.com/embed/9m3Kqrs0YnM', '15 分鐘居家啞鈴腿部訓練【中-高級版】.jpeg', 4, 10),
(13, '10分鐘居家上半身啞鈴訓練【中級版】', '2023-06-11', '這次分享了 20 分鐘的上半身啞鈴訓練，同樣分成兩組進行（組間有60秒休息時間）整個訓練一共只有 11 個訓練動作。', 'https://www.youtube.com/embed/a7SeW6hWt1M', '10分鐘居家上半身啞鈴訓練【中級版】.jpeg', 6, 2),
(14, '12分鐘居家臀腿訓練【初級版】', '2023-06-11', '訓練的内容一共包含1個熱身動作 +17個訓練動作 ,希望大家一起加油！', 'https://www.youtube.com/embed/xteIdnpLzLg', '12分鐘居家臀腿訓練【初級版】.jpeg', 7, 6),
(15, '5 分鐘居家腹肌訓練【初級版】', '2023-06-11', '共 8 個動作，每一組有 10 秒間隔休息時間，在家依然可以實現 擁有腹肌的心！', 'https://www.youtube.com/embed/N2j-J3pjqnU', '5分鐘居家腹肌訓練【初級版】.jpeg', 3, 1),
(16, '4招教你如何有效的趕走拜拜肉【初級版】', '2023-06-11', '讓你的手臂更結實好看！只需要用到彈力帶就可開始訓練了', 'https://www.youtube.com/embed/JdPOpzt3VIM', '4招教你如何有效的趕走拜拜肉【初級版】.jpeg', 6, 3),
(17, '10分鐘背部訓練【初級版】', '2023-06-13', '這次訓練只需要一個乾净的地面，一張瑜伽墊就能完成！共有 兩組 / 7 個訓練动作，之間也給大家留了60秒的調息時間', 'https://www.youtube.com/embed/-XwC247FnEA', '10分鐘背部訓練【初級版】.jpeg', 2, 4),
(18, '15 分鐘居家腹肌訓練【初級版】', '2023-06-13', '這次的訓練會有11 個動作 x 2組，中間有60秒休息', 'https://www.youtube.com/embed/azs5LxdVQAk', '15分鐘居家腹肌訓練【初級版】.jpeg', 3, 4),
(19, '10分鐘居家胸肌徒手訓練【中級版】', '2023-06-13', '這次的訓練會分成兩組，共有7個動作，簡單的跟著做系列。建議想嘗試的新手可以先選擇跪姿的方式開始訓練。', 'https://www.youtube.com/embed/6VTZQxOx4Oc', '10分鐘居家胸肌徒手訓練【中級版】.jpeg', 1, 4),
(20, '12分鐘居家啞鈴肩部訓練【中級版】', '2023-06-13', '這次的啞鈴訓練，會分成兩組進行（組間有60秒休息時間）整個訓練共包含了一個熱身和 8 個訓練動作。', 'https://www.youtube.com/embed/iWx8v2PnbCM', '12分鐘居家啞鈴肩部訓練【中級版】.jpeg', 5, 10),
(21, '5分鐘居家腹肌訓練2【初級版】', '2023-06-14', '【5分鐘的核心訓練】連續 8 個訓練動作，組間60秒休息時間，連續兩組訓練。', 'https://www.youtube.com/embed/TR1rzKNuTAk', '5分鐘居家腹肌訓練2【初級版】.jpeg', 3, 2),
(22, '12分鐘居家徒手腹肌訓練【初級版】無裝備', '2023-06-14', '第二天的訓練，在啓動了全身肌肉之後，我們就先來到大家最感興趣的核心訓練！畢竟，想完成所有的標準訓練動作，都是需要利用/依靠核心力量來支撐和平衡的。', 'https://www.youtube.com/embed/86wAi4tHynM', '12分鐘居家徒手腹肌訓練【初級版】無裝備.jpeg', 3, 2),
(23, '12分鐘居家上半身訓練【中級版】', '2023-06-14', '訓練主要訓練 胸，肩膀，二頭肌和三頭肌 這次的訓練會有7個動作，之間有30秒休息，做完一組會有60秒休息', 'https://www.youtube.com/embed/iZgpVZl4zPo', '12分鐘居家上半身訓練【中級版】.jpeg', 1, 1),
(24, '20分鐘腿和腹肌訓練【中級版】', '2023-06-14', '訓練的内容一共包含3個熱身動作 +17個訓練動作', 'https://www.youtube.com/embed/ZPUDJSMRKCs', '20分鐘腿和腹肌訓練【中級版】.jpeg', 3, 7),
(25, '10分鐘上半身徒手訓練 【中級版】', '2023-06-14', '這次的訓練會有15個動作，簡單的跟著做系列\r\n建議大家可以做一到兩組，達到更好效果。', 'https://www.youtube.com/embed/a5D6rTGpySk', '10分鐘上半身徒手訓練 【中級版】.jpeg', 5, 5),
(26, '10分鐘腹肌訓練【中級版】', '2023-06-14', '隨時隨地都能在家做的運動｜有效加强核心的訓練', 'https://www.youtube.com/embed/xYFUWfJf9hs', '10分鐘腹肌訓練【中級版】.jpeg', 3, 2),
(27, '15分鐘居家手臂啞鈴訓練【中級版】', '2023-06-14', '這次分享了15分鐘的上半身啞鈴訓練，會分成兩組進行（組間有60秒休息時間）\r\n整個訓練共包含了兩組的 9 個訓練動作。', 'https://www.youtube.com/embed/fDyLXdGknWk', '15分鐘居家手臂啞鈴訓練【中級版】.jpeg', 6, 10),
(28, '8 分鐘居家腹肌訓練(襪子版本)', '2023-06-15', '【8分鐘的核心訓練】共10個動作，每一組有10秒間隔休息時間', 'https://www.youtube.com/embed/OP3b0nreAD0', '8分鐘居家腹肌訓練(襪子版本).jpeg', 3, 2),
(29, '5分鐘腹肌訓練(續之前腹肌訓練的加强版)', '2023-06-15', '5分鐘帶你一起感受腹肌的燃燒 ！', 'https://www.youtube.com/embed/vQc_01nah7Y', '5分鐘腹肌訓練(續之前腹肌訓練的加强版).jpeg', 3, 2),
(30, '7 分鐘居家徒手腹肌訓練【初級版】無裝備', '2023-06-15', '【7分鐘的站立式核心訓練】分別有：第一組的 5 秒間隔休息時間，和第二組的不間斷無休息。', 'https://www.youtube.com/embed/L1BTJsDAWjo', '20分鐘腿和腹肌訓練【中級版】.jpeg', 3, 2),
(31, '40分鐘居家全身啞鈴訓練【中級版】', '2023-07-17', '【男生】 - 雙手各拿一個6到10公斤\r\n【女生】 - 雙手各拿一個3到6公斤\r\n這一集的40分鐘啞鈴訓練的升級版，總共會有2個熱身動作&18個訓練動作，每一個動作將會改爲40秒，休息15秒，每一輪之間都會有2次的60秒的喘息時間。\r\n完成了20個訓練動作之後（為一輪），再重複做一組！', 'https://www.youtube.com/embed/VWcvwQ4Tm9c', '40分鐘居家全身啞鈴訓練【中級版】.jpeg', 8, 9),
(32, '15分鐘高强度全身肌肉徒手訓練【中級版】', '2023-07-17', '這次的訓練共20個動作，分爲兩組進行，組閒為一分鐘休息時間，無需器材居家運動\r\n', 'https://www.youtube.com/embed/_XZMPneVxMo', '15分鐘高强度全身肌肉徒手訓練【中級版】.jpeg', 8, 9),
(33, '10分鐘全身徒手訓練【初級版】', '2023-07-17', '這次的訓練會有15個動作，動作簡單又容易跟著做\r\n建議大家可以做一到兩組為較好效果', 'https://www.youtube.com/embed/gkl-dABmbj8', '10分鐘全身徒手訓練【初級版】.jpeg', 8, 8),
(34, '20分鐘居家高强度全身肌肉徒手訓練【高級版】', '2023-07-17', '訓練的内容一共包含14個動作，高級版的跟著做系列！\r\n想要加强訓練强度的朋友們，可以做兩組來達到更好的效果哦~', 'https://www.youtube.com/embed/JOu1dGBalBs', '20分鐘居家高强度全身肌肉徒手訓練【高級版】.jpeg', 8, 9),
(35, '30分鐘居家全身啞鈴訓練【高級版】', '2023-07-17', '必看*啞鈴的選擇重量\r\n【男生啞鈴重量建議：單手6-10公斤(kg)】\r\n【女生啞鈴重量建議：單手2-6公斤(kg)】\r\n這次分享了30分鐘的全身啞鈴訓練，同樣分成兩組進行（組間有60秒休息時間）\r\n整個訓練共包含2個熱身動作&17個訓練動作。', 'https://www.youtube.com/embed/5wXsxNVK8bk', '30分鐘居家全身啞鈴訓練【高級版】.jpeg', 8, 9),
(36, '5分鐘簡單全身熱身', '2023-07-17', '這次的熱身會有10個動作，動作簡單又容易跟著做\r\n建議大家可以在開始健身前做的五分鐘熱身', 'https://www.youtube.com/embed/h8OfHBzFtdI', '5分鐘簡單全身熱身.jpeg', 8, 3),
(37, '30分鐘居家全身肌肉徒手訓練【初級版】', '2023-07-17', '這次的訓練集合了5分鐘熱身、15分鐘徒手訓練，10分鐘暖身完整的帶大家一起充分的感受 肌肉的刺激和燃燒！15分鐘的訓練會分爲兩組，組間會給大家60秒的休息時間讓大家有充分的時間和我們一起，繼續戰鬥到最後！', 'https://www.youtube.com/embed/rW75UW5rb7c', '30分鐘居家全身肌肉徒手訓練【初級版】.jpeg', 8, 8),
(38, '20分鐘居家全身啞鈴訓練【中級版】 ', '2023-07-17', '【男生】-雙手各拿一個6到10公斤\r\n【女生】-雙手各拿一個3到6公斤\r\n這一集的20分鐘啞鈴訓練的升級版，總共會有28個動作\r\n動作是完全沒有重複的，同時也加入了一些中級版的訓練動作！', 'https://www.youtube.com/embed/lgsvlQzBlgA', '20分鐘居家全身啞鈴訓練【中級版】.jpeg', 8, 10),
(39, '10分鐘腿部徒手訓練', '2023-07-17', '有效針對臀腿和核心部位，男生和女生都適合的健身訓練，緊實你的腿部的開始', 'https://www.youtube.com/embed/IkQ-vXCF92A', '10分鐘腿部徒手訓練.jpeg', 4, 6),
(40, '居家啞鈴全身訓練完整版', '2023-07-17', '包含了18個啞鈴訓練動作講解，有效訓練你全身的肌肉，分別爲3天的訓練課表 健身新手必看！', 'https://www.youtube.com/embed/iq_oyMFkrAI', '居家啞鈴全身訓練完整版.jpeg', 8, 8);

-- --------------------------------------------------------

--
-- 資料表結構 `fooddata`
--

CREATE TABLE `fooddata` (
  `FoodID` int(10) NOT NULL,
  `FoodName` varchar(30) NOT NULL,
  `Calorie` int(10) NOT NULL,
  `Fat` int(10) NOT NULL,
  `Protein` int(10) NOT NULL,
  `Carbohydrates` int(10) NOT NULL,
  `FoodImgID` varchar(20) NOT NULL,
  `Food_categoryID` int(10) NOT NULL
) ENGINE=InnoDB DEFAULT CHARSET=utf8;

--
-- 傾印資料表的資料 `fooddata`
--

INSERT INTO `fooddata` (`FoodID`, `FoodName`, `Calorie`, `Fat`, `Protein`, `Carbohydrates`, `FoodImgID`, `Food_categoryID`) VALUES
(1, '蛋炒飯', 300, 10, 40, 12, '01.jpg', 1),
(2, '香腸炒飯', 350, 15, 45, 14, '02.jpg', 1),
(3, '鮮蝦炒麵', 280, 10, 35, 12, '03.jpg', 2),
(4, '牛肉炒飯', 400, 18, 40, 20, '04.jpg', 1),
(5, '鍋燒麵', 450, 12, 70, 13, '05.jpg', 2),
(6, '番茄義大利麵', 350, 8, 55, 12, '06.jpg', 2),
(7, '豬肉燴飯', 450, 13, 65, 17, '07.jpg', 1),
(8, '鴨肉飯', 450, 17, 45, 23, '08.jpg', 1),
(9, '陽春麵', 350, 8, 55, 12, '09.jpg', 2),
(10, '紅燒牛肉麵', 450, 12, 65, 18, '10.jpg', 2),
(11, '鮪魚三明治', 300, 12, 30, 20, '11.jpg', 3),
(12, '燕麥粥', 150, 3, 27, 5, '12.jpg', 4),
(13, '草莓吐司', 200, 3, 38, 6, '13.jpg', 3),
(14, '肉鬆三明治', 350, 18, 35, 13, '14.jpg', 3),
(15, '豬肉總匯', 450, 23, 35, 17, '15.jpg', 3),
(16, '培根蛋餅', 350, 17, 25, 18, '16.jpg', 3),
(17, '火腿蛋吐司', 300, 17, 25, 12, '17.jpg', 3),
(18, '牛排', 300, 18, 3, 27, '18.jpg', 6),
(19, '餛飩麵', 350, 8, 55, 17, '19.jpg', 2),
(20, '豬肉滿福堡', 450, 23, 35, 17, '20.jpg', 3),
(21, '豬舌冬粉', 350, 12, 35, 17, '21.jpg', 2),
(22, '什錦炒麵', 450, 17, 55, 18, '22.jpg', 2),
(23, '鐵板炒麵', 450, 18, 55, 17, '23.jpg', 2),
(24, '海產粥', 250, 8, 35, 17, '24.jpg', 1),
(25, '皮蛋瘦肉粥', 250, 8, 35, 17, '25.jpg', 1),
(26, '燒肉飯', 450, 18, 45, 23, '26.jpg', 1),
(27, '素食沙拉', 150, 7, 15, 7, '27.jpg', 6),
(28, '海鮮燉飯', 350, 15, 50, 20, '28.jpg', 1),
(29, '炸雞', 350, 20, 15, 25, '29.jpg', 6),
(30, '水餃(10顆)', 350, 7, 35, 13, '30.jpg', 6),
(31, '蘑菇燉飯', 350, 7, 55, 13, '31.jpg', 1),
(32, '蛤蜊義大利麵', 500, 15, 70, 20, '32.jpg', 2),
(33, '酸辣湯', 125, 5, 13, 7, '33.jpg', 4),
(34, '肉燥飯', 500, 15, 70, 20, '34.jpg', 1),
(35, '魯肉飯', 500, 15, 70, 20, '35.jpg', 1),
(36, '炒青菜', 50, 1, 8, 3, '36.jpg', 6),
(37, '炸雞腿便當', 700, 35, 60, 35, '37.jpg', 1),
(38, '炸排骨便當', 800, 55, 60, 35, '38.jpg', 1),
(39, '排骨麵', 600, 20, 70, 25, '39.jpg', 2),
(40, '三寶飯', 600, 25, 70, 25, '40.jpg', 1),
(41, '土魠魚羹', 200, 7, 13, 18, '41.jpg', 4),
(42, '豆花', 125, 0, 23, 4, '42.jpg', 6),
(43, '原味蛋餅', 350, 13, 25, 7, '43.jpg', 3),
(44, '燒餅油條', 350, 18, 35, 7, '44.jpg', 3),
(45, '泡麵', 375, 18, 55, 10, '45.jpg', 2),
(46, '炒烏龍', 350, 13, 55, 10, '46.jpg', 2),
(47, '韓式泡菜豆腐鍋', 450, 18, 55, 18, '47.jpg', 6),
(48, '咖哩飯', 550, 18, 65, 13, '48.jpg', 1),
(49, '叉燒拉麵', 550, 18, 65, 18, '49.jpg', 2),
(50, '奶茶', 125, 4, 18, 2, '50.jpg', 5),
(51, '紅茶', 50, 0, 13, 0, '51.jpg', 5),
(52, '豆漿', 130, 7, 18, 6, '52.jpg', 5),
(53, '可樂', 145, 0, 40, 0, '53.jpg', 5),
(54, '拿鐵', 150, 6, 14, 9, '54.jpg', 5),
(55, '柳橙汁', 125, 1, 27, 2, '55.jpg', 5),
(56, '红酒', 135, 0, 3, 0, '56.jpg', 5),
(57, '牛奶', 135, 6, 14, 9, '57.jpg', 5),
(58, '貢丸湯', 125, 4, 13, 7, '58.jpg', 4),
(59, '榨菜肉絲湯', 125, 4, 13, 7, '59.jpg', 4),
(60, '豬排蓋飯', 450, 20, 55, 25, '60.jpg', 1);

-- --------------------------------------------------------

--
-- 資料表結構 `food_record`
--

CREATE TABLE `food_record` (
  `RecordID` varchar(255) NOT NULL,
  `MemberID` varchar(255) NOT NULL,
  `FoodID` int(10) NOT NULL,
  `Date` date NOT NULL
) ENGINE=InnoDB DEFAULT CHARSET=utf8;

--
-- 傾印資料表的資料 `food_record`
--

INSERT INTO `food_record` (`RecordID`, `MemberID`, `FoodID`, `Date`) VALUES
('003475b8-4e20-4175-a7ea-191a7850c29e', 'acc6d625-849b-4c1c-890a-f2e5d07f8027', 41, '2023-09-18'),
('005f3734-5732-4713-a006-6a6b1ae5f07a', 'acc6d625-849b-4c1c-890a-f2e5d07f8027', 49, '2023-07-20'),
('0064ae66-ffa7-44c0-bf00-8da1608948e5', 'acc6d625-849b-4c1c-890a-f2e5d07f8027', 59, '2023-08-08'),
('00965d5f-49a7-4196-852a-5f59b7dc59c8', 'acc6d625-849b-4c1c-890a-f2e5d07f8027', 36, '2023-08-25'),
('00a78406-d4df-46ba-aaf9-3bd69c2c8afc', 'acc6d625-849b-4c1c-890a-f2e5d07f8027', 11, '2023-08-07'),
('00e44252-2867-4d81-b266-b6ac9e7e6dc7', 'acc6d625-849b-4c1c-890a-f2e5d07f8027', 57, '2023-01-23'),
('00fb3b60-aa87-4bb2-8636-a2cb9a4464ed', 'acc6d625-849b-4c1c-890a-f2e5d07f8027', 26, '2023-05-13'),
('012c01cc-fb1c-422e-8b83-99572166a5a8', 'acc6d625-849b-4c1c-890a-f2e5d07f8027', 24, '2023-07-27'),
('01915f01-b2cf-40e1-af4e-1307843e587b', 'acc6d625-849b-4c1c-890a-f2e5d07f8027', 19, '2023-07-13'),
('01a36729-d297-447b-9858-f1dc4f90dcfc', 'acc6d625-849b-4c1c-890a-f2e5d07f8027', 38, '2023-07-23'),
('01dbb2b5-e6e3-4714-9b64-1afda38fc256', 'acc6d625-849b-4c1c-890a-f2e5d07f8027', 60, '2023-02-06'),
('022b6c22-25f3-4386-9e77-79f8bd3aa665', 'acc6d625-849b-4c1c-890a-f2e5d07f8027', 26, '2023-01-24'),
('023c5821-84fc-4922-81eb-928092ee151c', 'acc6d625-849b-4c1c-890a-f2e5d07f8027', 21, '2023-04-26'),
('0265a80c-b2e9-433f-ab0a-74f113513103', 'acc6d625-849b-4c1c-890a-f2e5d07f8027', 4, '2023-03-08'),
('027d6b06-009a-44dd-9843-0a521a8ad1bf', 'acc6d625-849b-4c1c-890a-f2e5d07f8027', 9, '2023-02-05'),
('0291b03b-6d8c-45f8-9d55-b1d355a8958c', 'acc6d625-849b-4c1c-890a-f2e5d07f8027', 23, '2023-07-31'),
('02cdf26d-12ee-4cf8-ba1f-ac0d67e336cb', 'acc6d625-849b-4c1c-890a-f2e5d07f8027', 48, '2023-05-30'),
('02cef399-a10b-4388-989a-9e2203b4250c', 'acc6d625-849b-4c1c-890a-f2e5d07f8027', 45, '2023-03-01'),
('030a1fcc-d0e3-41c6-ac96-4fa523063a67', 'acc6d625-849b-4c1c-890a-f2e5d07f8027', 1, '2023-03-02'),
('030ea9d3-bb61-4734-ba5e-80fa958657e8', 'acc6d625-849b-4c1c-890a-f2e5d07f8027', 3, '2023-09-26'),
('033282de-98e7-4058-a305-fdf589ca6086', 'acc6d625-849b-4c1c-890a-f2e5d07f8027', 17, '2023-04-06'),
('035057c7-9e6b-439e-985a-751617256454', 'acc6d625-849b-4c1c-890a-f2e5d07f8027', 20, '2023-05-21'),
('0357ffd0-6b54-4e73-a767-ef8e7601a8d7', 'acc6d625-849b-4c1c-890a-f2e5d07f8027', 60, '2023-08-18'),
('0393633a-0672-41ca-8d8f-246d11f25851', 'acc6d625-849b-4c1c-890a-f2e5d07f8027', 6, '2023-02-03'),
('039809c9-0ac2-47a7-92d3-c0152b22e1f2', 'acc6d625-849b-4c1c-890a-f2e5d07f8027', 54, '2023-02-08'),
('03a7079a-a1a0-4b36-95a8-e1e2769373a5', 'acc6d625-849b-4c1c-890a-f2e5d07f8027', 33, '2023-07-10'),
('03a8261b-8da4-4435-b5b2-7eeba5b3360c', 'acc6d625-849b-4c1c-890a-f2e5d07f8027', 59, '2023-08-17'),
('03de2496-62a8-4bdc-9c5f-cf9c92ea6b99', 'acc6d625-849b-4c1c-890a-f2e5d07f8027', 16, '2023-06-15'),
('03e186a1-c955-448d-b7cf-1c39aa66df53', 'acc6d625-849b-4c1c-890a-f2e5d07f8027', 23, '2023-01-31'),
('040471e2-d5be-4385-828a-9ac503f37cc9', 'acc6d625-849b-4c1c-890a-f2e5d07f8027', 25, '2023-05-15'),
('04071499-94d1-472d-85c8-8588200f17b1', 'acc6d625-849b-4c1c-890a-f2e5d07f8027', 40, '2023-04-05'),
('048e0ced-2dd3-4c7b-8335-94cd70074882', 'acc6d625-849b-4c1c-890a-f2e5d07f8027', 20, '2023-03-24'),
('04939080-0bb8-4242-a03e-9901199e8e24', 'acc6d625-849b-4c1c-890a-f2e5d07f8027', 22, '2023-07-08'),
('049e84d1-7899-4447-8165-f779372cb28b', 'acc6d625-849b-4c1c-890a-f2e5d07f8027', 6, '2023-03-06'),
('04ecf026-5826-4830-bf39-a0d0b9e8fc4e', 'acc6d625-849b-4c1c-890a-f2e5d07f8027', 37, '2023-03-28'),
('04f9ff95-cb73-4e65-b3a5-d13b337100c3', 'acc6d625-849b-4c1c-890a-f2e5d07f8027', 53, '2023-04-07'),
('050333e2-31d1-4e1d-82e0-4957afeecdfa', 'acc6d625-849b-4c1c-890a-f2e5d07f8027', 34, '2023-09-24'),
('05297899-8014-4e4e-9fb2-e2147a04de0b', 'acc6d625-849b-4c1c-890a-f2e5d07f8027', 23, '2023-07-30'),
('052b2067-c17b-4e6e-83f0-c2aedc0f8c30', 'acc6d625-849b-4c1c-890a-f2e5d07f8027', 47, '2023-09-01'),
('054bcbfe-d8ab-43d3-a7e7-ffa6bb7e06ac', 'acc6d625-849b-4c1c-890a-f2e5d07f8027', 15, '2023-01-09'),
('05805f90-6b2a-411a-a223-e3fe26dd258c', 'acc6d625-849b-4c1c-890a-f2e5d07f8027', 51, '2023-05-06'),
('05d234e6-0da8-431f-ad6e-ec6b8bd63f2a', 'acc6d625-849b-4c1c-890a-f2e5d07f8027', 52, '2023-05-10'),
('06051d41-be02-47a4-9923-236d90b95cbb', 'acc6d625-849b-4c1c-890a-f2e5d07f8027', 12, '2023-06-21'),
('068fc5e6-d9cf-4927-aa8f-a2d85f0aeafa', 'acc6d625-849b-4c1c-890a-f2e5d07f8027', 50, '2023-03-18'),
('069c1ed7-df98-4781-806b-a5782d9c26b6', 'acc6d625-849b-4c1c-890a-f2e5d07f8027', 12, '2023-07-29'),
('06ba81b6-c717-40bc-b8b2-122df9efe16c', 'acc6d625-849b-4c1c-890a-f2e5d07f8027', 41, '2023-02-24'),
('071182f1-700e-466b-bcaa-c3a5629065cb', 'acc6d625-849b-4c1c-890a-f2e5d07f8027', 3, '2023-02-23'),
('0753edf8-ca27-45e7-b520-b78011358def', 'acc6d625-849b-4c1c-890a-f2e5d07f8027', 60, '2023-04-14'),
('075776da-e5ae-4809-9fd1-d8976268e185', 'acc6d625-849b-4c1c-890a-f2e5d07f8027', 45, '2023-07-31'),
('0786a716-ef00-454e-9a18-272e8a8d3099', 'acc6d625-849b-4c1c-890a-f2e5d07f8027', 21, '2023-06-15'),
('07a5dec2-0e06-4982-9afc-17b1e9d863a5', 'acc6d625-849b-4c1c-890a-f2e5d07f8027', 42, '2023-04-21'),
('07a990fe-8c1c-482e-ba8f-435bb5e2cc32', 'acc6d625-849b-4c1c-890a-f2e5d07f8027', 15, '2023-08-20'),
('07e842a6-89b5-4862-aed0-95b269ec9f50', 'acc6d625-849b-4c1c-890a-f2e5d07f8027', 36, '2023-06-13'),
('08bbf4b0-ce66-448b-b514-c47cf90617f1', 'acc6d625-849b-4c1c-890a-f2e5d07f8027', 1, '2023-04-16'),
('08d0e265-4605-4d23-83ab-5a527dc853ed', 'acc6d625-849b-4c1c-890a-f2e5d07f8027', 7, '2023-08-26'),
('08f307f4-6576-4877-b0e8-013b76d59af5', 'acc6d625-849b-4c1c-890a-f2e5d07f8027', 37, '2023-05-31'),
('08f580ff-24c8-44c9-b1b4-ad15f94a24dd', 'acc6d625-849b-4c1c-890a-f2e5d07f8027', 27, '2023-06-22'),
('08ff1fae-3959-415e-b057-12464a82f422', 'acc6d625-849b-4c1c-890a-f2e5d07f8027', 8, '2023-04-30'),
('0902549d-a14b-4402-988b-7a7a0b2c0329', 'acc6d625-849b-4c1c-890a-f2e5d07f8027', 49, '2023-08-27'),
('0980aab0-bb2e-4bd7-8424-459718878465', 'acc6d625-849b-4c1c-890a-f2e5d07f8027', 19, '2023-01-11'),
('09863890-59bc-4211-b25e-b99a842cf504', 'acc6d625-849b-4c1c-890a-f2e5d07f8027', 39, '2023-06-17'),
('09f34721-845a-4a82-a1c3-2cf74e7a6ba5', 'acc6d625-849b-4c1c-890a-f2e5d07f8027', 2, '2023-03-02'),
('0a11b434-c756-46c9-82f0-304180f3bb82', 'acc6d625-849b-4c1c-890a-f2e5d07f8027', 9, '2023-01-05'),
('0a2a1cca-69ea-4e79-a7d2-755c345f669e', 'acc6d625-849b-4c1c-890a-f2e5d07f8027', 6, '2023-06-26'),
('0a3e7959-327c-455e-9d9a-7e9cd9db21a9', 'acc6d625-849b-4c1c-890a-f2e5d07f8027', 10, '2023-09-26'),
('0acb4ff0-f966-4ac5-a30b-a1811506f39e', 'acc6d625-849b-4c1c-890a-f2e5d07f8027', 32, '2023-02-06'),
('0aeb5679-2978-4a2d-b707-45e1706c65d5', 'acc6d625-849b-4c1c-890a-f2e5d07f8027', 5, '2023-04-10'),
('0b1cc789-0a3a-47ba-bc21-4288144a59be', 'acc6d625-849b-4c1c-890a-f2e5d07f8027', 9, '2023-04-14'),
('0b1e0585-4484-4738-9762-3531c830acf6', 'acc6d625-849b-4c1c-890a-f2e5d07f8027', 60, '2023-08-23'),
('0b205c2e-d160-4ec1-af31-5af9fbb26d7d', 'acc6d625-849b-4c1c-890a-f2e5d07f8027', 34, '2023-05-12'),
('0b43567a-173a-4e46-8780-6a406cd083b5', 'acc6d625-849b-4c1c-890a-f2e5d07f8027', 31, '2023-05-08'),
('0b4d4c85-b45a-42eb-85ef-953eeaa19f4a', 'acc6d625-849b-4c1c-890a-f2e5d07f8027', 19, '2023-07-01'),
('0be525de-6173-442f-afd5-272d19c990d9', 'acc6d625-849b-4c1c-890a-f2e5d07f8027', 47, '2023-05-23'),
('0bef01cb-9044-438d-a931-b5df90d1e250', 'acc6d625-849b-4c1c-890a-f2e5d07f8027', 38, '2023-04-07'),
('0bf24e0a-edb8-41e9-94fd-92583761ddc2', 'acc6d625-849b-4c1c-890a-f2e5d07f8027', 5, '2023-08-31'),
('0bfdecb9-62f0-46a2-b2ca-3bfc35a77964', 'acc6d625-849b-4c1c-890a-f2e5d07f8027', 38, '2023-03-19'),
('0c2e3deb-b2d0-453c-9a8e-ba077fb0713f', 'acc6d625-849b-4c1c-890a-f2e5d07f8027', 19, '2023-09-17'),
('0c3c1715-e2b6-4dc3-a8fc-b58daa61e848', 'acc6d625-849b-4c1c-890a-f2e5d07f8027', 16, '2023-05-27'),
('0c65865d-743c-4044-bb5a-31452dab7410', 'acc6d625-849b-4c1c-890a-f2e5d07f8027', 10, '2023-06-26'),
('0c7cc3c2-3c4c-47f9-ae8b-043c215bcecc', 'acc6d625-849b-4c1c-890a-f2e5d07f8027', 47, '2023-03-23'),
('0ca845ef-b453-486b-8b70-817f1372c6ef', 'acc6d625-849b-4c1c-890a-f2e5d07f8027', 51, '2023-04-11'),
('0ccd7c2b-78ba-4c0c-972c-0d7d8172c17c', 'acc6d625-849b-4c1c-890a-f2e5d07f8027', 14, '2023-02-14'),
('0d1562d3-6f85-4181-9533-35a2c1f750f4', 'acc6d625-849b-4c1c-890a-f2e5d07f8027', 30, '2023-01-30'),
('0d58e88b-28a0-4d15-a20a-18976707fc05', 'acc6d625-849b-4c1c-890a-f2e5d07f8027', 32, '2023-06-27'),
('0dc00e0e-a2b7-4ea7-850c-da36d413ce50', 'acc6d625-849b-4c1c-890a-f2e5d07f8027', 49, '2023-03-24'),
('0dd751af-ca1f-4956-9486-e02af0f9794e', 'acc6d625-849b-4c1c-890a-f2e5d07f8027', 35, '2023-06-30'),
('0dd91298-ca91-468c-9eb3-42739401ec60', 'acc6d625-849b-4c1c-890a-f2e5d07f8027', 21, '2023-02-16'),
('0de55f6e-579a-4447-b220-3eec51b650c3', 'acc6d625-849b-4c1c-890a-f2e5d07f8027', 33, '2023-06-12'),
('0dfc5f42-8afb-4772-804f-40605da4ac6c', 'acc6d625-849b-4c1c-890a-f2e5d07f8027', 2, '2023-02-22'),
('0e4a1113-384b-4f36-a626-b46f544fbf08', 'acc6d625-849b-4c1c-890a-f2e5d07f8027', 44, '2023-07-10'),
('0e54f1b1-78ea-4575-94be-a388e1d66c79', 'acc6d625-849b-4c1c-890a-f2e5d07f8027', 45, '2023-02-05'),
('0e6c90fb-886a-44d6-b609-49f2b6c32f0e', 'acc6d625-849b-4c1c-890a-f2e5d07f8027', 31, '2023-03-17'),
('0e7470e5-b710-4660-9257-9ed70677279d', 'acc6d625-849b-4c1c-890a-f2e5d07f8027', 37, '2023-08-10'),
('0e801dec-72d5-4688-b025-9601bbfc3136', 'acc6d625-849b-4c1c-890a-f2e5d07f8027', 8, '2023-03-02'),
('0edf5d3c-a57b-4f88-a15e-630028b847a4', 'acc6d625-849b-4c1c-890a-f2e5d07f8027', 55, '2023-08-14'),
('0ee11142-f706-4413-bd4a-205f1e621cb8', 'acc6d625-849b-4c1c-890a-f2e5d07f8027', 45, '2023-06-14'),
('0ee1eb55-def3-4209-915c-7727494f5fa6', 'acc6d625-849b-4c1c-890a-f2e5d07f8027', 2, '2023-04-02'),
('0f55b7c0-348b-409d-9eef-d569914f1709', 'acc6d625-849b-4c1c-890a-f2e5d07f8027', 14, '2023-07-08'),
('0f605edb-2b51-42f2-9395-62c8a3ab4591', 'acc6d625-849b-4c1c-890a-f2e5d07f8027', 29, '2023-04-11'),
('0f79fd90-7b57-457c-8d6f-e2174307c642', 'acc6d625-849b-4c1c-890a-f2e5d07f8027', 50, '2023-04-23'),
('0f80e2d3-e6b3-4436-ab7d-6522ed53aac1', 'acc6d625-849b-4c1c-890a-f2e5d07f8027', 47, '2023-03-13'),
('0f8a6d60-dcd8-4410-a53c-b0eb44a080ff', 'acc6d625-849b-4c1c-890a-f2e5d07f8027', 60, '2023-02-12'),
('0fb16e17-2cae-4dc1-a409-a96fe5b7ba38', 'acc6d625-849b-4c1c-890a-f2e5d07f8027', 2, '2023-08-23'),
('104fb659-33f6-434b-81d3-bd38f38f40b6', 'acc6d625-849b-4c1c-890a-f2e5d07f8027', 27, '2023-08-01'),
('106b8b36-b9c4-4582-b63d-d6e920c554e5', 'acc6d625-849b-4c1c-890a-f2e5d07f8027', 13, '2023-07-04'),
('106fbcdc-c672-459a-9b64-236ee179b4e3', 'acc6d625-849b-4c1c-890a-f2e5d07f8027', 47, '2023-02-22'),
('10af4fee-9c6e-4515-ba0e-7605f4bef342', 'acc6d625-849b-4c1c-890a-f2e5d07f8027', 16, '2023-06-04'),
('10bb5c63-fc57-4f67-93e7-ebd73f6dfab5', 'acc6d625-849b-4c1c-890a-f2e5d07f8027', 29, '2023-03-14'),
('11027062-fce5-41de-886c-35e266fc0a02', 'acc6d625-849b-4c1c-890a-f2e5d07f8027', 32, '2023-07-26'),
('114c918e-8b8c-4f8d-857c-c5f4fab6cd21', 'acc6d625-849b-4c1c-890a-f2e5d07f8027', 13, '2023-09-03'),
('114d5b65-428f-49a0-8227-d4bbeb596615', 'acc6d625-849b-4c1c-890a-f2e5d07f8027', 17, '2023-08-08'),
('11503d61-92b1-446c-a0bc-01db906a7703', 'acc6d625-849b-4c1c-890a-f2e5d07f8027', 56, '2023-08-04'),
('11599d9a-190c-4a27-a337-2e35f9b77607', 'acc6d625-849b-4c1c-890a-f2e5d07f8027', 6, '2023-04-01'),
('1162a29b-f86b-4d72-a8fd-a3c1bdc8eee1', 'acc6d625-849b-4c1c-890a-f2e5d07f8027', 36, '2023-01-08'),
('119270e3-357e-4bfb-95e7-5ab89d9b5448', 'acc6d625-849b-4c1c-890a-f2e5d07f8027', 40, '2023-06-27'),
('11b9e906-7027-424e-b658-c82589bc9836', 'acc6d625-849b-4c1c-890a-f2e5d07f8027', 42, '2023-07-08'),
('11bf3012-d535-4215-a9db-fd2be74720b6', 'acc6d625-849b-4c1c-890a-f2e5d07f8027', 53, '2023-09-12'),
('11c0fda6-3a1f-45f9-bf49-3d9f5ab99d5b', 'acc6d625-849b-4c1c-890a-f2e5d07f8027', 38, '2023-01-12'),
('11ee7a6f-0a28-4123-b928-54c9dd82571d', 'acc6d625-849b-4c1c-890a-f2e5d07f8027', 15, '2023-05-14'),
('11ff21c4-c1aa-41a1-8086-72dd954ef659', 'acc6d625-849b-4c1c-890a-f2e5d07f8027', 48, '2023-01-06'),
('120ec02f-a5f9-420b-a88c-711a586285fe', 'acc6d625-849b-4c1c-890a-f2e5d07f8027', 36, '2023-04-08'),
('1293affb-aa83-461b-a423-a6d88c506bef', 'acc6d625-849b-4c1c-890a-f2e5d07f8027', 40, '2023-01-04'),
('12f9e249-e123-4a49-a9ea-0bd82397d546', 'acc6d625-849b-4c1c-890a-f2e5d07f8027', 12, '2023-08-21'),
('131325f2-4941-48ed-be2d-3f0f8b7cd470', 'acc6d625-849b-4c1c-890a-f2e5d07f8027', 2, '2023-03-12'),
('135e4dcf-65c4-4508-b239-a1bc090af822', 'acc6d625-849b-4c1c-890a-f2e5d07f8027', 4, '2023-04-13'),
('1370075c-8dbe-4856-b48c-2d2fb86cd3ee', 'acc6d625-849b-4c1c-890a-f2e5d07f8027', 14, '2023-01-15'),
('14038aff-b462-4492-8bc4-95b4b3d91b51', 'acc6d625-849b-4c1c-890a-f2e5d07f8027', 46, '2023-09-20'),
('1417e605-ebae-4b69-a9da-a67ff6bbc323', 'acc6d625-849b-4c1c-890a-f2e5d07f8027', 12, '2023-06-18'),
('1452376d-4774-458a-932c-c6baf8e48571', 'acc6d625-849b-4c1c-890a-f2e5d07f8027', 53, '2023-07-15'),
('14636c37-03a2-4746-b00a-5902a3a5a3c6', 'acc6d625-849b-4c1c-890a-f2e5d07f8027', 14, '2023-09-10'),
('147392a4-53c1-4e21-855d-25271b0025cc', 'acc6d625-849b-4c1c-890a-f2e5d07f8027', 57, '2023-01-12'),
('148e7b28-9c3c-440a-be43-f0ea2e848f95', 'acc6d625-849b-4c1c-890a-f2e5d07f8027', 46, '2023-08-01'),
('1495d0d6-ad33-4d0a-8d8f-927ffce27d2a', 'acc6d625-849b-4c1c-890a-f2e5d07f8027', 16, '2023-07-04'),
('14b14219-d60c-491a-af4c-ba7298546caf', 'acc6d625-849b-4c1c-890a-f2e5d07f8027', 11, '2023-02-03'),
('14f2740a-883c-48bd-8f56-3042f981e42f', 'acc6d625-849b-4c1c-890a-f2e5d07f8027', 23, '2023-09-26'),
('14fa79d7-98ed-406b-a7a3-07f9c50182d8', 'acc6d625-849b-4c1c-890a-f2e5d07f8027', 15, '2023-04-15'),
('15661f1a-1f93-49d8-8483-bd78b70f3be5', 'acc6d625-849b-4c1c-890a-f2e5d07f8027', 25, '2023-02-17'),
('15ba3e90-04bd-4520-9225-4270a556307f', 'acc6d625-849b-4c1c-890a-f2e5d07f8027', 18, '2023-04-07'),
('15d683cf-1260-4fbd-9221-046e8862d0da', 'acc6d625-849b-4c1c-890a-f2e5d07f8027', 8, '2023-08-26'),
('15e88ae5-5f9b-438e-bed7-2ed3eb16803d', 'acc6d625-849b-4c1c-890a-f2e5d07f8027', 5, '2023-03-19'),
('167a5f50-4d51-4c4e-aefd-68ec8a17ab9e', 'acc6d625-849b-4c1c-890a-f2e5d07f8027', 38, '2023-02-13'),
('169a5f71-6057-45ad-9818-c3efa8b56a03', 'acc6d625-849b-4c1c-890a-f2e5d07f8027', 10, '2023-06-16'),
('16a0882b-9609-4628-b489-d63959587472', 'acc6d625-849b-4c1c-890a-f2e5d07f8027', 48, '2023-01-08'),
('16a4c674-bc73-40dd-874c-249875375682', 'acc6d625-849b-4c1c-890a-f2e5d07f8027', 55, '2023-03-06'),
('16ba2dfb-a137-4f00-a163-e1b40d0fb6da', 'acc6d625-849b-4c1c-890a-f2e5d07f8027', 21, '2023-08-23'),
('16c69a6c-9269-4b4f-ab2e-58c62edfec92', 'acc6d625-849b-4c1c-890a-f2e5d07f8027', 58, '2023-03-14'),
('16cda985-16aa-4f4a-a826-f6ec58c52cdc', 'acc6d625-849b-4c1c-890a-f2e5d07f8027', 15, '2023-06-09'),
('16dd93cb-992c-4200-a01e-7fbf1b1d8ef7', 'acc6d625-849b-4c1c-890a-f2e5d07f8027', 8, '2023-01-17'),
('175b198c-5fb9-471c-872a-d7950cd7acfd', 'acc6d625-849b-4c1c-890a-f2e5d07f8027', 12, '2023-08-31'),
('1766d1fc-655d-42f2-bb36-ca2fe18bb0ef', 'acc6d625-849b-4c1c-890a-f2e5d07f8027', 33, '2023-06-20'),
('1778053d-b82b-48b3-a9e7-8b66842f60c2', 'acc6d625-849b-4c1c-890a-f2e5d07f8027', 1, '2023-01-25'),
('17b7557b-e82e-4d38-b2f9-bb05d592f433', 'acc6d625-849b-4c1c-890a-f2e5d07f8027', 42, '2023-08-17'),
('17beb9d2-754a-43ee-828c-26747793eec2', 'acc6d625-849b-4c1c-890a-f2e5d07f8027', 12, '2023-05-28'),
('17dac6c0-ac96-4cb8-84b5-5ac13b16a9fe', 'acc6d625-849b-4c1c-890a-f2e5d07f8027', 31, '2023-06-08'),
('181eb06b-f434-44eb-b083-2fc27b1763ab', 'acc6d625-849b-4c1c-890a-f2e5d07f8027', 9, '2023-05-29'),
('18286b0f-eef2-4de5-be6d-e74e678294d7', 'acc6d625-849b-4c1c-890a-f2e5d07f8027', 2, '2023-02-03'),
('18383071-d2b7-4ee7-a534-d032c8d92197', 'acc6d625-849b-4c1c-890a-f2e5d07f8027', 27, '2023-07-25'),
('187ca99b-1b0f-4eff-a597-c8205191a910', 'acc6d625-849b-4c1c-890a-f2e5d07f8027', 46, '2023-06-25'),
('18a3d14c-2b9b-4712-80d1-76701b5ebbdc', 'acc6d625-849b-4c1c-890a-f2e5d07f8027', 24, '2023-05-14'),
('18aadbd0-7f9b-4007-9f9b-927fbcca7120', 'acc6d625-849b-4c1c-890a-f2e5d07f8027', 13, '2023-01-30'),
('18d598b4-a5da-4f78-86a4-ac9dbe901309', 'acc6d625-849b-4c1c-890a-f2e5d07f8027', 2, '2023-02-08'),
('192e585e-2628-477d-85fe-cb2cd74be113', 'acc6d625-849b-4c1c-890a-f2e5d07f8027', 21, '2023-08-11'),
('193e9285-ff90-4089-ac9e-598e659e594d', 'acc6d625-849b-4c1c-890a-f2e5d07f8027', 38, '2023-08-09'),
('19556c21-4f17-46a8-8f7a-f02728f3acac', 'acc6d625-849b-4c1c-890a-f2e5d07f8027', 55, '2023-09-25'),
('196821cb-4fb4-4fec-bc98-90aa33a91349', 'acc6d625-849b-4c1c-890a-f2e5d07f8027', 41, '2023-04-13'),
('19a706f0-cccc-48f9-b2ec-39cd3cc3a0d0', 'acc6d625-849b-4c1c-890a-f2e5d07f8027', 54, '2023-03-07'),
('19b2463a-0795-4eaa-b510-b77c309629a8', 'acc6d625-849b-4c1c-890a-f2e5d07f8027', 48, '2023-02-27'),
('19d3e37e-3146-4476-90dd-d1b4bfacc3b7', 'acc6d625-849b-4c1c-890a-f2e5d07f8027', 25, '2023-07-24'),
('1a06f0d5-4180-4412-9196-840d98fe9c4a', 'acc6d625-849b-4c1c-890a-f2e5d07f8027', 37, '2023-08-19'),
('1a1ed416-06ca-4a11-a928-a14d270d120c', 'acc6d625-849b-4c1c-890a-f2e5d07f8027', 43, '2023-05-15'),
('1a1f0cd2-d7e8-458f-bdc1-33ab20b35ada', 'acc6d625-849b-4c1c-890a-f2e5d07f8027', 48, '2023-05-19'),
('1a672a08-b701-4cef-ac53-709c68b04a7d', 'acc6d625-849b-4c1c-890a-f2e5d07f8027', 52, '2023-05-01'),
('1a7b0a11-ed0b-4a34-839f-52b68585221d', 'acc6d625-849b-4c1c-890a-f2e5d07f8027', 23, '2023-07-14'),
('1a8b33b7-f970-48fd-b977-a7820d8bd568', 'acc6d625-849b-4c1c-890a-f2e5d07f8027', 52, '2023-04-17'),
('1ab4e18a-7bfd-4660-a279-649528124030', 'acc6d625-849b-4c1c-890a-f2e5d07f8027', 15, '2023-01-08'),
('1ae32f8e-64a5-4013-9984-fce07c339636', 'acc6d625-849b-4c1c-890a-f2e5d07f8027', 56, '2023-06-12'),
('1b3898ce-3e2c-4a74-8201-b81681224e89', 'acc6d625-849b-4c1c-890a-f2e5d07f8027', 35, '2023-02-28'),
('1b5d5d80-827c-4a8b-800e-7d4ef3ce01c1', 'acc6d625-849b-4c1c-890a-f2e5d07f8027', 39, '2023-09-11'),
('1bb66101-be9b-4d87-9997-dedf53c46c16', 'acc6d625-849b-4c1c-890a-f2e5d07f8027', 14, '2023-01-17'),
('1c1cac0c-401c-49ca-881c-4144ae29fb1e', 'acc6d625-849b-4c1c-890a-f2e5d07f8027', 33, '2023-07-15'),
('1c1d2852-0553-43d6-ac50-2df813882686', 'acc6d625-849b-4c1c-890a-f2e5d07f8027', 20, '2023-07-02'),
('1c2c7b5a-22b3-4ac6-939a-b3c26c4547de', 'acc6d625-849b-4c1c-890a-f2e5d07f8027', 2, '2023-02-15'),
('1c5b89aa-4425-4d5d-a67d-f9385ce8c62d', 'acc6d625-849b-4c1c-890a-f2e5d07f8027', 6, '2023-04-14'),
('1c5c764a-4119-43d6-b736-3f8414d1caa9', 'acc6d625-849b-4c1c-890a-f2e5d07f8027', 43, '2023-01-13'),
('1c63eddb-387d-44de-a451-e319c6d20bd1', 'acc6d625-849b-4c1c-890a-f2e5d07f8027', 7, '2023-04-16'),
('1c7aaf69-8719-4f52-8acd-0e9989ae71cd', 'acc6d625-849b-4c1c-890a-f2e5d07f8027', 18, '2023-02-26'),
('1c968061-58e0-4564-9333-92a3a43d3a47', 'acc6d625-849b-4c1c-890a-f2e5d07f8027', 18, '2023-09-08'),
('1cf922e3-e4bb-4a3e-87fa-952ffeb01993', 'acc6d625-849b-4c1c-890a-f2e5d07f8027', 1, '2023-07-29'),
('1cfd5a5a-29b1-410a-8e9a-1aadfe0c0cff', 'acc6d625-849b-4c1c-890a-f2e5d07f8027', 20, '2023-04-10'),
('1d07f190-63b6-479a-9dba-c2c1602071cf', 'acc6d625-849b-4c1c-890a-f2e5d07f8027', 16, '2023-08-30'),
('1d2efc77-0d5e-4dad-a6cc-ec1a464df6c0', 'acc6d625-849b-4c1c-890a-f2e5d07f8027', 35, '2023-02-09'),
('1d36b302-0a4b-4462-aa1b-7a316846db18', 'acc6d625-849b-4c1c-890a-f2e5d07f8027', 14, '2023-04-30'),
('1d46dd1a-e499-4ab9-bd08-041539daf162', 'acc6d625-849b-4c1c-890a-f2e5d07f8027', 53, '2023-08-24'),
('1d614f9b-5980-4db8-8e92-d26bd0b1bd0e', 'acc6d625-849b-4c1c-890a-f2e5d07f8027', 59, '2023-07-04'),
('1d8b5aca-8c25-4cf9-adb2-82544fc89125', 'acc6d625-849b-4c1c-890a-f2e5d07f8027', 52, '2023-01-31'),
('1dd577af-5414-408e-9534-0e84fc59e536', 'acc6d625-849b-4c1c-890a-f2e5d07f8027', 13, '2023-07-19'),
('1e770f3a-3c89-478f-a39e-f0a83b29e750', 'acc6d625-849b-4c1c-890a-f2e5d07f8027', 43, '2023-02-21'),
('1e96ea57-75ea-4436-b624-750fd7942e79', 'acc6d625-849b-4c1c-890a-f2e5d07f8027', 50, '2023-06-29'),
('1e9f172b-f650-4bd9-987a-a450520df989', 'acc6d625-849b-4c1c-890a-f2e5d07f8027', 3, '2023-05-18'),
('1eb13088-4acd-4ccc-b9b3-9996ac286804', 'acc6d625-849b-4c1c-890a-f2e5d07f8027', 5, '2023-03-17'),
('1ed847cb-8415-4fe1-bce6-937b5d57ce19', 'acc6d625-849b-4c1c-890a-f2e5d07f8027', 51, '2023-01-07'),
('1ed952cf-57c1-4ebb-a081-03355dc12f02', 'acc6d625-849b-4c1c-890a-f2e5d07f8027', 4, '2023-09-01'),
('1f1ae879-85be-4ebd-a0bd-799d922666a7', 'acc6d625-849b-4c1c-890a-f2e5d07f8027', 39, '2023-08-17'),
('1f45632f-5651-4176-ab2b-5651e46ae6ce', 'acc6d625-849b-4c1c-890a-f2e5d07f8027', 3, '2023-05-28'),
('1f4b946f-83a8-49ce-9180-d7da79c86748', 'acc6d625-849b-4c1c-890a-f2e5d07f8027', 17, '2023-02-26'),
('1f6e43ff-7b64-4b0f-8b47-ef31f8e79247', 'acc6d625-849b-4c1c-890a-f2e5d07f8027', 35, '2023-08-09'),
('1f6f5d21-61e6-421e-a905-a78cdd67044b', 'acc6d625-849b-4c1c-890a-f2e5d07f8027', 20, '2023-06-23'),
('1fac23d4-bd19-4f3d-b08d-3cedc691ed73', 'acc6d625-849b-4c1c-890a-f2e5d07f8027', 35, '2023-09-19'),
('1fdb9421-5994-4f59-a1e8-8f1e394f6de2', 'acc6d625-849b-4c1c-890a-f2e5d07f8027', 56, '2023-02-05'),
('20108316-6bd9-481a-acdf-edd307876409', 'acc6d625-849b-4c1c-890a-f2e5d07f8027', 6, '2023-01-21'),
('208f0070-06f0-40fa-ac98-fa4d59363f8f', 'acc6d625-849b-4c1c-890a-f2e5d07f8027', 36, '2023-07-12'),
('20c10c2e-2071-409e-beee-ff5a9c0231a6', 'acc6d625-849b-4c1c-890a-f2e5d07f8027', 50, '2023-06-20'),
('20c93c08-df1a-4aa9-9531-cfff6cd04142', 'acc6d625-849b-4c1c-890a-f2e5d07f8027', 23, '2023-02-17'),
('20e428c9-8c76-4aca-ad40-48803162dca7', 'acc6d625-849b-4c1c-890a-f2e5d07f8027', 43, '2023-08-11'),
('20e99e08-9c4d-43dd-b020-93ad08820e3c', 'acc6d625-849b-4c1c-890a-f2e5d07f8027', 32, '2023-06-27'),
('20f87a2d-d3ae-4377-8aae-a8e0f4ab7ca5', 'acc6d625-849b-4c1c-890a-f2e5d07f8027', 2, '2023-08-16'),
('21d43231-ddc2-4aa8-986f-3832baaddfad', 'acc6d625-849b-4c1c-890a-f2e5d07f8027', 19, '2023-01-28'),
('21d672ad-9fdb-44b6-866a-8b4513a8b195', 'acc6d625-849b-4c1c-890a-f2e5d07f8027', 28, '2023-08-16'),
('2211303a-9d3f-4b1e-b6e2-3d149db99050', 'acc6d625-849b-4c1c-890a-f2e5d07f8027', 20, '2023-05-03'),
('222720bf-5de7-4033-bda4-a44fcd5938d5', 'acc6d625-849b-4c1c-890a-f2e5d07f8027', 11, '2023-08-27'),
('22781fcc-fc3b-4732-9d8a-83a44ede1e2a', 'acc6d625-849b-4c1c-890a-f2e5d07f8027', 50, '2023-03-23'),
('227b284a-8615-4dac-9b5a-f392f0b26381', 'acc6d625-849b-4c1c-890a-f2e5d07f8027', 21, '2023-04-25'),
('22d1201d-c7f8-4c69-ad21-87df9883902b', 'acc6d625-849b-4c1c-890a-f2e5d07f8027', 52, '2023-07-12'),
('23091ef1-d82a-4fa2-930d-7ea0949792f2', 'acc6d625-849b-4c1c-890a-f2e5d07f8027', 59, '2023-03-02'),
('2354ef72-2fe6-43e0-ba39-afbdf747f03e', 'acc6d625-849b-4c1c-890a-f2e5d07f8027', 13, '2023-01-24'),
('2376bdca-6f24-4f83-aa1f-eec15c84bf02', 'acc6d625-849b-4c1c-890a-f2e5d07f8027', 48, '2023-01-09'),
('23b50607-73bd-438b-a419-772225bb45c9', 'acc6d625-849b-4c1c-890a-f2e5d07f8027', 5, '2023-02-26'),
('23f5d472-28b7-4d0d-8c9f-54dfdef6ed8b', 'acc6d625-849b-4c1c-890a-f2e5d07f8027', 7, '2023-03-03'),
('23fc912a-87c5-4486-9d3f-5fb7ed9f9deb', 'acc6d625-849b-4c1c-890a-f2e5d07f8027', 45, '2023-03-07'),
('2406d029-2465-4fcf-b8cb-e69c5389cbb7', 'acc6d625-849b-4c1c-890a-f2e5d07f8027', 4, '2023-05-21'),
('242f136c-9541-4fde-b9cc-ea93e70d28ad', 'acc6d625-849b-4c1c-890a-f2e5d07f8027', 33, '2023-04-03'),
('2431193d-a3ee-44b8-b00f-586a6678fd01', 'acc6d625-849b-4c1c-890a-f2e5d07f8027', 34, '2023-06-26'),
('243c3bde-a702-4464-8853-e548c02d7fb2', 'acc6d625-849b-4c1c-890a-f2e5d07f8027', 1, '2023-05-24'),
('244302ba-5060-4680-aed0-7603f18a23e5', 'acc6d625-849b-4c1c-890a-f2e5d07f8027', 37, '2023-02-17'),
('2457324c-8a91-474f-a9a3-7a2796a7905f', 'acc6d625-849b-4c1c-890a-f2e5d07f8027', 44, '2023-03-21'),
('246aa1af-1cae-4c91-8d0c-d5cba7ed79c4', 'acc6d625-849b-4c1c-890a-f2e5d07f8027', 42, '2023-05-25'),
('24778861-9472-468f-a9a0-836ca705a233', 'acc6d625-849b-4c1c-890a-f2e5d07f8027', 43, '2023-02-28'),
('248cd0eb-0632-4fc5-a6e0-00a026b95c31', 'acc6d625-849b-4c1c-890a-f2e5d07f8027', 44, '2023-08-10'),
('24b06978-65ff-4d3a-aaaf-760a12abf9e0', 'acc6d625-849b-4c1c-890a-f2e5d07f8027', 45, '2023-08-10'),
('24d5fea1-bc45-4d05-a02d-1488a1f0d4ea', 'acc6d625-849b-4c1c-890a-f2e5d07f8027', 31, '2023-01-19'),
('24fc787d-3753-48e9-bae0-13e4d5bec9a8', 'acc6d625-849b-4c1c-890a-f2e5d07f8027', 18, '2023-04-24'),
('250f997e-a9ac-4ff5-a7c1-33447b33777f', 'acc6d625-849b-4c1c-890a-f2e5d07f8027', 58, '2023-05-21'),
('25597a64-5f4f-4b05-957c-d172841cec5f', 'acc6d625-849b-4c1c-890a-f2e5d07f8027', 43, '2023-03-09'),
('255c22ce-075b-4713-be9a-e9e7aedc859a', 'acc6d625-849b-4c1c-890a-f2e5d07f8027', 48, '2023-08-25'),
('259e91fe-2523-4d63-83e8-bc144d40c5fd', 'acc6d625-849b-4c1c-890a-f2e5d07f8027', 19, '2023-07-03'),
('25baa42d-9a6e-4f24-a934-df10ea28313d', 'acc6d625-849b-4c1c-890a-f2e5d07f8027', 29, '2023-01-12'),
('25c3bdc0-d0c1-458a-8061-d87db8148b07', 'acc6d625-849b-4c1c-890a-f2e5d07f8027', 31, '2023-02-12'),
('262282e6-f833-4c05-a708-ad032cd1d262', 'acc6d625-849b-4c1c-890a-f2e5d07f8027', 36, '2023-03-26'),
('26433956-c624-46d6-9b72-9d94e644f72f', 'acc6d625-849b-4c1c-890a-f2e5d07f8027', 2, '2023-09-09'),
('264d00ce-0be8-41ab-ade1-0b9f41747d1b', 'acc6d625-849b-4c1c-890a-f2e5d07f8027', 49, '2023-01-30'),
('266d77f9-5502-48e1-ad97-16502a6c78a1', 'acc6d625-849b-4c1c-890a-f2e5d07f8027', 24, '2023-03-02'),
('26ec90bb-7383-463b-882b-f9d885766ab2', 'acc6d625-849b-4c1c-890a-f2e5d07f8027', 19, '2023-05-30'),
('27109abc-8fef-4881-88a0-0174ef0e346e', 'acc6d625-849b-4c1c-890a-f2e5d07f8027', 27, '2023-05-16'),
('27bd8ac2-0e06-4d6a-b0b0-4f389ed980e8', 'acc6d625-849b-4c1c-890a-f2e5d07f8027', 19, '2023-04-27'),
('27c73488-f019-43ea-ac7d-433873a52725', 'acc6d625-849b-4c1c-890a-f2e5d07f8027', 38, '2023-03-25'),
('28155eaa-d912-4c31-982f-f93be299611c', 'acc6d625-849b-4c1c-890a-f2e5d07f8027', 18, '2023-09-09'),
('28434188-a1f5-41a6-ab79-cdb8559df479', 'acc6d625-849b-4c1c-890a-f2e5d07f8027', 13, '2023-08-06'),
('28744839-2224-44ee-9c1c-024949ff5791', 'acc6d625-849b-4c1c-890a-f2e5d07f8027', 14, '2023-02-18'),
('28e4f8bb-9773-4344-a120-ff9eb4260b19', 'acc6d625-849b-4c1c-890a-f2e5d07f8027', 57, '2023-05-11'),
('292c7278-ba0d-43ca-a28b-68b521741290', 'acc6d625-849b-4c1c-890a-f2e5d07f8027', 48, '2023-03-28'),
('292d464b-0a64-49eb-86e8-b80c358dabba', 'acc6d625-849b-4c1c-890a-f2e5d07f8027', 58, '2023-09-23'),
('292e89e3-1413-48c1-8e98-90d072f6bdd0', 'acc6d625-849b-4c1c-890a-f2e5d07f8027', 58, '2023-07-29'),
('2958ccc4-cc9b-4ed3-9d8d-fbc97d67c2e8', 'acc6d625-849b-4c1c-890a-f2e5d07f8027', 18, '2023-02-28'),
('297cc89f-95f2-4e78-b991-b327fd7b77da', 'acc6d625-849b-4c1c-890a-f2e5d07f8027', 19, '2023-07-09'),
('29902351-3a1c-420d-8f57-ef8e216d16e6', 'acc6d625-849b-4c1c-890a-f2e5d07f8027', 26, '2023-04-22'),
('29bef1ad-3c60-4724-a6e2-82cd493c547a', 'acc6d625-849b-4c1c-890a-f2e5d07f8027', 7, '2023-07-10'),
('29c9b1f8-70b8-4e82-b0b0-d0c53e2f54dd', 'acc6d625-849b-4c1c-890a-f2e5d07f8027', 60, '2023-05-12'),
('2a15028d-9e98-4bde-9707-a0883a14b910', 'acc6d625-849b-4c1c-890a-f2e5d07f8027', 46, '2023-08-30'),
('2a184b03-6bc4-47ee-a5b0-9bf65da88a74', 'acc6d625-849b-4c1c-890a-f2e5d07f8027', 53, '2023-09-20'),
('2a5bcd90-d162-42a6-af5c-120733b1b437', 'acc6d625-849b-4c1c-890a-f2e5d07f8027', 12, '2023-03-12'),
('2a8c90e2-4120-446e-a932-97f965913ed7', 'acc6d625-849b-4c1c-890a-f2e5d07f8027', 12, '2023-06-15'),
('2a8d03eb-07c4-49ed-aff0-4cf4cbf01510', 'acc6d625-849b-4c1c-890a-f2e5d07f8027', 49, '2023-09-05'),
('2a8d8d6a-aecd-4839-9d1e-7d11d8b38326', 'acc6d625-849b-4c1c-890a-f2e5d07f8027', 6, '2023-07-16'),
('2ad52ef8-66e1-45c3-8813-55b7c320dc21', 'acc6d625-849b-4c1c-890a-f2e5d07f8027', 39, '2023-07-12'),
('2ae0e442-91b2-4861-ba83-b02b67470a4f', 'acc6d625-849b-4c1c-890a-f2e5d07f8027', 4, '2023-01-07'),
('2afdb0ee-c96a-4f9c-9e82-95057137a5e4', 'acc6d625-849b-4c1c-890a-f2e5d07f8027', 25, '2023-06-01'),
('2b0a44d5-b997-4ed6-a8f8-afabccaf6286', 'acc6d625-849b-4c1c-890a-f2e5d07f8027', 19, '2023-07-31'),
('2b63103e-b289-4015-9f2c-be2833960ad5', 'acc6d625-849b-4c1c-890a-f2e5d07f8027', 37, '2023-02-19'),
('2b89bfd9-fe88-4eac-b6f4-59ef021152d0', 'acc6d625-849b-4c1c-890a-f2e5d07f8027', 29, '2023-01-05'),
('2b96eb11-8e92-422f-bb87-42444726ce2a', 'acc6d625-849b-4c1c-890a-f2e5d07f8027', 55, '2023-04-03'),
('2b9c9271-71ec-4897-99a8-0e470930431a', 'acc6d625-849b-4c1c-890a-f2e5d07f8027', 33, '2023-02-07'),
('2bdea09b-5c75-4b19-832e-8cd6fb86c9b7', 'acc6d625-849b-4c1c-890a-f2e5d07f8027', 55, '2023-04-25'),
('2c8aa86d-453e-4314-84e8-9117ed7f7029', 'acc6d625-849b-4c1c-890a-f2e5d07f8027', 36, '2023-07-28'),
('2cf12576-6554-4a48-83a2-83bc2c31a527', 'acc6d625-849b-4c1c-890a-f2e5d07f8027', 2, '2023-07-29'),
('2d1e15a8-b992-42ea-9725-d8e1257dfbc2', 'acc6d625-849b-4c1c-890a-f2e5d07f8027', 32, '2023-03-22'),
('2d594230-92eb-425c-a30c-fe0a38119132', 'acc6d625-849b-4c1c-890a-f2e5d07f8027', 12, '2023-07-20'),
('2d64d62a-8e33-4980-9e0e-3c2af9a798b4', 'acc6d625-849b-4c1c-890a-f2e5d07f8027', 22, '2023-09-14'),
('2d718103-9628-45ab-a7b0-3b7304990e81', 'acc6d625-849b-4c1c-890a-f2e5d07f8027', 45, '2023-04-22'),
('2d89ad77-7512-4af5-870a-44f24dc993eb', 'acc6d625-849b-4c1c-890a-f2e5d07f8027', 21, '2023-05-28'),
('2d96d21d-6721-4700-b183-348ee807dba9', 'acc6d625-849b-4c1c-890a-f2e5d07f8027', 45, '2023-08-12'),
('2db1eb26-dc17-47ad-add5-3d493b08024f', 'acc6d625-849b-4c1c-890a-f2e5d07f8027', 32, '2023-05-24'),
('2e2361ad-caa6-4296-8f90-8c0b7fca2448', 'acc6d625-849b-4c1c-890a-f2e5d07f8027', 41, '2023-09-04'),
('2e249691-499f-4f83-91fd-98b30e51a9f6', 'acc6d625-849b-4c1c-890a-f2e5d07f8027', 17, '2023-06-08'),
('2e38f26e-f089-4b5f-8bd6-945dc2be1649', 'acc6d625-849b-4c1c-890a-f2e5d07f8027', 19, '2023-05-31'),
('2e718ea5-87d3-456c-9ce9-2b94fd8b6b0d', 'acc6d625-849b-4c1c-890a-f2e5d07f8027', 47, '2023-09-13'),
('2e884d72-b09b-4b74-b322-d2bd5c5fc2e6', 'acc6d625-849b-4c1c-890a-f2e5d07f8027', 44, '2023-07-03'),
('2eb85b49-67aa-44c9-9490-55331622787f', 'acc6d625-849b-4c1c-890a-f2e5d07f8027', 5, '2023-06-15'),
('2f02f5d1-3cce-4f09-85d0-266740d017be', 'acc6d625-849b-4c1c-890a-f2e5d07f8027', 34, '2023-06-11'),
('2f51b73e-61a2-47df-9e3d-37ab7ac3cdc2', 'acc6d625-849b-4c1c-890a-f2e5d07f8027', 54, '2023-09-10'),
('2f5fcfe5-7a80-4dc6-aa08-67057275d95b', 'acc6d625-849b-4c1c-890a-f2e5d07f8027', 19, '2023-05-20'),
('2fbbe823-25dc-450b-8d73-76bc68e37992', 'acc6d625-849b-4c1c-890a-f2e5d07f8027', 2, '2023-06-22'),
('2ff6374e-029c-4ce3-b0d2-1021573097de', 'acc6d625-849b-4c1c-890a-f2e5d07f8027', 48, '2023-08-28'),
('300b2798-c406-4ad5-aca7-9ed7168bae12', 'acc6d625-849b-4c1c-890a-f2e5d07f8027', 46, '2023-01-13'),
('3023bb0f-ac56-499c-9da9-9bdb3f5f0ee5', 'acc6d625-849b-4c1c-890a-f2e5d07f8027', 36, '2023-09-16'),
('304b8415-64fa-4e6c-bc88-db7badff2cec', 'acc6d625-849b-4c1c-890a-f2e5d07f8027', 12, '2023-06-06'),
('30564ba3-013c-4b26-85b6-b915ac929f8b', 'acc6d625-849b-4c1c-890a-f2e5d07f8027', 20, '2023-03-21'),
('307d686e-3d9b-49ba-a936-683b3795387c', 'acc6d625-849b-4c1c-890a-f2e5d07f8027', 29, '2023-07-30'),
('3081f382-147d-4b35-abc8-4a3e82ff9a57', 'acc6d625-849b-4c1c-890a-f2e5d07f8027', 8, '2023-02-16'),
('3083eacc-3e2d-4f2c-9d76-7b08c299f7d7', 'acc6d625-849b-4c1c-890a-f2e5d07f8027', 17, '2023-05-07'),
('3086212f-c012-45af-a9a7-4bede4aa46b0', 'acc6d625-849b-4c1c-890a-f2e5d07f8027', 2, '2023-04-12'),
('308e9767-f72a-4f9d-a401-ca444d38a772', 'acc6d625-849b-4c1c-890a-f2e5d07f8027', 54, '2023-05-17'),
('30cc5777-3ef5-4d6e-b280-47b83c46694a', 'acc6d625-849b-4c1c-890a-f2e5d07f8027', 46, '2023-05-06'),
('30d11c87-357d-4359-b567-23df0cf457d1', 'acc6d625-849b-4c1c-890a-f2e5d07f8027', 43, '2023-09-29'),
('30e063e8-c236-43a2-bf00-d98088e13950', 'acc6d625-849b-4c1c-890a-f2e5d07f8027', 55, '2023-03-05'),
('30e4d19a-a3f6-4bfc-950a-d97265f85c2e', 'acc6d625-849b-4c1c-890a-f2e5d07f8027', 58, '2023-05-26'),
('30e56a6b-a3df-40d2-ab23-a1c95f2d6d24', 'acc6d625-849b-4c1c-890a-f2e5d07f8027', 49, '2023-03-21'),
('30ebaa8e-9eff-44dd-9892-3c190df65e83', 'acc6d625-849b-4c1c-890a-f2e5d07f8027', 17, '2023-02-23'),
('31114870-6401-45c7-806c-58059f3eaf53', 'acc6d625-849b-4c1c-890a-f2e5d07f8027', 3, '2023-01-15'),
('312b145e-8763-42f9-8cbf-dcb5e25f1b17', 'acc6d625-849b-4c1c-890a-f2e5d07f8027', 54, '2023-04-09'),
('3186dd2f-ba3e-4a20-a0b8-e5a487a39e52', 'acc6d625-849b-4c1c-890a-f2e5d07f8027', 26, '2023-09-29'),
('31895a69-1442-4f08-9d94-edfcc9264c8c', 'acc6d625-849b-4c1c-890a-f2e5d07f8027', 28, '2023-09-03'),
('319420a6-d6f2-4cec-8ba6-7bab91cd63b1', 'acc6d625-849b-4c1c-890a-f2e5d07f8027', 12, '2023-08-04'),
('31aa03c5-06fb-4238-8a35-fcc9cedccf8d', 'acc6d625-849b-4c1c-890a-f2e5d07f8027', 23, '2023-05-24'),
('321fd705-f32d-47ab-9a8d-082d276b53b2', 'acc6d625-849b-4c1c-890a-f2e5d07f8027', 41, '2023-05-28'),
('32206a44-802e-4187-ab23-112caeb3bd53', 'acc6d625-849b-4c1c-890a-f2e5d07f8027', 52, '2023-03-20'),
('32424359-a8fc-4fcf-bae0-80e5054f0d8f', 'acc6d625-849b-4c1c-890a-f2e5d07f8027', 51, '2023-01-22'),
('324619cd-407b-4ad1-9de8-37cbb53de661', 'acc6d625-849b-4c1c-890a-f2e5d07f8027', 46, '2023-04-02'),
('324fee3d-3e2b-4d59-af27-9da7095cf5a3', 'acc6d625-849b-4c1c-890a-f2e5d07f8027', 37, '2023-07-30'),
('327730c5-2aa8-4ca9-9a8d-73370fe57d40', 'acc6d625-849b-4c1c-890a-f2e5d07f8027', 4, '2023-08-22'),
('32c3049c-ed0f-4af2-b26b-47e343ffe855', 'acc6d625-849b-4c1c-890a-f2e5d07f8027', 21, '2023-01-04'),
('32d023cd-624b-406e-a5b0-c50afb578365', 'acc6d625-849b-4c1c-890a-f2e5d07f8027', 41, '2023-07-29'),
('32f16d9a-9674-43dd-b54f-f10045c308d4', 'acc6d625-849b-4c1c-890a-f2e5d07f8027', 59, '2023-04-01'),
('330ca37e-1eb8-49c5-afcb-d3b28fad1962', 'acc6d625-849b-4c1c-890a-f2e5d07f8027', 27, '2023-06-11'),
('330fab6e-f0cd-41ea-97de-49b891fd66bf', 'acc6d625-849b-4c1c-890a-f2e5d07f8027', 8, '2023-07-23'),
('33593cd3-9f4d-45fa-83fb-752dae08ec17', 'acc6d625-849b-4c1c-890a-f2e5d07f8027', 2, '2023-04-19'),
('336e74e6-2dfe-4bae-a88b-15c8e770d534', 'acc6d625-849b-4c1c-890a-f2e5d07f8027', 18, '2023-07-26'),
('33741a15-24c7-4d80-8d20-a1d9c8d4a054', 'acc6d625-849b-4c1c-890a-f2e5d07f8027', 6, '2023-05-13'),
('33d5e3cb-c8c8-4b43-bee1-9f2fb71780c9', 'acc6d625-849b-4c1c-890a-f2e5d07f8027', 50, '2023-06-03'),
('34387581-2299-4292-a20e-5d2cb765217e', '1234567890', 3, '2023-08-23'),
('343a70da-4117-43bd-8f9e-fa41f417f38c', 'acc6d625-849b-4c1c-890a-f2e5d07f8027', 21, '2023-01-09'),
('345642e6-c2d3-44a7-a244-679baf3b7941', 'acc6d625-849b-4c1c-890a-f2e5d07f8027', 41, '2023-03-08'),
('34c4b033-7000-4756-81a1-d2be2c26db32', 'acc6d625-849b-4c1c-890a-f2e5d07f8027', 14, '2023-02-01'),
('34ef76ea-afb4-4648-ace4-731fb9308cf3', 'acc6d625-849b-4c1c-890a-f2e5d07f8027', 40, '2023-09-04'),
('350978e0-465e-4547-b2f5-1dc867dde6b5', 'acc6d625-849b-4c1c-890a-f2e5d07f8027', 39, '2023-08-29'),
('350e9cbb-2984-4201-98c7-45609fbb7d0e', 'acc6d625-849b-4c1c-890a-f2e5d07f8027', 32, '2023-09-19'),
('35281b19-5d12-4d38-8aa9-ed9f088acea1', 'acc6d625-849b-4c1c-890a-f2e5d07f8027', 46, '2023-08-13'),
('353f8c44-6bca-4bb9-860e-7bd09963059e', 'acc6d625-849b-4c1c-890a-f2e5d07f8027', 16, '2023-08-30'),
('356a469a-ce17-48f0-ac52-b08ef7f6942f', 'acc6d625-849b-4c1c-890a-f2e5d07f8027', 17, '2023-02-16'),
('3593f6b6-bb5b-468a-9262-6f91293bc6c4', 'acc6d625-849b-4c1c-890a-f2e5d07f8027', 32, '2023-06-11'),
('35a4ee05-8b85-49a4-a31a-940ae7b855dd', 'acc6d625-849b-4c1c-890a-f2e5d07f8027', 8, '2023-05-14'),
('35e8d41d-8412-46da-a627-b2f763b8551e', 'acc6d625-849b-4c1c-890a-f2e5d07f8027', 54, '2023-02-03'),
('35eff93a-0960-4ce1-96f6-de3b0b174235', 'acc6d625-849b-4c1c-890a-f2e5d07f8027', 60, '2023-02-22'),
('35ffe365-5fe1-4fde-a5c8-1a6df01d4ff8', 'acc6d625-849b-4c1c-890a-f2e5d07f8027', 13, '2023-01-01'),
('36183367-5621-44a5-82b8-9268e9e919f3', 'acc6d625-849b-4c1c-890a-f2e5d07f8027', 36, '2023-05-11'),
('3660c672-2517-4f91-b423-8cbcfd44e0b1', 'acc6d625-849b-4c1c-890a-f2e5d07f8027', 40, '2023-06-08'),
('3663a4f3-e7d3-483c-803c-4745881882e4', 'acc6d625-849b-4c1c-890a-f2e5d07f8027', 30, '2023-08-15'),
('36734b60-1b0e-427e-a6a5-9876c1bcea80', 'acc6d625-849b-4c1c-890a-f2e5d07f8027', 54, '2023-01-22'),
('367bc005-856f-4285-b0d5-1336bb8d621e', 'acc6d625-849b-4c1c-890a-f2e5d07f8027', 44, '2023-05-29'),
('37bd4077-53fd-4f20-8b93-46285d08889c', 'acc6d625-849b-4c1c-890a-f2e5d07f8027', 35, '2023-09-03'),
('37d532bd-291e-4ff9-94be-07a8a6c5ceb8', 'acc6d625-849b-4c1c-890a-f2e5d07f8027', 13, '2023-03-18'),
('380d2202-3ace-447a-992b-7bf1a9385711', 'acc6d625-849b-4c1c-890a-f2e5d07f8027', 30, '2023-07-12'),
('382b3c60-fbaf-4b66-a8cf-b23049fcbd91', 'acc6d625-849b-4c1c-890a-f2e5d07f8027', 44, '2023-05-14'),
('3847af35-e5f5-4b80-9053-d9ad36e4b0a0', 'acc6d625-849b-4c1c-890a-f2e5d07f8027', 25, '2023-08-22'),
('386b93f2-08b4-4b95-98a0-cbe9395d1614', 'acc6d625-849b-4c1c-890a-f2e5d07f8027', 51, '2023-08-11'),
('38d97dcb-a774-4b04-b6bb-42f8dc20b88b', 'acc6d625-849b-4c1c-890a-f2e5d07f8027', 15, '2023-04-16'),
('3907dd0f-610d-4812-9c81-3520dd675db7', 'acc6d625-849b-4c1c-890a-f2e5d07f8027', 42, '2023-05-25'),
('3919fd72-728c-4241-b576-5937deb17241', 'acc6d625-849b-4c1c-890a-f2e5d07f8027', 32, '2023-08-02'),
('3924573e-ca5d-491a-aee0-1d31672c3e77', 'acc6d625-849b-4c1c-890a-f2e5d07f8027', 50, '2023-04-25'),
('39396bfc-393c-43ae-8af2-f83b8abcd81f', 'acc6d625-849b-4c1c-890a-f2e5d07f8027', 25, '2023-08-22'),
('395ae4aa-7ba6-46c9-9207-379b3865d559', 'acc6d625-849b-4c1c-890a-f2e5d07f8027', 6, '2023-02-23'),
('395b122c-3503-439e-a9ec-7a2e6d955396', 'acc6d625-849b-4c1c-890a-f2e5d07f8027', 42, '2023-02-20'),
('395b7c77-ac8f-4e09-9cd5-9c2996874798', 'acc6d625-849b-4c1c-890a-f2e5d07f8027', 15, '2023-09-18'),
('39648454-7d31-46c8-bdfc-f35aedc6d021', 'acc6d625-849b-4c1c-890a-f2e5d07f8027', 2, '2023-07-19'),
('397fff03-5eb5-44f4-89ee-80338018bf0f', 'acc6d625-849b-4c1c-890a-f2e5d07f8027', 35, '2023-07-15'),
('39ceb7a1-3d17-4ad8-a383-71fade3f7fc5', 'acc6d625-849b-4c1c-890a-f2e5d07f8027', 50, '2023-05-09'),
('39edba45-2472-4293-a3a2-22374f1975f6', 'acc6d625-849b-4c1c-890a-f2e5d07f8027', 33, '2023-05-17'),
('3a0defd7-16f5-487e-b177-47d22d4ccd97', 'acc6d625-849b-4c1c-890a-f2e5d07f8027', 7, '2023-09-19'),
('3a5c8525-9c6b-4abc-a1f4-b001222f561e', 'acc6d625-849b-4c1c-890a-f2e5d07f8027', 44, '2023-02-13'),
('3a5ff129-981b-49db-8bb2-78678337757d', 'acc6d625-849b-4c1c-890a-f2e5d07f8027', 18, '2023-02-20'),
('3ac3f422-d1ab-47e7-a478-79e0a05f3cd6', 'acc6d625-849b-4c1c-890a-f2e5d07f8027', 18, '2023-09-06'),
('3af65ebd-6662-4f2c-8b0e-58fd3787a50f', 'acc6d625-849b-4c1c-890a-f2e5d07f8027', 59, '2023-04-28'),
('3b1f2898-9f51-4ff1-a48b-d550fbec95bf', 'acc6d625-849b-4c1c-890a-f2e5d07f8027', 41, '2023-06-22'),
('3b4d9d1e-fbd6-4b5c-a3b2-27bd8bac74fe', 'acc6d625-849b-4c1c-890a-f2e5d07f8027', 56, '2023-01-25'),
('3b5b80e6-a86a-4d4f-96ba-bea775ca47d3', 'acc6d625-849b-4c1c-890a-f2e5d07f8027', 32, '2023-07-25'),
('3b9f317a-4598-4e37-9759-d63e6d1f6181', 'acc6d625-849b-4c1c-890a-f2e5d07f8027', 10, '2023-03-24'),
('3bab3c70-78ad-470b-ad2a-c2f56bad7235', 'acc6d625-849b-4c1c-890a-f2e5d07f8027', 41, '2023-08-10'),
('3ccc5dde-e23b-47ec-a010-581bc8945a8b', 'acc6d625-849b-4c1c-890a-f2e5d07f8027', 58, '2023-05-19'),
('3cdb1b96-3aac-4d0e-9f5e-679411810b37', 'acc6d625-849b-4c1c-890a-f2e5d07f8027', 22, '2023-01-29'),
('3ce96ac9-3ed6-43f1-b0aa-9e1603484c53', 'acc6d625-849b-4c1c-890a-f2e5d07f8027', 30, '2023-04-08'),
('3cfc960c-6da5-4982-a33e-da4d4f14818c', 'acc6d625-849b-4c1c-890a-f2e5d07f8027', 14, '2023-08-30'),
('3d2d7982-fc11-4aca-991b-c33a1ae34783', 'acc6d625-849b-4c1c-890a-f2e5d07f8027', 59, '2023-03-19'),
('3d68fb4a-9183-40a8-89cb-815165ce7e71', 'acc6d625-849b-4c1c-890a-f2e5d07f8027', 23, '2023-02-04'),
('3d834d67-8f09-48e4-ad6f-9c34600ca974', 'acc6d625-849b-4c1c-890a-f2e5d07f8027', 48, '2023-09-13'),
('3d9d2b72-1879-4faf-b8de-034bd0cca960', 'acc6d625-849b-4c1c-890a-f2e5d07f8027', 41, '2023-06-02'),
('3da4fe18-1ab3-4ac8-a171-d3f41f64a3d0', 'acc6d625-849b-4c1c-890a-f2e5d07f8027', 1, '2023-09-30'),
('3dc2d2c3-23ae-44e5-a218-3521cfc6d23d', 'acc6d625-849b-4c1c-890a-f2e5d07f8027', 23, '2023-05-21'),
('3e20617e-8b00-46e7-9051-32441d316c6d', 'acc6d625-849b-4c1c-890a-f2e5d07f8027', 53, '2023-03-04'),
('3e5ba4c6-9eb9-4d66-b27f-03931437a876', 'acc6d625-849b-4c1c-890a-f2e5d07f8027', 32, '2023-02-17'),
('3e730c46-5974-4e00-a59c-cbea8f8b4356', 'acc6d625-849b-4c1c-890a-f2e5d07f8027', 54, '2023-04-24'),
('3e8b402f-c532-4702-969b-424008e7b416', 'acc6d625-849b-4c1c-890a-f2e5d07f8027', 37, '2023-02-25'),
('3eea4019-c129-45b5-b580-1e94bd9bcddb', 'acc6d625-849b-4c1c-890a-f2e5d07f8027', 56, '2023-04-15'),
('3f1259b5-eb67-42c4-b58a-2530fd1ad9a7', 'acc6d625-849b-4c1c-890a-f2e5d07f8027', 48, '2023-09-22'),
('3f1ebf94-eb06-42ca-8d13-5faec99f7abb', 'acc6d625-849b-4c1c-890a-f2e5d07f8027', 7, '2023-03-25'),
('3f4d3146-66fe-496c-b24e-c90c2dde17f3', 'acc6d625-849b-4c1c-890a-f2e5d07f8027', 16, '2023-05-25'),
('3f504de6-9ae6-4fbd-b88b-d2528fec2e9b', 'acc6d625-849b-4c1c-890a-f2e5d07f8027', 57, '2023-02-23'),
('3f753b59-3b88-4daa-b309-668dd8375a9b', 'acc6d625-849b-4c1c-890a-f2e5d07f8027', 21, '2023-09-14'),
('3f91392a-0756-4b60-b849-cdd87401414b', 'acc6d625-849b-4c1c-890a-f2e5d07f8027', 59, '2023-06-28'),
('3fb4c7de-5400-401c-89b4-f4251780b8e4', 'acc6d625-849b-4c1c-890a-f2e5d07f8027', 12, '2023-01-05'),
('3fb6255b-16e6-4fa9-a32c-ec2930cd3771', 'acc6d625-849b-4c1c-890a-f2e5d07f8027', 3, '2023-05-13'),
('3ff4cb47-b20d-4fb3-a25a-0dfe5abb98ba', 'acc6d625-849b-4c1c-890a-f2e5d07f8027', 26, '2023-03-10'),
('3ffeb97c-c7da-484e-bef4-dca425ec0363', 'acc6d625-849b-4c1c-890a-f2e5d07f8027', 18, '2023-03-16'),
('40250bb8-0d9e-4546-9d8b-355c542b2ee8', 'acc6d625-849b-4c1c-890a-f2e5d07f8027', 6, '2023-03-10'),
('404c8f07-8bbf-4ad4-9cc6-5b243dd01670', 'acc6d625-849b-4c1c-890a-f2e5d07f8027', 14, '2023-01-15'),
('404fc123-0e9a-42d2-ac5c-a3960d789b7a', 'acc6d625-849b-4c1c-890a-f2e5d07f8027', 4, '2023-05-15'),
('4063c8d3-ff53-4860-9e66-e1b68e42ab0c', 'acc6d625-849b-4c1c-890a-f2e5d07f8027', 18, '2023-09-23'),
('407ba16b-d044-4015-89e2-857324b598ac', 'acc6d625-849b-4c1c-890a-f2e5d07f8027', 5, '2023-02-19'),
('40afb331-e0c9-4ff5-9c97-9d5f4106ad26', 'acc6d625-849b-4c1c-890a-f2e5d07f8027', 20, '2023-02-10'),
('40bd3baa-7c04-433b-9d73-7fb6fb95c564', 'acc6d625-849b-4c1c-890a-f2e5d07f8027', 36, '2023-06-12'),
('411dcd10-8ba0-4227-9ee7-97b4d5958150', 'acc6d625-849b-4c1c-890a-f2e5d07f8027', 5, '2023-04-22'),
('41dbe24b-e96a-4113-97bb-a98b6ca918e9', 'acc6d625-849b-4c1c-890a-f2e5d07f8027', 56, '2023-07-27'),
('41ddcd93-d7a5-4e2f-8949-cd670c10129b', 'acc6d625-849b-4c1c-890a-f2e5d07f8027', 25, '2023-08-30'),
('41f3b665-a93d-45a7-aac7-0d6a77be8dfb', 'acc6d625-849b-4c1c-890a-f2e5d07f8027', 17, '2023-05-08'),
('4244c646-821e-46e7-9869-0ccfe08d360d', 'acc6d625-849b-4c1c-890a-f2e5d07f8027', 17, '2023-01-18'),
('433faafb-0416-4f09-a9ea-47481d8bfb59', 'acc6d625-849b-4c1c-890a-f2e5d07f8027', 48, '2023-08-21'),
('4345c8e4-05bb-4a83-ac37-9bd8f0a91dea', 'acc6d625-849b-4c1c-890a-f2e5d07f8027', 11, '2023-07-18'),
('43b9f0ed-98e9-4508-b266-54a02531f165', 'acc6d625-849b-4c1c-890a-f2e5d07f8027', 37, '2023-06-21'),
('43c1e17d-fb1a-4e51-8a8a-d1c26febb1d2', 'acc6d625-849b-4c1c-890a-f2e5d07f8027', 49, '2023-04-04'),
('43d7420d-d39e-4b91-820e-ff27d3056e06', 'acc6d625-849b-4c1c-890a-f2e5d07f8027', 7, '2023-07-09'),
('43dfda9e-46ba-4560-97ed-b0acedcb55df', 'acc6d625-849b-4c1c-890a-f2e5d07f8027', 48, '2023-03-08'),
('4440948f-5c55-4355-8b4d-5c44367a8499', 'acc6d625-849b-4c1c-890a-f2e5d07f8027', 51, '2023-08-20'),
('4456ca3c-6856-4e5e-b7a8-54cb6963fc6a', 'acc6d625-849b-4c1c-890a-f2e5d07f8027', 48, '2023-04-18'),
('4466a31e-52fc-43ec-8719-dc8c8d262a71', 'acc6d625-849b-4c1c-890a-f2e5d07f8027', 49, '2023-03-20'),
('4480538f-6578-454c-b1d0-f24b6c2f2940', 'acc6d625-849b-4c1c-890a-f2e5d07f8027', 5, '2023-08-10'),
('44ba5eb3-ffcb-47af-bfb3-8990bd202e28', 'acc6d625-849b-4c1c-890a-f2e5d07f8027', 13, '2023-03-10'),
('44be00cc-a8e1-437f-99fb-19111ab6555e', 'acc6d625-849b-4c1c-890a-f2e5d07f8027', 17, '2023-06-12'),
('44c45839-9ff2-4541-bef6-8294f7edb117', 'acc6d625-849b-4c1c-890a-f2e5d07f8027', 37, '2023-01-02'),
('44cff94a-5e64-4c2d-9642-2340b2519dae', 'acc6d625-849b-4c1c-890a-f2e5d07f8027', 36, '2023-08-04'),
('4507f80b-7051-40f5-bb63-5eca69ca05e3', 'acc6d625-849b-4c1c-890a-f2e5d07f8027', 56, '2023-05-13'),
('452f3055-e2f0-4d46-a4b0-7f8ecc1ac3df', 'acc6d625-849b-4c1c-890a-f2e5d07f8027', 34, '2023-03-13'),
('45782ce4-4936-4c87-a413-d769aec09c08', 'acc6d625-849b-4c1c-890a-f2e5d07f8027', 60, '2023-03-31'),
('45c663ec-298a-4828-a641-e40197c8335e', 'acc6d625-849b-4c1c-890a-f2e5d07f8027', 24, '2023-07-23'),
('45e9899b-d50a-491f-a679-148b0153ecd8', 'acc6d625-849b-4c1c-890a-f2e5d07f8027', 17, '2023-03-27'),
('461c3d68-9535-4701-b391-ed06ebcf389f', 'acc6d625-849b-4c1c-890a-f2e5d07f8027', 5, '2023-08-12'),
('465425c4-05aa-4d40-9e54-b5a52b87942e', 'acc6d625-849b-4c1c-890a-f2e5d07f8027', 21, '2023-01-14'),
('469234be-b0ff-4e6c-ad82-1f07d63f93db', 'acc6d625-849b-4c1c-890a-f2e5d07f8027', 49, '2023-06-28'),
('46a0c695-d9c6-476e-8c2c-5dff16bc305f', 'acc6d625-849b-4c1c-890a-f2e5d07f8027', 30, '2023-03-07'),
('46c93fd1-81b2-4ce8-9290-f784e505765f', 'acc6d625-849b-4c1c-890a-f2e5d07f8027', 1, '2023-08-29'),
('46d5b24d-b437-47ea-880a-f75b15244bfe', 'acc6d625-849b-4c1c-890a-f2e5d07f8027', 55, '2023-04-27'),
('47145dfe-2e28-4428-8445-09a9fde756a7', 'acc6d625-849b-4c1c-890a-f2e5d07f8027', 14, '2023-03-27'),
('47434aeb-3524-4561-8148-b32342903761', 'acc6d625-849b-4c1c-890a-f2e5d07f8027', 47, '2023-01-22'),
('47b7863b-bce5-4aa3-9a72-98b72663f1ba', 'acc6d625-849b-4c1c-890a-f2e5d07f8027', 35, '2023-03-25'),
('47ee26c3-3f0f-42d0-a3ad-bcf5f8442097', 'acc6d625-849b-4c1c-890a-f2e5d07f8027', 52, '2023-08-26'),
('47f0766a-e808-4ec7-ab9f-5dd24923969f', 'acc6d625-849b-4c1c-890a-f2e5d07f8027', 41, '2023-09-04'),
('4804c3fb-8245-433f-927c-fd2adacb9525', 'acc6d625-849b-4c1c-890a-f2e5d07f8027', 60, '2023-07-06'),
('48c0d3b1-5f9a-4d82-a919-44ededa5c7a0', 'acc6d625-849b-4c1c-890a-f2e5d07f8027', 3, '2023-08-31'),
('48ca12e3-0421-4cd6-b67f-c33abf793bb3', 'acc6d625-849b-4c1c-890a-f2e5d07f8027', 2, '2023-03-15'),
('48d472d4-d6ea-4b9f-9424-57e2438c2e78', 'acc6d625-849b-4c1c-890a-f2e5d07f8027', 4, '2023-09-06'),
('48e061bf-ee76-4184-a529-7b65af6e8c0d', 'acc6d625-849b-4c1c-890a-f2e5d07f8027', 50, '2023-01-06'),
('48f18c1e-8807-4dfb-a977-710a8f8fd32d', 'acc6d625-849b-4c1c-890a-f2e5d07f8027', 9, '2023-08-01'),
('490c27ae-45e2-4b18-9ca3-9c155ac86d93', 'acc6d625-849b-4c1c-890a-f2e5d07f8027', 7, '2023-04-02'),
('4917c110-bb53-477e-8b4c-d0eae2873f83', 'acc6d625-849b-4c1c-890a-f2e5d07f8027', 13, '2023-09-27'),
('492105c0-dc60-42b2-ba19-a90d54b0d089', 'acc6d625-849b-4c1c-890a-f2e5d07f8027', 13, '2023-02-12'),
('4968522a-28e4-45ad-a727-2f6cf2592b84', 'acc6d625-849b-4c1c-890a-f2e5d07f8027', 12, '2023-06-10'),
('49a214b7-5ba2-4cdb-b467-3642199f3b31', 'acc6d625-849b-4c1c-890a-f2e5d07f8027', 54, '2023-06-05'),
('49acdf78-1031-44b8-9dc2-ff6d29ff0b93', 'acc6d625-849b-4c1c-890a-f2e5d07f8027', 52, '2023-03-24'),
('49cd8ea9-4647-4468-be40-b2e5473e5c4a', 'acc6d625-849b-4c1c-890a-f2e5d07f8027', 11, '2023-06-02'),
('49d3191f-dd42-4026-a300-1a6d5dea6366', 'acc6d625-849b-4c1c-890a-f2e5d07f8027', 18, '2023-05-23'),
('49d8ee56-a4e7-4bff-b264-de5d2edc3e47', 'acc6d625-849b-4c1c-890a-f2e5d07f8027', 3, '2023-07-22'),
('49e3e0cb-2f54-4975-82be-7cece513ac82', 'acc6d625-849b-4c1c-890a-f2e5d07f8027', 33, '2023-01-16'),
('49f9efc1-eb5e-495d-976b-3e1064adcb57', 'acc6d625-849b-4c1c-890a-f2e5d07f8027', 28, '2023-09-04'),
('4a023418-31f2-4aa8-8fac-beb4967a9d4b', 'acc6d625-849b-4c1c-890a-f2e5d07f8027', 25, '2023-04-30'),
('4a2b86a6-f4eb-4d4b-b9ac-6548c4a47616', 'acc6d625-849b-4c1c-890a-f2e5d07f8027', 2, '2023-03-16'),
('4a2feb6e-cfe7-4cd4-97c0-9d259a5be84e', 'acc6d625-849b-4c1c-890a-f2e5d07f8027', 56, '2023-07-02'),
('4a5232fb-f586-49a3-94b8-3d0e8c6c5252', 'acc6d625-849b-4c1c-890a-f2e5d07f8027', 16, '2023-08-16'),
('4a746f4c-2282-4dd0-b37a-856e8c6df3da', 'acc6d625-849b-4c1c-890a-f2e5d07f8027', 56, '2023-06-01'),
('4a7e60df-d213-4caa-8050-0df6d3938f28', 'acc6d625-849b-4c1c-890a-f2e5d07f8027', 29, '2023-05-25'),
('4ac16a21-2ed9-4c98-8a48-249308c5ae9f', 'acc6d625-849b-4c1c-890a-f2e5d07f8027', 47, '2023-04-21'),
('4b1fbe20-dc14-4631-a8ea-f64c36b54b54', 'acc6d625-849b-4c1c-890a-f2e5d07f8027', 47, '2023-07-16'),
('4b404b0d-614e-4e28-aac5-61cf040f7cb7', 'acc6d625-849b-4c1c-890a-f2e5d07f8027', 49, '2023-01-15'),
('4b532629-ed5c-4155-9c0e-187317b10d58', 'acc6d625-849b-4c1c-890a-f2e5d07f8027', 43, '2023-04-08'),
('4b6fb930-cd48-48fc-8e91-b1b0d3abc07d', 'acc6d625-849b-4c1c-890a-f2e5d07f8027', 9, '2023-01-06'),
('4b8bfeba-2304-4161-8e2e-877f9dfa23b0', 'acc6d625-849b-4c1c-890a-f2e5d07f8027', 29, '2023-03-26'),
('4bbf9096-41b6-4789-bddd-6270e61f93de', 'acc6d625-849b-4c1c-890a-f2e5d07f8027', 3, '2023-08-13'),
('4c08b957-65ca-486d-81aa-554fac452c5a', 'acc6d625-849b-4c1c-890a-f2e5d07f8027', 51, '2023-09-08'),
('4c343f69-0ffd-4c01-a814-e9722cb5afef', 'acc6d625-849b-4c1c-890a-f2e5d07f8027', 57, '2023-09-16'),
('4c40f4a0-27e8-412c-a879-007fbf1f22d6', 'acc6d625-849b-4c1c-890a-f2e5d07f8027', 26, '2023-05-27'),
('4c486e39-779a-463a-a912-e465f8a3fb6e', 'acc6d625-849b-4c1c-890a-f2e5d07f8027', 24, '2023-01-07'),
('4c61da1e-b7fe-46df-af84-4e0e74d095dd', 'acc6d625-849b-4c1c-890a-f2e5d07f8027', 3, '2023-03-31'),
('4cdfe127-c309-4c21-8cb6-6f095224654e', 'acc6d625-849b-4c1c-890a-f2e5d07f8027', 31, '2023-07-22'),
('4cf49f7e-9a8d-4df0-902f-7acbd7045732', 'acc6d625-849b-4c1c-890a-f2e5d07f8027', 27, '2023-08-21'),
('4d542596-8f0c-4205-b453-c5aa5c9710f7', 'acc6d625-849b-4c1c-890a-f2e5d07f8027', 16, '2023-05-16'),
('4d548a20-a52f-43bc-b7ac-2241b091ec91', 'acc6d625-849b-4c1c-890a-f2e5d07f8027', 59, '2023-09-15'),
('4da7787c-920d-40a2-8cdd-197cf2e8f340', 'acc6d625-849b-4c1c-890a-f2e5d07f8027', 24, '2023-07-06'),
('4dcf2269-48bb-4a9a-8482-c4d96184dbf1', 'acc6d625-849b-4c1c-890a-f2e5d07f8027', 5, '2023-03-09'),
('4ddb501c-49e2-416b-877c-6b2ebc90e015', 'acc6d625-849b-4c1c-890a-f2e5d07f8027', 45, '2023-05-22'),
('4df2cfa9-6be3-4ea1-b8b3-00291f37666f', 'acc6d625-849b-4c1c-890a-f2e5d07f8027', 42, '2023-03-29'),
('4df6d21e-a1ce-474b-ba01-280c9ecd1231', 'acc6d625-849b-4c1c-890a-f2e5d07f8027', 32, '2023-01-13'),
('4dfcf20b-070a-488b-ad2c-47e371022f8f', 'acc6d625-849b-4c1c-890a-f2e5d07f8027', 41, '2023-08-06'),
('4e363b4e-cfda-4817-a115-22bc62460735', 'acc6d625-849b-4c1c-890a-f2e5d07f8027', 41, '2023-06-29'),
('4e37913b-7a2b-48c5-a127-f30af9de9629', 'acc6d625-849b-4c1c-890a-f2e5d07f8027', 24, '2023-03-04'),
('4e6b9650-279c-47d7-ad8e-29eb9afb9804', 'acc6d625-849b-4c1c-890a-f2e5d07f8027', 22, '2023-04-29'),
('4e70d2f5-d18d-441d-828a-41e484bb4c80', 'acc6d625-849b-4c1c-890a-f2e5d07f8027', 56, '2023-04-01'),
('4e8d31c9-f23e-4b39-85e2-d8f3208f78b2', 'acc6d625-849b-4c1c-890a-f2e5d07f8027', 20, '2023-01-31'),
('4ec9bf40-25f2-4eff-8c90-a90f3edbef0b', 'acc6d625-849b-4c1c-890a-f2e5d07f8027', 36, '2023-07-26'),
('4f9ff617-ef3b-4c51-b41a-1f67eed357b8', 'acc6d625-849b-4c1c-890a-f2e5d07f8027', 14, '2023-08-28'),
('4fb0d9e8-24db-46f4-bbff-853809124f80', 'acc6d625-849b-4c1c-890a-f2e5d07f8027', 54, '2023-09-06'),
('4fb1133b-4716-4c73-b0e7-2e2764e46cba', 'acc6d625-849b-4c1c-890a-f2e5d07f8027', 30, '2023-05-01'),
('4fcb61cf-89c8-443c-ad3f-1af15706d061', 'acc6d625-849b-4c1c-890a-f2e5d07f8027', 7, '2023-01-09'),
('4fdefdf0-1bd8-47b4-8e29-38685218be0c', 'acc6d625-849b-4c1c-890a-f2e5d07f8027', 59, '2023-04-24'),
('4fe8255d-b22a-4388-a031-f37ad4172482', 'acc6d625-849b-4c1c-890a-f2e5d07f8027', 41, '2023-05-09');
INSERT INTO `food_record` (`RecordID`, `MemberID`, `FoodID`, `Date`) VALUES
('50215cca-e987-41e2-963a-cff158722774', 'acc6d625-849b-4c1c-890a-f2e5d07f8027', 43, '2023-08-29'),
('5025195f-b7a9-46b3-9a4b-4dd54f4e130c', 'acc6d625-849b-4c1c-890a-f2e5d07f8027', 44, '2023-06-12'),
('5039e4f3-816b-49f0-a0ba-e1b323231f9b', 'acc6d625-849b-4c1c-890a-f2e5d07f8027', 21, '2023-08-28'),
('50518c7c-4159-47f0-a54b-82f85c5db067', 'acc6d625-849b-4c1c-890a-f2e5d07f8027', 31, '2023-03-06'),
('5056ce50-88f3-477f-a462-bde134ca5b44', 'acc6d625-849b-4c1c-890a-f2e5d07f8027', 18, '2023-04-04'),
('5094b432-9a2b-40a8-9345-c05e3f25003e', 'acc6d625-849b-4c1c-890a-f2e5d07f8027', 55, '2023-07-19'),
('50b1abd9-28f6-493c-8b64-33d943df58ea', 'acc6d625-849b-4c1c-890a-f2e5d07f8027', 26, '2023-09-25'),
('50b5e616-2eb8-447a-ac32-6b7880e69fdc', 'acc6d625-849b-4c1c-890a-f2e5d07f8027', 43, '2023-04-09'),
('512acd59-4364-4dc6-879e-e56944748201', 'acc6d625-849b-4c1c-890a-f2e5d07f8027', 56, '2023-03-14'),
('513a6fe5-b0cd-49d4-94f2-b4bb5037dd57', 'acc6d625-849b-4c1c-890a-f2e5d07f8027', 21, '2023-05-18'),
('51c0d60f-b48f-4cb5-88ac-b011712c98a2', 'acc6d625-849b-4c1c-890a-f2e5d07f8027', 57, '2023-06-17'),
('51e24126-dfa0-469a-b9ce-472eae65fa8c', 'acc6d625-849b-4c1c-890a-f2e5d07f8027', 14, '2023-08-11'),
('51ed9c46-529d-42dc-9686-f94266fa065a', 'acc6d625-849b-4c1c-890a-f2e5d07f8027', 56, '2023-06-14'),
('52511343-512d-4602-bba7-d7ff03ee0cec', 'acc6d625-849b-4c1c-890a-f2e5d07f8027', 31, '2023-05-06'),
('526d582d-7e71-46fb-8cfc-e3b3d76a4146', 'acc6d625-849b-4c1c-890a-f2e5d07f8027', 11, '2023-09-12'),
('52f1a58b-02e0-401c-9e04-850f87278dcb', 'acc6d625-849b-4c1c-890a-f2e5d07f8027', 46, '2023-04-06'),
('5319f795-5aa7-422c-9e4c-b63f93cfe9b3', 'acc6d625-849b-4c1c-890a-f2e5d07f8027', 18, '2023-07-13'),
('53adff35-3687-41a1-a2a6-b445d939fae6', 'acc6d625-849b-4c1c-890a-f2e5d07f8027', 46, '2023-08-09'),
('53d57258-3b2c-4173-b2f7-98ca607b35a3', 'acc6d625-849b-4c1c-890a-f2e5d07f8027', 5, '2023-04-14'),
('543aae30-d3c3-4af0-b251-a0f5415e149f', 'acc6d625-849b-4c1c-890a-f2e5d07f8027', 31, '2023-08-20'),
('5452671d-a9fe-4ce7-b1f3-a484402ee53f', 'acc6d625-849b-4c1c-890a-f2e5d07f8027', 20, '2023-09-18'),
('545443d2-02a3-4fc1-a509-df69925b4c3d', 'acc6d625-849b-4c1c-890a-f2e5d07f8027', 50, '2023-06-14'),
('547e585c-5133-469d-af49-a7ff0a14806e', 'acc6d625-849b-4c1c-890a-f2e5d07f8027', 26, '2023-08-14'),
('54dd3ec2-f8cd-4b9c-94ae-dbb5b1ab035e', 'acc6d625-849b-4c1c-890a-f2e5d07f8027', 22, '2023-05-30'),
('551e1c4f-2ee3-47b7-be28-0858448c9cf1', 'acc6d625-849b-4c1c-890a-f2e5d07f8027', 21, '2023-02-11'),
('556df9ad-bc02-41f9-9bbf-b5afa3a1817d', 'acc6d625-849b-4c1c-890a-f2e5d07f8027', 5, '2023-07-03'),
('559ce049-49e2-4f19-8909-e765eecde5d1', 'acc6d625-849b-4c1c-890a-f2e5d07f8027', 57, '2023-06-23'),
('55db884f-50b7-4bc3-b5d4-2edf04736225', 'acc6d625-849b-4c1c-890a-f2e5d07f8027', 22, '2023-09-22'),
('55f660dc-aee2-4252-bb80-5e264294bbb6', 'acc6d625-849b-4c1c-890a-f2e5d07f8027', 22, '2023-08-19'),
('56545555-8f86-427b-a9ab-c687d7cab262', 'acc6d625-849b-4c1c-890a-f2e5d07f8027', 48, '2023-02-13'),
('56693c4f-d424-4880-b883-044ccce6d007', 'acc6d625-849b-4c1c-890a-f2e5d07f8027', 11, '2023-07-26'),
('5683b9a7-aab9-45ce-8f92-6d96fcfad953', 'acc6d625-849b-4c1c-890a-f2e5d07f8027', 48, '2023-01-01'),
('56bee1bf-d4d1-40f0-8c48-c70bcc023016', 'acc6d625-849b-4c1c-890a-f2e5d07f8027', 41, '2023-04-08'),
('56d50ccd-4623-4c00-83df-05de9700edf3', 'acc6d625-849b-4c1c-890a-f2e5d07f8027', 32, '2023-02-08'),
('56ef2461-e8ab-496a-b826-aabdf142fd95', 'acc6d625-849b-4c1c-890a-f2e5d07f8027', 5, '2023-03-29'),
('56f24ab1-553d-4e1f-aabd-e28c33b2eef0', 'acc6d625-849b-4c1c-890a-f2e5d07f8027', 50, '2023-02-28'),
('572d85c0-62b2-4344-b80b-dff482e2c7af', 'acc6d625-849b-4c1c-890a-f2e5d07f8027', 57, '2023-07-02'),
('57381e8a-c755-4cac-bacf-8c9bf1fa9a84', 'acc6d625-849b-4c1c-890a-f2e5d07f8027', 13, '2023-08-27'),
('57582790-7809-479f-b5f7-f47173f9d423', 'acc6d625-849b-4c1c-890a-f2e5d07f8027', 38, '2023-07-15'),
('57d44563-8450-4d3c-b7f0-e0ba40402589', 'acc6d625-849b-4c1c-890a-f2e5d07f8027', 18, '2023-04-28'),
('57e16f89-87fb-41e3-817d-cbba6dfb9e26', 'acc6d625-849b-4c1c-890a-f2e5d07f8027', 55, '2023-04-23'),
('5825bb2c-7087-4687-b2c6-41c5897703be', 'acc6d625-849b-4c1c-890a-f2e5d07f8027', 40, '2023-04-03'),
('583d8294-e9a0-4a52-88cb-4155a9633fa7', 'acc6d625-849b-4c1c-890a-f2e5d07f8027', 47, '2023-04-11'),
('5864398d-b0e3-48a5-98d3-61d3c3d5cccc', 'acc6d625-849b-4c1c-890a-f2e5d07f8027', 6, '2023-01-11'),
('586bd243-787a-4535-8a7d-50c58c15d52f', 'acc6d625-849b-4c1c-890a-f2e5d07f8027', 38, '2023-02-09'),
('58925c7a-ecec-47a6-ae5d-7f993ac1eb56', 'acc6d625-849b-4c1c-890a-f2e5d07f8027', 31, '2023-07-25'),
('58ee4171-8381-4626-8847-da0fcba2b11e', 'acc6d625-849b-4c1c-890a-f2e5d07f8027', 24, '2023-06-08'),
('590226cf-1ba1-4a02-a78b-61c42a9c76c0', 'acc6d625-849b-4c1c-890a-f2e5d07f8027', 23, '2023-05-07'),
('5949c12f-4fb5-4c28-a2d5-edeb5542be74', 'acc6d625-849b-4c1c-890a-f2e5d07f8027', 11, '2023-08-31'),
('597baba6-31c7-4093-acc3-018537e60824', 'acc6d625-849b-4c1c-890a-f2e5d07f8027', 20, '2023-03-18'),
('598f7b1d-45e8-4c49-baee-d75402634b31', 'acc6d625-849b-4c1c-890a-f2e5d07f8027', 17, '2023-05-02'),
('59c0926b-d4c7-4c42-bf2b-43a47d633f19', 'acc6d625-849b-4c1c-890a-f2e5d07f8027', 58, '2023-02-16'),
('5aad745a-d51e-4d1e-8e3d-b6858fafa7c3', 'acc6d625-849b-4c1c-890a-f2e5d07f8027', 44, '2023-02-02'),
('5ae96f6a-94b0-4a6a-8faa-3c2eab3183ec', 'acc6d625-849b-4c1c-890a-f2e5d07f8027', 22, '2023-01-17'),
('5af7ce5d-2c37-41b2-8aff-f5dec1f0d6bb', 'acc6d625-849b-4c1c-890a-f2e5d07f8027', 47, '2023-06-05'),
('5b04bb39-f81f-496d-b171-91f6ef5ad3cc', 'acc6d625-849b-4c1c-890a-f2e5d07f8027', 48, '2023-02-09'),
('5b06c988-6a7c-49f7-b5d0-746790f25565', 'acc6d625-849b-4c1c-890a-f2e5d07f8027', 43, '2023-01-02'),
('5b26e6ec-c74f-4381-aab2-eef4791d7bd0', 'acc6d625-849b-4c1c-890a-f2e5d07f8027', 31, '2023-02-14'),
('5b3444e2-11b8-4057-a276-c79ad38714dc', 'acc6d625-849b-4c1c-890a-f2e5d07f8027', 24, '2023-08-19'),
('5b5f91d9-766a-4f11-badb-37b1a7da1f7f', 'acc6d625-849b-4c1c-890a-f2e5d07f8027', 14, '2023-08-17'),
('5b823fae-449e-43f6-ba05-b17d4231b3c5', 'acc6d625-849b-4c1c-890a-f2e5d07f8027', 17, '2023-08-07'),
('5bcaab61-2858-46a8-8ec8-ba08a66ff9ea', 'acc6d625-849b-4c1c-890a-f2e5d07f8027', 6, '2023-09-30'),
('5bda0a95-d625-4d5e-874c-62ff99cc4ef6', 'acc6d625-849b-4c1c-890a-f2e5d07f8027', 34, '2023-07-15'),
('5c19e160-4cd9-4c68-b457-fe10ec6a33ca', 'acc6d625-849b-4c1c-890a-f2e5d07f8027', 41, '2023-05-09'),
('5c53c4e8-23c3-404b-8876-cc51d5340973', 'acc6d625-849b-4c1c-890a-f2e5d07f8027', 4, '2023-04-23'),
('5c8dab40-e704-4363-954c-a05fa5fce284', 'acc6d625-849b-4c1c-890a-f2e5d07f8027', 22, '2023-06-21'),
('5cb728fc-0de9-4830-b845-e7c822de6600', 'acc6d625-849b-4c1c-890a-f2e5d07f8027', 28, '2023-01-16'),
('5cdb3242-302f-4a3b-b3ee-e5b6286fe988', 'acc6d625-849b-4c1c-890a-f2e5d07f8027', 19, '2023-04-01'),
('5cde9899-f72c-4d8e-849d-ae97325d17c2', 'acc6d625-849b-4c1c-890a-f2e5d07f8027', 13, '2023-02-10'),
('5cffd2f9-7d62-41e2-bfc2-1b5a8213804c', 'acc6d625-849b-4c1c-890a-f2e5d07f8027', 50, '2023-04-06'),
('5d122dcb-ac39-4135-859c-eba60bc73fd1', 'acc6d625-849b-4c1c-890a-f2e5d07f8027', 39, '2023-05-07'),
('5d6c7186-f158-465b-a53b-680f06bcbe42', 'acc6d625-849b-4c1c-890a-f2e5d07f8027', 43, '2023-07-23'),
('5d7eefbb-4586-40b9-abcd-28a310e34fda', 'acc6d625-849b-4c1c-890a-f2e5d07f8027', 28, '2023-05-26'),
('5d9cd4b5-3113-4671-bf45-1771579f3596', 'acc6d625-849b-4c1c-890a-f2e5d07f8027', 13, '2023-07-18'),
('5da9c355-2cb1-4f2e-8d43-177c1c1c2c9b', 'acc6d625-849b-4c1c-890a-f2e5d07f8027', 35, '2023-07-18'),
('5de6bf93-2647-41a5-8b42-a28699021e3a', 'acc6d625-849b-4c1c-890a-f2e5d07f8027', 54, '2023-08-21'),
('5e0c8490-badf-4c57-bebc-29c03e9fb948', 'acc6d625-849b-4c1c-890a-f2e5d07f8027', 54, '2023-05-01'),
('5e40042a-dfce-469e-8ab2-b89025da7683', 'acc6d625-849b-4c1c-890a-f2e5d07f8027', 16, '2023-06-20'),
('5e755263-87a9-49f3-bd68-c114e5604e3e', 'acc6d625-849b-4c1c-890a-f2e5d07f8027', 32, '2023-03-01'),
('5ec6e05f-e6c9-49bc-bfdd-bb58d9b23774', 'acc6d625-849b-4c1c-890a-f2e5d07f8027', 28, '2023-01-05'),
('5edbb650-46e9-483e-a12e-c1749d1ea51b', 'acc6d625-849b-4c1c-890a-f2e5d07f8027', 17, '2023-03-15'),
('5ee0b2d8-364a-4709-87c6-1cb00f8bff74', 'acc6d625-849b-4c1c-890a-f2e5d07f8027', 17, '2023-08-21'),
('5f21a00f-5bd3-4c04-b436-d725cac6d2aa', 'acc6d625-849b-4c1c-890a-f2e5d07f8027', 21, '2023-07-25'),
('5f8b9dba-d584-4187-a466-5efc0fce0818', 'acc6d625-849b-4c1c-890a-f2e5d07f8027', 54, '2023-04-12'),
('5faad315-fb58-4029-9251-4bb49ff48994', 'acc6d625-849b-4c1c-890a-f2e5d07f8027', 8, '2023-06-22'),
('6007904c-13dd-426b-b71c-405e6262a0b6', 'acc6d625-849b-4c1c-890a-f2e5d07f8027', 46, '2023-04-28'),
('603b2dee-6683-4cd7-b1af-cae6cc284000', 'acc6d625-849b-4c1c-890a-f2e5d07f8027', 34, '2023-04-22'),
('6045ea44-83c2-4c5b-aa94-076cd8b17937', 'acc6d625-849b-4c1c-890a-f2e5d07f8027', 48, '2023-09-01'),
('6047c7c2-ae2d-4392-99a8-d0677810e4ed', 'acc6d625-849b-4c1c-890a-f2e5d07f8027', 57, '2023-05-04'),
('607b5cf2-8f47-4377-892a-44c53a131d28', 'acc6d625-849b-4c1c-890a-f2e5d07f8027', 31, '2023-08-16'),
('60ad8eac-790f-426a-87d1-3117370a6551', 'acc6d625-849b-4c1c-890a-f2e5d07f8027', 49, '2023-08-12'),
('61049e62-75c3-468c-9a97-256cedd9c4f0', 'acc6d625-849b-4c1c-890a-f2e5d07f8027', 49, '2023-07-10'),
('6122add6-f2b8-48b7-8c05-7bf9843d99db', 'acc6d625-849b-4c1c-890a-f2e5d07f8027', 27, '2023-01-09'),
('612cd5c7-a7ae-47b7-b623-99d2d9f6b914', 'acc6d625-849b-4c1c-890a-f2e5d07f8027', 28, '2023-04-13'),
('612e1921-9d80-412a-85f6-b33048b5d247', 'acc6d625-849b-4c1c-890a-f2e5d07f8027', 45, '2023-03-11'),
('6153dfbd-bde4-4d23-829d-bec277679f00', 'acc6d625-849b-4c1c-890a-f2e5d07f8027', 5, '2023-09-20'),
('617e0b05-7dbb-4675-9973-4534aee83497', 'acc6d625-849b-4c1c-890a-f2e5d07f8027', 32, '2023-07-17'),
('619eb565-5c78-4f2f-945b-6a78d110cc68', 'acc6d625-849b-4c1c-890a-f2e5d07f8027', 43, '2023-09-29'),
('61f5d3f1-f4aa-4fc4-be3d-e08b8b67d944', 'acc6d625-849b-4c1c-890a-f2e5d07f8027', 52, '2023-04-07'),
('6219fc89-7c83-409b-8605-dffc55cf844d', 'acc6d625-849b-4c1c-890a-f2e5d07f8027', 42, '2023-02-12'),
('6230ddce-92db-4eba-aecc-3ae44a47d626', 'acc6d625-849b-4c1c-890a-f2e5d07f8027', 54, '2023-04-08'),
('6281114f-db9f-4800-9337-3f8abe1950e6', 'acc6d625-849b-4c1c-890a-f2e5d07f8027', 13, '2023-03-03'),
('62aba46b-9d0b-4131-9de5-de68245af222', 'acc6d625-849b-4c1c-890a-f2e5d07f8027', 16, '2023-09-07'),
('62ac4f76-e550-48d8-9210-eab003d36c8e', 'acc6d625-849b-4c1c-890a-f2e5d07f8027', 60, '2023-02-26'),
('62d82fc2-4d47-48b7-af85-02fb5f6ccc2b', 'acc6d625-849b-4c1c-890a-f2e5d07f8027', 48, '2023-03-08'),
('6316bb62-7768-4a5f-b31d-f2757b315af2', 'acc6d625-849b-4c1c-890a-f2e5d07f8027', 32, '2023-05-10'),
('631d3b91-11b2-4edd-855a-6bddb11ceb4f', 'acc6d625-849b-4c1c-890a-f2e5d07f8027', 6, '2023-06-07'),
('63264ef5-b871-4f8c-b442-bb53c398a012', 'acc6d625-849b-4c1c-890a-f2e5d07f8027', 1, '2023-03-03'),
('63e70419-dc3a-4d90-8826-76f5626a2b66', 'acc6d625-849b-4c1c-890a-f2e5d07f8027', 34, '2023-07-28'),
('63ebefd3-fe9e-4a0c-8f2f-6f6edd4eebdb', 'acc6d625-849b-4c1c-890a-f2e5d07f8027', 7, '2023-02-25'),
('646d6707-08d2-45c9-8e45-1accdf25f59c', 'acc6d625-849b-4c1c-890a-f2e5d07f8027', 46, '2023-09-15'),
('648c6148-7c55-49f6-b965-e873b0a88745', 'acc6d625-849b-4c1c-890a-f2e5d07f8027', 22, '2023-05-02'),
('64a2a657-34b4-4e49-b6e6-2b0d0e8c4042', 'acc6d625-849b-4c1c-890a-f2e5d07f8027', 19, '2023-07-20'),
('64b393c0-58c6-4873-8e72-103f792ae76f', 'acc6d625-849b-4c1c-890a-f2e5d07f8027', 58, '2023-06-13'),
('64f4be1a-93a4-4faf-abec-9cd536cfbd0e', 'acc6d625-849b-4c1c-890a-f2e5d07f8027', 41, '2023-03-19'),
('6519ded4-3ebc-4f2d-b958-bd4f103cf579', 'acc6d625-849b-4c1c-890a-f2e5d07f8027', 31, '2023-01-10'),
('6555191d-2abd-4bc4-9267-1cb829a0ef44', 'acc6d625-849b-4c1c-890a-f2e5d07f8027', 39, '2023-05-08'),
('656e74e3-9ed0-4f35-8453-9319999220ec', 'acc6d625-849b-4c1c-890a-f2e5d07f8027', 40, '2023-06-21'),
('65731ade-04cb-4943-a722-d8fe3e98f87e', 'acc6d625-849b-4c1c-890a-f2e5d07f8027', 38, '2023-06-29'),
('65a54776-960d-4088-8036-114ced2b23ad', 'acc6d625-849b-4c1c-890a-f2e5d07f8027', 25, '2023-08-19'),
('65c893f7-2c81-4e80-95f0-579738314771', 'acc6d625-849b-4c1c-890a-f2e5d07f8027', 15, '2023-07-19'),
('65eda407-4e29-4310-a763-a86cb81d4e40', 'acc6d625-849b-4c1c-890a-f2e5d07f8027', 25, '2023-01-03'),
('65f47418-7e7c-4a86-b194-d325bbc7afce', 'acc6d625-849b-4c1c-890a-f2e5d07f8027', 10, '2023-02-07'),
('65f990af-61f5-4cbb-92d6-9d1b56b22d45', 'acc6d625-849b-4c1c-890a-f2e5d07f8027', 6, '2023-05-20'),
('6634ae7b-9154-4e68-8006-3d8b7002ba35', 'acc6d625-849b-4c1c-890a-f2e5d07f8027', 8, '2023-01-31'),
('663a591a-4016-4213-b551-fbccead30d27', 'acc6d625-849b-4c1c-890a-f2e5d07f8027', 30, '2023-06-07'),
('664a3d28-735e-449d-a6bf-3d9f2c5a78a9', 'acc6d625-849b-4c1c-890a-f2e5d07f8027', 32, '2023-07-06'),
('666dca0c-701d-470c-818e-7a9f909081d0', 'acc6d625-849b-4c1c-890a-f2e5d07f8027', 28, '2023-05-24'),
('66988fdc-89b1-4a1f-94d5-00213f7bf474', 'acc6d625-849b-4c1c-890a-f2e5d07f8027', 28, '2023-02-01'),
('66a7ed39-3956-4549-bb58-8a8686a939de', 'acc6d625-849b-4c1c-890a-f2e5d07f8027', 23, '2023-03-25'),
('66b768cd-64bc-42eb-95ab-de009dc97652', 'acc6d625-849b-4c1c-890a-f2e5d07f8027', 32, '2023-05-27'),
('66bd9448-d2d8-4767-8ec3-96e79d795b42', 'acc6d625-849b-4c1c-890a-f2e5d07f8027', 60, '2023-03-07'),
('66f7dec0-ca99-4fb7-b4e9-25885a370e37', 'acc6d625-849b-4c1c-890a-f2e5d07f8027', 37, '2023-01-24'),
('66fc5300-9db7-411c-b795-7ed40a453f9a', 'acc6d625-849b-4c1c-890a-f2e5d07f8027', 23, '2023-01-24'),
('670a5d64-1255-40ca-b9fc-38cb86847fde', 'acc6d625-849b-4c1c-890a-f2e5d07f8027', 42, '2023-05-06'),
('67131060-b776-452a-b47c-50caa2a18088', 'acc6d625-849b-4c1c-890a-f2e5d07f8027', 56, '2023-07-09'),
('674c474f-28bb-4b85-bda1-67079ab66e84', 'acc6d625-849b-4c1c-890a-f2e5d07f8027', 29, '2023-04-05'),
('67509bec-81c9-4ea6-bd68-20c5875f655a', 'acc6d625-849b-4c1c-890a-f2e5d07f8027', 31, '2023-09-30'),
('67dfbd73-c688-4cb8-b52a-07984bcad47c', 'acc6d625-849b-4c1c-890a-f2e5d07f8027', 2, '2023-03-22'),
('67fff604-4248-4242-96cb-740623d7ac78', 'acc6d625-849b-4c1c-890a-f2e5d07f8027', 28, '2023-06-05'),
('690fa875-3f8d-44ce-82be-ee23a987f19c', 'acc6d625-849b-4c1c-890a-f2e5d07f8027', 3, '2023-09-29'),
('6949832a-ceab-4f64-8e58-ace9c41b0896', 'acc6d625-849b-4c1c-890a-f2e5d07f8027', 26, '2023-03-26'),
('6978e646-fe55-48aa-af41-fba8771dc7bf', 'acc6d625-849b-4c1c-890a-f2e5d07f8027', 60, '2023-08-20'),
('69ad89cb-2a3f-4e99-af64-8505a139e312', 'acc6d625-849b-4c1c-890a-f2e5d07f8027', 40, '2023-05-18'),
('69f48bab-e8bb-46d5-8e77-4edb767e10a6', 'acc6d625-849b-4c1c-890a-f2e5d07f8027', 39, '2023-06-14'),
('6a008873-54ed-4461-9f51-b20df0abdab9', 'acc6d625-849b-4c1c-890a-f2e5d07f8027', 58, '2023-06-14'),
('6a555d47-17c3-4ec6-a300-59c8a659b705', 'acc6d625-849b-4c1c-890a-f2e5d07f8027', 39, '2023-02-19'),
('6a820ab7-02fe-43b5-b5c8-a85eed1a935b', 'acc6d625-849b-4c1c-890a-f2e5d07f8027', 46, '2023-08-07'),
('6a82b38e-faaf-4990-b1c6-df8ba5e1f159', 'acc6d625-849b-4c1c-890a-f2e5d07f8027', 17, '2023-09-03'),
('6ad9b3ff-200d-42f1-b533-d4ab30067ab0', 'acc6d625-849b-4c1c-890a-f2e5d07f8027', 32, '2023-02-18'),
('6b16db79-f512-44c9-b2d8-7a20081c48d3', 'acc6d625-849b-4c1c-890a-f2e5d07f8027', 56, '2023-01-17'),
('6b63e7f3-c838-49c9-a851-bc8212d9e05d', 'acc6d625-849b-4c1c-890a-f2e5d07f8027', 16, '2023-06-11'),
('6b696b56-60e3-4529-8756-dd47bad5f1dc', 'acc6d625-849b-4c1c-890a-f2e5d07f8027', 29, '2023-02-12'),
('6bbee32e-8eef-4d32-8e2f-cc2f858b9a5c', 'acc6d625-849b-4c1c-890a-f2e5d07f8027', 48, '2023-09-04'),
('6bc8c193-9a40-45da-b2f7-2f6cd491f677', 'acc6d625-849b-4c1c-890a-f2e5d07f8027', 15, '2023-02-08'),
('6bcd207f-f4c4-446c-99ef-07e3c219aeca', 'acc6d625-849b-4c1c-890a-f2e5d07f8027', 17, '2023-02-23'),
('6bfc8c8c-08b2-4482-81ec-70d2d78836df', 'acc6d625-849b-4c1c-890a-f2e5d07f8027', 38, '2023-03-22'),
('6c176986-015a-43ce-a891-0618634cc263', 'acc6d625-849b-4c1c-890a-f2e5d07f8027', 4, '2023-02-21'),
('6c4917c9-1ed8-4992-99fe-9f1bc79a1f57', 'acc6d625-849b-4c1c-890a-f2e5d07f8027', 39, '2023-03-11'),
('6c4afbb0-6a4d-471b-af4c-1184ddb6f2da', 'acc6d625-849b-4c1c-890a-f2e5d07f8027', 20, '2023-06-02'),
('6c5186aa-55d1-4150-8466-953220b84c18', 'acc6d625-849b-4c1c-890a-f2e5d07f8027', 58, '2023-04-04'),
('6c51ad41-e4f6-4021-ab52-95071bb628e4', 'acc6d625-849b-4c1c-890a-f2e5d07f8027', 38, '2023-05-16'),
('6c55a89a-0606-494e-aaa6-f4ab5b152a16', 'acc6d625-849b-4c1c-890a-f2e5d07f8027', 15, '2023-07-17'),
('6c7181d4-c39f-4e26-9f22-30f5ec1706aa', 'acc6d625-849b-4c1c-890a-f2e5d07f8027', 40, '2023-06-19'),
('6c91b221-d0c3-433b-a6ec-9ae0489b334e', 'acc6d625-849b-4c1c-890a-f2e5d07f8027', 4, '2023-01-28'),
('6c9e3971-06d6-4554-a1d6-da9ea9eb0596', 'acc6d625-849b-4c1c-890a-f2e5d07f8027', 2, '2023-03-29'),
('6ce348c9-e8bd-4fda-9d41-f6343f73a9df', 'acc6d625-849b-4c1c-890a-f2e5d07f8027', 25, '2023-03-22'),
('6ce6dac0-8a80-474f-9346-56125a28e9be', 'acc6d625-849b-4c1c-890a-f2e5d07f8027', 36, '2023-07-01'),
('6cf10d7e-380e-451c-866d-8ad9f621c678', 'acc6d625-849b-4c1c-890a-f2e5d07f8027', 58, '2023-03-25'),
('6cffcad3-34f0-45d3-b858-a07dabc1e8ef', 'acc6d625-849b-4c1c-890a-f2e5d07f8027', 52, '2023-01-11'),
('6d137503-b11b-49c3-a129-98303f4b2d22', 'acc6d625-849b-4c1c-890a-f2e5d07f8027', 47, '2023-02-08'),
('6d7e8754-956a-44c9-be1a-8b2a18b761b4', 'acc6d625-849b-4c1c-890a-f2e5d07f8027', 30, '2023-06-30'),
('6dbc1656-097b-4f57-813f-26d84e939e0d', 'acc6d625-849b-4c1c-890a-f2e5d07f8027', 50, '2023-02-10'),
('6df9715e-b2cf-4a8b-b5d6-83b954a6c072', 'acc6d625-849b-4c1c-890a-f2e5d07f8027', 42, '2023-06-02'),
('6dff4c39-1124-41ae-b367-64551f805707', 'acc6d625-849b-4c1c-890a-f2e5d07f8027', 22, '2023-06-22'),
('6e175858-0f6e-4a07-a7ce-b03789c1c9e6', 'acc6d625-849b-4c1c-890a-f2e5d07f8027', 6, '2023-09-02'),
('6e3f8d98-0b69-41b0-b0fb-17cd8578375a', 'acc6d625-849b-4c1c-890a-f2e5d07f8027', 42, '2023-04-25'),
('6e75f151-e66c-43d4-a6a0-4a9f8e4fe040', 'acc6d625-849b-4c1c-890a-f2e5d07f8027', 46, '2023-09-18'),
('6ea3332b-d5bf-4ee3-a399-76766be99dcd', 'acc6d625-849b-4c1c-890a-f2e5d07f8027', 34, '2023-04-14'),
('6eac07e1-040d-4b71-934d-13d6ca860a7e', 'acc6d625-849b-4c1c-890a-f2e5d07f8027', 56, '2023-09-24'),
('6eb31524-6778-4397-86bf-fdd051d88a8c', 'acc6d625-849b-4c1c-890a-f2e5d07f8027', 18, '2023-02-05'),
('6ee715f0-f229-4587-9451-5c2bf092b10e', 'acc6d625-849b-4c1c-890a-f2e5d07f8027', 42, '2023-09-12'),
('6ee835ed-dee9-4457-81a1-d8774bb297cc', 'acc6d625-849b-4c1c-890a-f2e5d07f8027', 35, '2023-06-05'),
('6efba677-2238-49f6-8281-ce76e2938e77', 'acc6d625-849b-4c1c-890a-f2e5d07f8027', 17, '2023-01-30'),
('6f3398b8-b539-49c5-af88-95e0116fd6d9', 'acc6d625-849b-4c1c-890a-f2e5d07f8027', 48, '2023-03-31'),
('6f414ae6-af4e-4ace-b3b5-cc7a2685ec54', 'acc6d625-849b-4c1c-890a-f2e5d07f8027', 53, '2023-09-02'),
('6f5e32ba-e84f-4f48-8014-d4179f7dc3a7', 'acc6d625-849b-4c1c-890a-f2e5d07f8027', 7, '2023-05-11'),
('6f81b13f-f11e-4b0f-b31b-ea3175c2d74c', 'acc6d625-849b-4c1c-890a-f2e5d07f8027', 7, '2023-08-26'),
('6fbc5c4e-3998-4ac2-8d08-022c6982951a', 'acc6d625-849b-4c1c-890a-f2e5d07f8027', 26, '2023-06-07'),
('6fd81092-b28a-4863-b251-7ae8ad57086c', 'acc6d625-849b-4c1c-890a-f2e5d07f8027', 40, '2023-05-04'),
('6ff0e1bc-e557-4048-b381-db78f55776fd', 'acc6d625-849b-4c1c-890a-f2e5d07f8027', 9, '2023-08-08'),
('6ff30680-f53a-43a3-9f55-0d139fda950f', 'acc6d625-849b-4c1c-890a-f2e5d07f8027', 36, '2023-02-27'),
('6ff5865a-3acb-4960-8891-6c0b759c4b4f', 'acc6d625-849b-4c1c-890a-f2e5d07f8027', 4, '2023-09-21'),
('700bc4d1-be38-4804-8360-b13b69dfbfd1', 'acc6d625-849b-4c1c-890a-f2e5d07f8027', 53, '2023-02-06'),
('701384ac-3a02-497c-ad9b-2dc7045d0bc2', 'acc6d625-849b-4c1c-890a-f2e5d07f8027', 45, '2023-07-14'),
('7025e81b-4710-43c1-a7b8-1a07bccd30e7', 'acc6d625-849b-4c1c-890a-f2e5d07f8027', 14, '2023-06-06'),
('70458a7e-f41b-4cfd-8e31-3aca6ab95796', 'acc6d625-849b-4c1c-890a-f2e5d07f8027', 44, '2023-06-17'),
('706cd68e-a416-4ba5-a601-d96277ca6ba7', 'acc6d625-849b-4c1c-890a-f2e5d07f8027', 2, '2023-01-07'),
('70945c8b-e844-45ae-a707-a16d43073971', 'acc6d625-849b-4c1c-890a-f2e5d07f8027', 14, '2023-05-22'),
('70acf6eb-9d9b-432d-ad0f-691d705a775d', 'acc6d625-849b-4c1c-890a-f2e5d07f8027', 31, '2023-02-15'),
('70cf5946-4885-4b26-bbaa-8809afe6a66a', 'acc6d625-849b-4c1c-890a-f2e5d07f8027', 3, '2023-04-26'),
('70e09dce-48c1-4e34-9cfc-388d7221d6c0', 'acc6d625-849b-4c1c-890a-f2e5d07f8027', 2, '2023-08-05'),
('7105433b-be3d-4357-9f37-1dfdf0e50f9c', 'acc6d625-849b-4c1c-890a-f2e5d07f8027', 4, '2023-07-24'),
('71843dd0-a181-4e20-a1ee-24251dae49a2', 'acc6d625-849b-4c1c-890a-f2e5d07f8027', 12, '2023-08-02'),
('7193d5da-e19a-4659-ace9-5c2c0342efde', 'acc6d625-849b-4c1c-890a-f2e5d07f8027', 12, '2023-02-10'),
('71b7620c-5c61-4b36-b42b-238abe95eeb2', 'acc6d625-849b-4c1c-890a-f2e5d07f8027', 7, '2023-07-05'),
('71d2fa69-73e0-40bd-8b20-aa9f03a72174', 'acc6d625-849b-4c1c-890a-f2e5d07f8027', 17, '2023-08-13'),
('71db295c-c17b-4c6b-91e3-c804dbecc5e4', 'acc6d625-849b-4c1c-890a-f2e5d07f8027', 42, '2023-04-17'),
('71f166c9-70a2-4920-8680-354e103f52dd', 'acc6d625-849b-4c1c-890a-f2e5d07f8027', 52, '2023-07-11'),
('7201872e-d1a6-4df1-95ff-0b858f49413e', 'acc6d625-849b-4c1c-890a-f2e5d07f8027', 48, '2023-09-23'),
('721af3f4-ea8e-440e-8fa5-f9c413846c5c', 'acc6d625-849b-4c1c-890a-f2e5d07f8027', 46, '2023-09-25'),
('7222d0c3-2a2a-4b65-90a7-3e40037f8ded', 'acc6d625-849b-4c1c-890a-f2e5d07f8027', 56, '2023-07-05'),
('723c1244-115c-40b1-82d6-d2ed4a91bb27', 'acc6d625-849b-4c1c-890a-f2e5d07f8027', 54, '2023-02-22'),
('726a4d6b-7e10-4d14-80e1-583d74254cde', 'acc6d625-849b-4c1c-890a-f2e5d07f8027', 31, '2023-08-29'),
('7292fe2d-efaa-487e-a165-2505d930666a', 'acc6d625-849b-4c1c-890a-f2e5d07f8027', 49, '2023-07-24'),
('72bbd42a-3ed1-4c15-8833-8484a99f8f28', 'acc6d625-849b-4c1c-890a-f2e5d07f8027', 50, '2023-03-29'),
('72e0ef7c-3e22-4168-9967-4b0169b8b6ba', 'acc6d625-849b-4c1c-890a-f2e5d07f8027', 33, '2023-08-19'),
('72f5cf94-8f6f-4264-91d7-b3ed72da3842', 'acc6d625-849b-4c1c-890a-f2e5d07f8027', 11, '2023-03-20'),
('732c2510-a183-465b-bdf2-c2629ba0a24b', 'acc6d625-849b-4c1c-890a-f2e5d07f8027', 52, '2023-04-27'),
('7381a80f-0278-4443-a7ae-8e535fb23215', 'acc6d625-849b-4c1c-890a-f2e5d07f8027', 45, '2023-06-18'),
('739e3a6c-de61-4e5c-acfb-83012f1d7154', 'acc6d625-849b-4c1c-890a-f2e5d07f8027', 27, '2023-05-07'),
('73d1d6f9-3ac5-43c7-b24b-3c5cf1982544', 'acc6d625-849b-4c1c-890a-f2e5d07f8027', 49, '2023-06-30'),
('742e7fb2-f9d3-4842-9efb-119203db8d79', 'acc6d625-849b-4c1c-890a-f2e5d07f8027', 45, '2023-09-23'),
('74514bab-7e4e-43dd-9546-137a5907ed7a', 'acc6d625-849b-4c1c-890a-f2e5d07f8027', 46, '2023-09-06'),
('7464aecd-69c9-473f-b9b9-4d645e2aec88', 'acc6d625-849b-4c1c-890a-f2e5d07f8027', 52, '2023-01-06'),
('74662d4b-9896-4aba-a8c9-88b1ad1eb696', 'acc6d625-849b-4c1c-890a-f2e5d07f8027', 30, '2023-01-22'),
('74b962e5-2244-4e0c-8b3e-65b3b1298808', 'acc6d625-849b-4c1c-890a-f2e5d07f8027', 48, '2023-03-15'),
('74cf9bb2-0782-4256-96fa-19cf1e22b728', 'acc6d625-849b-4c1c-890a-f2e5d07f8027', 38, '2023-07-26'),
('74f18b3e-a539-4127-8a8c-6141233ecc09', 'acc6d625-849b-4c1c-890a-f2e5d07f8027', 14, '2023-07-11'),
('75031047-2eb9-446c-8128-082a4b78d208', 'acc6d625-849b-4c1c-890a-f2e5d07f8027', 54, '2023-01-16'),
('75117fba-e6c9-4a27-99b9-c318f3284480', 'acc6d625-849b-4c1c-890a-f2e5d07f8027', 46, '2023-01-29'),
('7521bc45-fbf5-41bf-aca2-24c8882cc0b1', 'acc6d625-849b-4c1c-890a-f2e5d07f8027', 45, '2023-02-16'),
('754686c6-65a6-4279-a6ff-0f074fc30fdc', 'acc6d625-849b-4c1c-890a-f2e5d07f8027', 25, '2023-02-05'),
('756064ef-caea-4f6a-8a79-04828b7b9eb3', 'acc6d625-849b-4c1c-890a-f2e5d07f8027', 59, '2023-02-15'),
('75d56e73-12c7-44ed-a3c9-4f198a327109', 'acc6d625-849b-4c1c-890a-f2e5d07f8027', 28, '2023-03-30'),
('75e5be1f-954f-4100-949a-8f7db9e8c145', 'acc6d625-849b-4c1c-890a-f2e5d07f8027', 50, '2023-09-28'),
('75ee54bc-8fee-4a85-86e3-c027aa5468c6', 'acc6d625-849b-4c1c-890a-f2e5d07f8027', 51, '2023-02-06'),
('760119ce-0c08-4551-99ee-33e5d016ff71', 'acc6d625-849b-4c1c-890a-f2e5d07f8027', 33, '2023-08-15'),
('761ecea8-2d3e-4ec3-be30-40bdf59ae9b2', 'acc6d625-849b-4c1c-890a-f2e5d07f8027', 44, '2023-04-20'),
('76263039-b264-4443-a41c-773cc6b70c93', 'acc6d625-849b-4c1c-890a-f2e5d07f8027', 26, '2023-05-22'),
('76278261-ca8a-4cc7-ba1c-e40f775300e0', 'acc6d625-849b-4c1c-890a-f2e5d07f8027', 27, '2023-08-13'),
('7645c023-c883-4fa3-b9e9-dcc124b636f2', 'acc6d625-849b-4c1c-890a-f2e5d07f8027', 51, '2023-07-17'),
('765f8691-b490-4bdc-96bc-52b63fa8ef5d', 'acc6d625-849b-4c1c-890a-f2e5d07f8027', 8, '2023-08-24'),
('767074e0-bdf3-470b-8101-1cae71a6b5c2', 'acc6d625-849b-4c1c-890a-f2e5d07f8027', 54, '2023-02-21'),
('76e4b26c-a6e3-4341-9674-f4fd68b0e03f', 'acc6d625-849b-4c1c-890a-f2e5d07f8027', 47, '2023-08-25'),
('771485b3-44eb-4644-91e2-ac8595920d52', 'acc6d625-849b-4c1c-890a-f2e5d07f8027', 9, '2023-06-27'),
('77302c94-ad81-4a20-8ff0-b4305c1265b1', 'acc6d625-849b-4c1c-890a-f2e5d07f8027', 19, '2023-01-24'),
('773bf23a-5e38-4c1b-ae4a-54ed797d408e', 'acc6d625-849b-4c1c-890a-f2e5d07f8027', 21, '2023-09-13'),
('7773b62d-b518-49a1-afd0-fc4f91739bea', 'acc6d625-849b-4c1c-890a-f2e5d07f8027', 6, '2023-04-18'),
('777f8ef1-f59a-400a-83c2-d3987b9443d5', 'acc6d625-849b-4c1c-890a-f2e5d07f8027', 50, '2023-04-23'),
('77a35c12-f2ee-4514-b6fb-67a1ab4012f0', 'acc6d625-849b-4c1c-890a-f2e5d07f8027', 49, '2023-02-24'),
('77ca4a6f-8e43-40fa-a18f-4175ca6916f6', 'acc6d625-849b-4c1c-890a-f2e5d07f8027', 48, '2023-07-19'),
('77f23b6c-b6cb-44e1-b298-68f4ef0e668d', 'acc6d625-849b-4c1c-890a-f2e5d07f8027', 49, '2023-02-23'),
('78208c18-961b-4f50-80cc-90800c6147e9', 'acc6d625-849b-4c1c-890a-f2e5d07f8027', 3, '2023-01-18'),
('78592723-21d0-4aa5-9575-8aa4851651c6', 'acc6d625-849b-4c1c-890a-f2e5d07f8027', 14, '2023-06-10'),
('7859d72d-3b2b-48c1-9a46-aa155443cac8', 'acc6d625-849b-4c1c-890a-f2e5d07f8027', 4, '2023-01-11'),
('785a6c61-a253-4fd2-ad84-349e32ee4ec3', 'acc6d625-849b-4c1c-890a-f2e5d07f8027', 9, '2023-03-15'),
('7861d360-e966-48ab-b627-b5d8792040de', 'acc6d625-849b-4c1c-890a-f2e5d07f8027', 8, '2023-05-19'),
('786576a5-8ee0-4183-9cbe-6a30d8bbe895', 'acc6d625-849b-4c1c-890a-f2e5d07f8027', 4, '2023-02-14'),
('7880ca2c-aeb5-4782-ac20-d924a6dc1256', 'acc6d625-849b-4c1c-890a-f2e5d07f8027', 50, '2023-04-06'),
('78b1121c-d20b-488b-92cc-a6b37302cb6f', 'acc6d625-849b-4c1c-890a-f2e5d07f8027', 33, '2023-09-26'),
('78cb7e2d-d194-45f0-ae9d-7cdbbf144ccd', 'acc6d625-849b-4c1c-890a-f2e5d07f8027', 9, '2023-05-20'),
('78d4767e-cf00-4c43-85e2-37fe726d2607', 'acc6d625-849b-4c1c-890a-f2e5d07f8027', 16, '2023-07-10'),
('78f7a677-c7c5-4d15-8494-3d5578659a86', 'acc6d625-849b-4c1c-890a-f2e5d07f8027', 25, '2023-07-13'),
('79181b13-4f1a-4b30-9df7-afd326ba8e62', 'acc6d625-849b-4c1c-890a-f2e5d07f8027', 27, '2023-01-10'),
('791c1f65-8ac2-43d5-b316-2f21abcca560', 'acc6d625-849b-4c1c-890a-f2e5d07f8027', 8, '2023-09-12'),
('792f6b5c-f81e-49a7-81a0-291ffc9bb2de', 'acc6d625-849b-4c1c-890a-f2e5d07f8027', 47, '2023-07-04'),
('7951c037-91ae-4162-ac64-6f0d5d4a6653', 'acc6d625-849b-4c1c-890a-f2e5d07f8027', 55, '2023-09-13'),
('79522977-2164-4a18-88de-01f86000a3ca', 'acc6d625-849b-4c1c-890a-f2e5d07f8027', 52, '2023-03-17'),
('796aaa57-dfac-4b5d-a4a2-f3cd769a647a', 'acc6d625-849b-4c1c-890a-f2e5d07f8027', 27, '2023-04-14'),
('799990e8-033d-4ac8-b5a3-9450d9f426d9', 'acc6d625-849b-4c1c-890a-f2e5d07f8027', 58, '2023-07-23'),
('79f302bf-2c7c-4d9b-879b-68d6945f198b', 'acc6d625-849b-4c1c-890a-f2e5d07f8027', 47, '2023-01-28'),
('79fcb917-31dd-4559-94bf-d6d96d6e2214', 'acc6d625-849b-4c1c-890a-f2e5d07f8027', 15, '2023-04-24'),
('7a1fa891-cbda-4c66-a092-f8d455c6b45b', 'acc6d625-849b-4c1c-890a-f2e5d07f8027', 19, '2023-05-10'),
('7a20dc8c-8967-43c4-a1a5-f410bbaaff98', 'acc6d625-849b-4c1c-890a-f2e5d07f8027', 1, '2023-01-23'),
('7a89b859-28ad-4c93-b2cd-73d938ef89ef', 'acc6d625-849b-4c1c-890a-f2e5d07f8027', 24, '2023-04-21'),
('7a907647-57cc-4804-83fa-dee0acfc240b', 'acc6d625-849b-4c1c-890a-f2e5d07f8027', 6, '2023-09-11'),
('7ac664f8-34b9-465e-aeb3-69f8e80a9cca', 'acc6d625-849b-4c1c-890a-f2e5d07f8027', 30, '2023-03-14'),
('7acf7b7f-a639-4868-88e1-0fd7594def6b', 'acc6d625-849b-4c1c-890a-f2e5d07f8027', 29, '2023-08-25'),
('7ae50c17-2d2b-4d2c-95c2-cb12c6ea9d91', 'acc6d625-849b-4c1c-890a-f2e5d07f8027', 35, '2023-01-25'),
('7afc8d2a-8c73-4e45-ae5c-47288e114fe6', 'acc6d625-849b-4c1c-890a-f2e5d07f8027', 54, '2023-06-30'),
('7b18be05-8c42-4807-973d-1ae8f3fa20dd', 'acc6d625-849b-4c1c-890a-f2e5d07f8027', 5, '2023-07-08'),
('7b5abccb-0bbe-446d-af65-da2944ff7d7b', 'acc6d625-849b-4c1c-890a-f2e5d07f8027', 24, '2023-07-07'),
('7b72a182-5444-4af9-8b4d-e17839b17d0e', 'acc6d625-849b-4c1c-890a-f2e5d07f8027', 2, '2023-06-07'),
('7b855ab7-d74e-460b-8eff-ddc1cafb780a', 'acc6d625-849b-4c1c-890a-f2e5d07f8027', 53, '2023-02-03'),
('7b8741d6-691e-486b-8d82-4feb4eb752b2', 'acc6d625-849b-4c1c-890a-f2e5d07f8027', 31, '2023-03-21'),
('7b8e77ab-bdfd-485f-9278-303cfa857ba4', 'acc6d625-849b-4c1c-890a-f2e5d07f8027', 49, '2023-08-07'),
('7ba9e97f-f294-4177-b247-a49bb9a971db', 'acc6d625-849b-4c1c-890a-f2e5d07f8027', 20, '2023-03-22'),
('7bda3429-52e4-4344-859c-95e05706ed16', 'acc6d625-849b-4c1c-890a-f2e5d07f8027', 32, '2023-07-21'),
('7bdac074-ddb2-41ab-9bd0-5db18a1fa977', 'acc6d625-849b-4c1c-890a-f2e5d07f8027', 40, '2023-07-11'),
('7bf9434e-f5e9-4f79-ac47-9637660b96c2', 'acc6d625-849b-4c1c-890a-f2e5d07f8027', 33, '2023-06-06'),
('7c2ea7a7-bdb6-429d-8a11-d969ab947e35', 'acc6d625-849b-4c1c-890a-f2e5d07f8027', 14, '2023-03-07'),
('7c334a12-4827-4168-976d-e5dfa02b07c6', 'acc6d625-849b-4c1c-890a-f2e5d07f8027', 27, '2023-06-04'),
('7c364d39-dc19-483f-b8d6-3cc924a84b8e', 'acc6d625-849b-4c1c-890a-f2e5d07f8027', 60, '2023-04-27'),
('7c6aab91-324c-4c7a-b9ac-1f1c25d55318', 'acc6d625-849b-4c1c-890a-f2e5d07f8027', 3, '2023-08-10'),
('7c738d96-5e4b-4603-8830-74bf092d314c', 'acc6d625-849b-4c1c-890a-f2e5d07f8027', 10, '2023-04-19'),
('7c7ce4fc-840d-415b-b81b-54416652c68f', 'acc6d625-849b-4c1c-890a-f2e5d07f8027', 56, '2023-04-16'),
('7c870821-9b51-46e4-ae40-01c8e98f13f1', 'acc6d625-849b-4c1c-890a-f2e5d07f8027', 44, '2023-08-15'),
('7cd9660d-3a58-40b2-b086-2e3ebe3f9075', 'acc6d625-849b-4c1c-890a-f2e5d07f8027', 52, '2023-07-03'),
('7ce2ed37-38e6-4480-b242-ee27afeca48e', 'acc6d625-849b-4c1c-890a-f2e5d07f8027', 33, '2023-03-28'),
('7cf86f72-9a96-41f7-892c-8a284bafb4ba', 'acc6d625-849b-4c1c-890a-f2e5d07f8027', 4, '2023-05-05'),
('7d154900-00f0-45ab-b430-a85298f56f68', 'acc6d625-849b-4c1c-890a-f2e5d07f8027', 13, '2023-04-04'),
('7d600add-0faf-4882-ac32-5a68a31a30d2', 'acc6d625-849b-4c1c-890a-f2e5d07f8027', 60, '2023-06-09'),
('7d6b7535-d88f-4ccf-9f5c-6cef0a727800', 'acc6d625-849b-4c1c-890a-f2e5d07f8027', 48, '2023-07-22'),
('7d8033b9-4d02-4948-adf0-408c84cc7538', 'acc6d625-849b-4c1c-890a-f2e5d07f8027', 31, '2023-02-15'),
('7da909e4-1f15-40b2-aafe-997203dae805', 'acc6d625-849b-4c1c-890a-f2e5d07f8027', 55, '2023-04-20'),
('7daf6bac-1a50-4d11-8717-ab92dd21c4f0', 'acc6d625-849b-4c1c-890a-f2e5d07f8027', 15, '2023-02-01'),
('7dca8c35-a976-4589-b18d-c0cbd8365a60', 'acc6d625-849b-4c1c-890a-f2e5d07f8027', 49, '2023-02-07'),
('7dcb897e-690b-4817-a8b6-aeb1154b47bc', 'acc6d625-849b-4c1c-890a-f2e5d07f8027', 2, '2023-03-24'),
('7e0099d5-41f6-49ef-8b23-5a3ed34842ca', 'acc6d625-849b-4c1c-890a-f2e5d07f8027', 54, '2023-02-07'),
('7e07cec1-4087-4d3d-9cb0-9c323d92ac63', 'acc6d625-849b-4c1c-890a-f2e5d07f8027', 48, '2023-09-08'),
('7e38e484-fefc-4a48-989d-65dc5d1c9e04', 'acc6d625-849b-4c1c-890a-f2e5d07f8027', 41, '2023-04-03'),
('7e3fc41c-e0c4-4218-926f-41a141d2f112', 'acc6d625-849b-4c1c-890a-f2e5d07f8027', 52, '2023-05-04'),
('7ee0aa6d-9ca2-4f6d-95d1-8dd0666b3c72', 'acc6d625-849b-4c1c-890a-f2e5d07f8027', 11, '2023-05-18'),
('7ef32314-8bd5-4888-84c6-ce74630273a4', 'acc6d625-849b-4c1c-890a-f2e5d07f8027', 28, '2023-05-10'),
('7f11131f-49c4-4df2-8671-b65f113fdd42', 'acc6d625-849b-4c1c-890a-f2e5d07f8027', 55, '2023-03-01'),
('801500e0-d51e-41b6-afca-db5402ed079f', 'acc6d625-849b-4c1c-890a-f2e5d07f8027', 29, '2023-04-26'),
('809046e2-4fb8-4b50-8bda-3f16772e4822', 'acc6d625-849b-4c1c-890a-f2e5d07f8027', 5, '2023-06-26'),
('80ba5298-baab-4540-a7e5-7c71bc4315c6', 'acc6d625-849b-4c1c-890a-f2e5d07f8027', 45, '2023-03-29'),
('80e0f6d8-320e-47f8-9c80-96f45b2485a5', 'acc6d625-849b-4c1c-890a-f2e5d07f8027', 7, '2023-08-06'),
('8193d831-e3fc-46b2-a8cd-f52e1a2bc2c1', 'acc6d625-849b-4c1c-890a-f2e5d07f8027', 58, '2023-05-06'),
('81ab10b2-1656-41c4-a10c-ccc3bf996d2e', 'acc6d625-849b-4c1c-890a-f2e5d07f8027', 7, '2023-01-27'),
('81c1ea34-cea3-4ca5-b793-6c2d0dc4b4aa', 'acc6d625-849b-4c1c-890a-f2e5d07f8027', 45, '2023-09-08'),
('81fa05f7-0b8b-42d2-bfe8-fb47b1060bc3', 'acc6d625-849b-4c1c-890a-f2e5d07f8027', 52, '2023-01-26'),
('822415be-5227-41c1-b403-f739fb641d3d', 'acc6d625-849b-4c1c-890a-f2e5d07f8027', 18, '2023-06-16'),
('82a326eb-8c38-495d-b7f4-bd6330c6746f', 'acc6d625-849b-4c1c-890a-f2e5d07f8027', 1, '2023-04-20'),
('82c853bf-a1b5-4702-a252-f985b805eed1', 'acc6d625-849b-4c1c-890a-f2e5d07f8027', 34, '2023-07-24'),
('82c9b699-2af1-4c80-8ff2-6e62992f86e1', 'acc6d625-849b-4c1c-890a-f2e5d07f8027', 25, '2023-04-29'),
('82e2a935-8c8d-4bfb-aba1-d1b3d751d2ec', 'acc6d625-849b-4c1c-890a-f2e5d07f8027', 20, '2023-09-14'),
('82e780c7-1aec-4763-b800-572f2aa6d47b', 'acc6d625-849b-4c1c-890a-f2e5d07f8027', 14, '2023-02-04'),
('831a4dee-4721-42d1-82c7-66ac468fb2a9', 'acc6d625-849b-4c1c-890a-f2e5d07f8027', 5, '2023-01-20'),
('83228813-5608-4158-af5c-24fa795c9b83', 'acc6d625-849b-4c1c-890a-f2e5d07f8027', 8, '2023-01-16'),
('8337cc0e-c425-4a46-8c56-107cb4cac463', 'acc6d625-849b-4c1c-890a-f2e5d07f8027', 59, '2023-06-28'),
('836f841a-3930-42ac-b21d-b6e91c36de80', 'acc6d625-849b-4c1c-890a-f2e5d07f8027', 35, '2023-04-07'),
('839b3d36-b777-4b06-b657-e59de0db388b', 'acc6d625-849b-4c1c-890a-f2e5d07f8027', 41, '2023-04-05'),
('83a83af6-5e02-491a-a986-c07331b7d047', 'acc6d625-849b-4c1c-890a-f2e5d07f8027', 48, '2023-05-28'),
('845a97e6-ed4c-4903-b24e-4a25a66bb881', 'acc6d625-849b-4c1c-890a-f2e5d07f8027', 47, '2023-07-17'),
('845cfcfc-0df8-4693-8182-47c284b780db', 'acc6d625-849b-4c1c-890a-f2e5d07f8027', 3, '2023-07-11'),
('84e68800-df4e-4896-96d3-29e1a66af6ff', 'acc6d625-849b-4c1c-890a-f2e5d07f8027', 32, '2023-01-15'),
('84fc9434-d579-48b3-bb17-f230c31cae9b', 'acc6d625-849b-4c1c-890a-f2e5d07f8027', 31, '2023-04-17'),
('85125869-205c-496f-bba5-738b90653b7d', 'acc6d625-849b-4c1c-890a-f2e5d07f8027', 33, '2023-07-21'),
('852988c9-9ec0-4cd4-9ae1-f4a4d49b5278', 'acc6d625-849b-4c1c-890a-f2e5d07f8027', 3, '2023-05-11'),
('8545160a-e078-4c8d-a427-393e0bdd3b53', 'acc6d625-849b-4c1c-890a-f2e5d07f8027', 44, '2023-06-06'),
('855d2e4d-aaee-4f64-a20e-183535770d78', 'acc6d625-849b-4c1c-890a-f2e5d07f8027', 32, '2023-05-01'),
('8560b703-f2f8-4425-ae8f-baa426d934e3', 'acc6d625-849b-4c1c-890a-f2e5d07f8027', 43, '2023-05-04'),
('85b7b341-7408-4814-8089-ffe4b14611c8', 'acc6d625-849b-4c1c-890a-f2e5d07f8027', 47, '2023-09-10'),
('861175b0-6562-46c9-a7db-059c32d4f671', 'acc6d625-849b-4c1c-890a-f2e5d07f8027', 6, '2023-09-19'),
('86216d97-ec23-426a-a909-ab46f7666bc8', 'acc6d625-849b-4c1c-890a-f2e5d07f8027', 8, '2023-09-25'),
('86331521-a7a9-4f20-8ff4-694c4736d000', 'acc6d625-849b-4c1c-890a-f2e5d07f8027', 3, '2023-02-14'),
('868a3f8e-ee8d-4c40-9313-47cdda372951', 'acc6d625-849b-4c1c-890a-f2e5d07f8027', 10, '2023-06-20'),
('86944348-cf9b-4937-ae3a-214be31cf820', 'acc6d625-849b-4c1c-890a-f2e5d07f8027', 10, '2023-07-16'),
('871e6a6d-cc90-4c28-b497-08d985d9ff6f', 'acc6d625-849b-4c1c-890a-f2e5d07f8027', 34, '2023-08-01'),
('87202c45-2579-43e6-af42-751e4e1e6bd6', 'acc6d625-849b-4c1c-890a-f2e5d07f8027', 36, '2023-01-10'),
('8790bdf8-9801-486c-958e-ca1ba2bd9ee7', 'acc6d625-849b-4c1c-890a-f2e5d07f8027', 51, '2023-01-14'),
('87cb5a7f-c337-4584-bc0d-967696267e87', 'acc6d625-849b-4c1c-890a-f2e5d07f8027', 8, '2023-06-16'),
('87d2939b-c531-4b00-9db4-10c9a7026d61', 'acc6d625-849b-4c1c-890a-f2e5d07f8027', 26, '2023-08-03'),
('87d594e5-2199-46bc-a2f5-a56b42f9ead2', 'acc6d625-849b-4c1c-890a-f2e5d07f8027', 31, '2023-03-20'),
('87e8d515-a34e-4b1a-9b60-d4aa6cbf9d0e', 'acc6d625-849b-4c1c-890a-f2e5d07f8027', 45, '2023-03-23'),
('87e9e25f-de11-473d-94a3-e651ebad9cce', 'acc6d625-849b-4c1c-890a-f2e5d07f8027', 23, '2023-02-01'),
('880abd2d-5548-4332-bf1f-44e3f1259d6c', 'acc6d625-849b-4c1c-890a-f2e5d07f8027', 22, '2023-04-30'),
('88346808-2808-4405-8fea-d42385d20da9', 'acc6d625-849b-4c1c-890a-f2e5d07f8027', 27, '2023-08-24'),
('88516e5f-862d-4bef-812b-fd6bce4e47a1', 'acc6d625-849b-4c1c-890a-f2e5d07f8027', 49, '2023-06-23'),
('885ca36e-e114-4fbb-8c32-3e59e2bb7d62', 'acc6d625-849b-4c1c-890a-f2e5d07f8027', 11, '2023-08-18'),
('886ba4f2-a58f-47f0-ae92-9f9bd5dd6881', 'acc6d625-849b-4c1c-890a-f2e5d07f8027', 43, '2023-06-11'),
('88c281cc-2e20-45bd-ab6f-4132c5a31c52', 'acc6d625-849b-4c1c-890a-f2e5d07f8027', 53, '2023-01-14'),
('88e0abeb-f7c3-4c34-b237-34330ed4cff3', 'acc6d625-849b-4c1c-890a-f2e5d07f8027', 23, '2023-08-23'),
('894fae68-da5e-4904-abf6-1e7fe7866e28', 'acc6d625-849b-4c1c-890a-f2e5d07f8027', 54, '2023-01-18'),
('89c0b627-03d5-48f3-9fd4-de5783a49587', 'acc6d625-849b-4c1c-890a-f2e5d07f8027', 23, '2023-09-09'),
('89cb75a8-d8e9-4b70-9b8c-25e41246bb7f', 'acc6d625-849b-4c1c-890a-f2e5d07f8027', 21, '2023-09-10'),
('89cde7d6-aa9e-410c-a80a-61583f2a7004', 'acc6d625-849b-4c1c-890a-f2e5d07f8027', 14, '2023-08-16'),
('8a495119-3175-4eee-88df-daf59c5d709c', 'acc6d625-849b-4c1c-890a-f2e5d07f8027', 4, '2023-05-08'),
('8a557d97-805c-435f-a3e9-08e5f2070d25', 'acc6d625-849b-4c1c-890a-f2e5d07f8027', 52, '2023-04-13'),
('8a83a5d9-f2de-4ffe-8d28-ef3320fd59fd', 'acc6d625-849b-4c1c-890a-f2e5d07f8027', 11, '2023-02-20'),
('8a8d3f65-048e-49dd-9558-13a24baaddc6', 'acc6d625-849b-4c1c-890a-f2e5d07f8027', 21, '2023-03-01'),
('8a989e0c-dbfa-4ade-953f-d4ccc73f8a80', 'acc6d625-849b-4c1c-890a-f2e5d07f8027', 23, '2023-04-29'),
('8aa8f0d6-3c20-41fe-95bc-3d3bb9177ba8', 'acc6d625-849b-4c1c-890a-f2e5d07f8027', 21, '2023-06-17'),
('8ae7a9ef-8737-4df8-8887-df87d8c12412', 'acc6d625-849b-4c1c-890a-f2e5d07f8027', 7, '2023-03-03'),
('8aea1f28-46f8-4106-871f-ba583a21c65a', 'acc6d625-849b-4c1c-890a-f2e5d07f8027', 43, '2023-02-15'),
('8b013c6b-56b3-4fad-84e6-92d98218ebda', 'acc6d625-849b-4c1c-890a-f2e5d07f8027', 57, '2023-03-10'),
('8b91b358-6a93-4e1a-a612-e2186455f8d6', 'acc6d625-849b-4c1c-890a-f2e5d07f8027', 58, '2023-01-18'),
('8bd5bfa6-d817-4643-bdb4-4c2d76e49a75', 'acc6d625-849b-4c1c-890a-f2e5d07f8027', 50, '2023-04-29'),
('8c30afd9-90ad-4e09-8209-dc71bf953625', 'acc6d625-849b-4c1c-890a-f2e5d07f8027', 50, '2023-06-13'),
('8c48c90f-d912-4934-837e-3d9d38ea0fe3', 'acc6d625-849b-4c1c-890a-f2e5d07f8027', 44, '2023-07-10'),
('8c4a82dd-8245-469a-bf0a-8bc8c81446af', 'acc6d625-849b-4c1c-890a-f2e5d07f8027', 24, '2023-02-15'),
('8c8316fe-d02f-44b6-9145-9580496dcd93', 'acc6d625-849b-4c1c-890a-f2e5d07f8027', 42, '2023-03-05'),
('8c9fc642-e4b0-4cfe-a797-aedcab887712', 'acc6d625-849b-4c1c-890a-f2e5d07f8027', 57, '2023-08-27'),
('8cc5e2b0-92b6-45cb-87bf-93737f2026fd', 'acc6d625-849b-4c1c-890a-f2e5d07f8027', 58, '2023-01-14'),
('8d06138d-a356-425a-9644-f30d8d5c6729', 'acc6d625-849b-4c1c-890a-f2e5d07f8027', 41, '2023-08-03'),
('8d129d13-f1f6-42f2-b0b8-c68b6568e4e1', 'acc6d625-849b-4c1c-890a-f2e5d07f8027', 12, '2023-04-10'),
('8d182c68-f11e-4e32-828c-7c218c023172', 'acc6d625-849b-4c1c-890a-f2e5d07f8027', 60, '2023-06-01'),
('8d329c31-0ebd-4503-93fa-3532e5e21740', 'acc6d625-849b-4c1c-890a-f2e5d07f8027', 55, '2023-02-01'),
('8d85a5d9-8d4f-4e80-8490-092e083137c6', 'acc6d625-849b-4c1c-890a-f2e5d07f8027', 3, '2023-09-28'),
('8dc0fa50-279b-459e-8d5f-21e230aa634d', 'acc6d625-849b-4c1c-890a-f2e5d07f8027', 23, '2023-08-03'),
('8dd8597a-f096-4a64-9ace-b07cb2d28d05', 'acc6d625-849b-4c1c-890a-f2e5d07f8027', 9, '2023-07-05'),
('8e251f4d-cb58-40a1-8708-c8a6ca413ffd', 'acc6d625-849b-4c1c-890a-f2e5d07f8027', 46, '2023-06-04'),
('8e28ef56-a9db-424b-8e4f-39d2fb99a8e5', 'acc6d625-849b-4c1c-890a-f2e5d07f8027', 25, '2023-07-09'),
('8e4bbb02-1d3f-467b-98b3-403eb4898911', 'acc6d625-849b-4c1c-890a-f2e5d07f8027', 44, '2023-03-05'),
('8e5b9cf5-8865-43b1-ae2f-cd426910ccb5', 'acc6d625-849b-4c1c-890a-f2e5d07f8027', 40, '2023-04-01'),
('8e5c0475-c6ef-4204-9ee1-6a255d6e3d33', 'acc6d625-849b-4c1c-890a-f2e5d07f8027', 36, '2023-07-09'),
('8e9b211f-fa80-4802-b323-3b82e992e6ba', 'acc6d625-849b-4c1c-890a-f2e5d07f8027', 39, '2023-08-23'),
('8ee0bf33-6e96-4e64-9265-593aa19b2a1b', 'acc6d625-849b-4c1c-890a-f2e5d07f8027', 35, '2023-01-08'),
('8ee9d80a-ebcc-4c2b-bfdc-acce12cbb5ad', 'acc6d625-849b-4c1c-890a-f2e5d07f8027', 24, '2023-03-30'),
('8ef23d8b-a210-476a-ae56-25e9eaa8cdfc', 'acc6d625-849b-4c1c-890a-f2e5d07f8027', 51, '2023-05-12'),
('8f3859dc-c6fb-4f38-aa8c-2c1d40480337', 'acc6d625-849b-4c1c-890a-f2e5d07f8027', 33, '2023-09-08'),
('8f8247c7-a995-4492-aa15-939f449a0fce', 'acc6d625-849b-4c1c-890a-f2e5d07f8027', 52, '2023-08-30'),
('8f9ba665-52a2-4612-ab2f-5e0ed10ec810', 'acc6d625-849b-4c1c-890a-f2e5d07f8027', 27, '2023-06-24'),
('8fa3544f-4793-4f16-b237-197005741e03', 'acc6d625-849b-4c1c-890a-f2e5d07f8027', 18, '2023-09-28'),
('8face6b0-ed8f-4db7-a8fc-d0235ca97767', 'acc6d625-849b-4c1c-890a-f2e5d07f8027', 26, '2023-05-12'),
('8feb7a9a-a6a0-4ed3-834e-fd378eb20453', 'acc6d625-849b-4c1c-890a-f2e5d07f8027', 13, '2023-08-25'),
('8ff73537-20ef-4657-bea6-ca8410c00cf4', 'acc6d625-849b-4c1c-890a-f2e5d07f8027', 35, '2023-01-26'),
('8ffc94ea-598a-46cd-b79a-8ffae4751bf0', 'acc6d625-849b-4c1c-890a-f2e5d07f8027', 60, '2023-09-05'),
('900d71fc-be19-4a1c-a0ce-8fa9cfc60af6', 'acc6d625-849b-4c1c-890a-f2e5d07f8027', 29, '2023-07-04'),
('903c4c82-a566-410d-8c0e-a6f15beef9fe', 'acc6d625-849b-4c1c-890a-f2e5d07f8027', 1, '2023-05-28'),
('90bccacf-59f0-485d-84fb-b5700dc71d05', 'acc6d625-849b-4c1c-890a-f2e5d07f8027', 59, '2023-02-25'),
('90e0f928-636c-4690-a546-de2edf4bb705', 'acc6d625-849b-4c1c-890a-f2e5d07f8027', 33, '2023-08-05'),
('910d0968-4b2b-4f49-86fa-d6184cb82ff8', 'acc6d625-849b-4c1c-890a-f2e5d07f8027', 52, '2023-01-26'),
('91336303-f386-47fc-b943-2f12da50a3fa', 'acc6d625-849b-4c1c-890a-f2e5d07f8027', 38, '2023-08-27'),
('916e88d7-62c5-436f-bf77-322d43ed5da6', 'acc6d625-849b-4c1c-890a-f2e5d07f8027', 30, '2023-07-27'),
('91b959b7-6059-49ff-99f2-d65d8caa2d40', 'acc6d625-849b-4c1c-890a-f2e5d07f8027', 38, '2023-03-18'),
('9229ab90-0b90-41ab-a778-865aaed20cd4', 'acc6d625-849b-4c1c-890a-f2e5d07f8027', 20, '2023-09-16'),
('922d9f8e-930e-4214-ad16-cadf99601861', 'acc6d625-849b-4c1c-890a-f2e5d07f8027', 48, '2023-04-12'),
('924691f2-1e51-4ba1-ae44-fd3cf9c27996', 'acc6d625-849b-4c1c-890a-f2e5d07f8027', 22, '2023-01-21'),
('92475b66-ee4f-443d-aa11-2156f025b7e5', 'acc6d625-849b-4c1c-890a-f2e5d07f8027', 44, '2023-09-27'),
('926fb7df-81a2-4d5d-b0ba-c64ee2160d1b', 'acc6d625-849b-4c1c-890a-f2e5d07f8027', 37, '2023-04-10'),
('92a19294-f358-4470-955b-9134afc64467', 'acc6d625-849b-4c1c-890a-f2e5d07f8027', 59, '2023-08-15'),
('92c45fa8-6e7f-4dbc-a433-266a7a411dfa', 'acc6d625-849b-4c1c-890a-f2e5d07f8027', 11, '2023-06-22'),
('93446d61-8d31-4b65-a799-900de4fd45c8', 'acc6d625-849b-4c1c-890a-f2e5d07f8027', 22, '2023-06-19'),
('935ee2b1-0772-4a94-ba90-7004766242b4', 'acc6d625-849b-4c1c-890a-f2e5d07f8027', 3, '2023-05-09'),
('939e0504-0310-4d27-9609-e6c2e7216bfe', 'acc6d625-849b-4c1c-890a-f2e5d07f8027', 18, '2023-01-28'),
('93b93386-5994-488e-9b68-8c3d52539500', 'acc6d625-849b-4c1c-890a-f2e5d07f8027', 39, '2023-07-06'),
('94522d14-3132-482e-bbe4-d62b1950d421', 'acc6d625-849b-4c1c-890a-f2e5d07f8027', 40, '2023-06-21'),
('947340d5-a805-4722-b3c1-5053ab440843', 'acc6d625-849b-4c1c-890a-f2e5d07f8027', 35, '2023-06-21'),
('9488c9f1-9d21-4e42-8126-f3996b55e127', 'acc6d625-849b-4c1c-890a-f2e5d07f8027', 7, '2023-09-29'),
('9488cdac-a878-4f48-a0bf-b1408bc9bf33', 'acc6d625-849b-4c1c-890a-f2e5d07f8027', 59, '2023-01-17'),
('94a1452c-814e-4729-8044-0437f502c03b', 'acc6d625-849b-4c1c-890a-f2e5d07f8027', 44, '2023-03-01'),
('94bf8f62-9fdf-4838-b1e9-b6c06902704e', 'acc6d625-849b-4c1c-890a-f2e5d07f8027', 58, '2023-04-17'),
('94c0f3d0-cecf-423c-86a9-dd79f2b9ba11', 'acc6d625-849b-4c1c-890a-f2e5d07f8027', 2, '2023-04-29'),
('94e0d1e1-f0ce-4462-b604-412aabf40cbb', 'acc6d625-849b-4c1c-890a-f2e5d07f8027', 34, '2023-04-22'),
('94e292b6-c666-4f5d-9082-9404d359841a', 'acc6d625-849b-4c1c-890a-f2e5d07f8027', 20, '2023-06-09'),
('94f8ccad-eb44-414d-a2fb-ee21cb9f2724', 'acc6d625-849b-4c1c-890a-f2e5d07f8027', 27, '2023-03-21'),
('9502e08d-7f29-4379-b5de-5bc1b9935b86', 'acc6d625-849b-4c1c-890a-f2e5d07f8027', 28, '2023-02-05'),
('9559e51c-e4d6-4800-b3fa-f52da79c5ae1', 'acc6d625-849b-4c1c-890a-f2e5d07f8027', 59, '2023-01-04'),
('955c8384-ce89-4918-943d-dd56c3314e37', 'acc6d625-849b-4c1c-890a-f2e5d07f8027', 51, '2023-03-04'),
('960a2f0b-8227-4499-a3b4-9015053ab978', 'acc6d625-849b-4c1c-890a-f2e5d07f8027', 38, '2023-01-16'),
('96546f6f-7838-4dac-8d9c-b421d262d711', 'acc6d625-849b-4c1c-890a-f2e5d07f8027', 26, '2023-07-22'),
('967b184f-856c-419a-b856-21391c228e28', 'acc6d625-849b-4c1c-890a-f2e5d07f8027', 25, '2023-09-25'),
('96ab37bf-7852-4a23-8064-2c90be73d5a1', 'acc6d625-849b-4c1c-890a-f2e5d07f8027', 33, '2023-04-23'),
('96bd2346-f2c5-4a13-8a62-22183850b205', 'acc6d625-849b-4c1c-890a-f2e5d07f8027', 57, '2023-06-29'),
('96e0afd3-1a93-4b18-8656-b861bb30e371', 'acc6d625-849b-4c1c-890a-f2e5d07f8027', 29, '2023-06-17'),
('96ed84c6-5ea1-4a92-9709-3d5da1845e8d', 'acc6d625-849b-4c1c-890a-f2e5d07f8027', 6, '2023-03-30'),
('97267f36-01ae-4316-b2a0-05acaca8ecaf', 'acc6d625-849b-4c1c-890a-f2e5d07f8027', 58, '2023-08-13'),
('9746305c-12b6-430a-b4cc-e2829692cefa', 'acc6d625-849b-4c1c-890a-f2e5d07f8027', 46, '2023-06-07'),
('975e6e56-2d35-4d9e-83c7-e75c20fae9e3', 'acc6d625-849b-4c1c-890a-f2e5d07f8027', 55, '2023-05-27'),
('97a9beef-abb7-4a03-b383-d39ce5497c7d', 'acc6d625-849b-4c1c-890a-f2e5d07f8027', 47, '2023-07-21'),
('97e921ac-b648-4c2d-baee-c29926b2f826', 'acc6d625-849b-4c1c-890a-f2e5d07f8027', 1, '2023-07-26'),
('982a15bf-ba19-49e6-a51f-96afd97fa295', 'acc6d625-849b-4c1c-890a-f2e5d07f8027', 3, '2023-05-05'),
('982eff53-0ff7-4db8-acd3-365eb136866b', 'acc6d625-849b-4c1c-890a-f2e5d07f8027', 47, '2023-08-12'),
('98595d67-d790-4cb9-b12c-85e1d0eb5a9e', 'acc6d625-849b-4c1c-890a-f2e5d07f8027', 9, '2023-03-30'),
('98b644d9-ebed-4f46-ae79-263e86e3a1f5', 'acc6d625-849b-4c1c-890a-f2e5d07f8027', 47, '2023-09-10'),
('98ef932c-df1a-45db-936f-93bace993a2e', 'acc6d625-849b-4c1c-890a-f2e5d07f8027', 54, '2023-05-17'),
('9913aac9-aa17-4e53-9860-91c5c7d72bb9', 'acc6d625-849b-4c1c-890a-f2e5d07f8027', 52, '2023-09-14'),
('99492de4-9011-459c-a7ab-cabd6f5e8a1b', 'acc6d625-849b-4c1c-890a-f2e5d07f8027', 44, '2023-04-16'),
('994e37e2-e872-44cd-90cf-c4355414e721', 'acc6d625-849b-4c1c-890a-f2e5d07f8027', 50, '2023-09-24'),
('996df475-aca9-4a72-a5a1-1e0a0deed467', 'acc6d625-849b-4c1c-890a-f2e5d07f8027', 60, '2023-03-25'),
('99851097-0fe2-4c2c-b336-a2e0554874e3', 'acc6d625-849b-4c1c-890a-f2e5d07f8027', 4, '2023-02-11'),
('99ce9f5c-b5be-437d-98f7-0660e90f6920', 'acc6d625-849b-4c1c-890a-f2e5d07f8027', 8, '2023-09-02'),
('99d3c148-5777-40a6-86a9-c5ff57e077c6', 'acc6d625-849b-4c1c-890a-f2e5d07f8027', 25, '2023-09-22'),
('9a5ba903-be44-40cc-a875-a888bd56a208', 'acc6d625-849b-4c1c-890a-f2e5d07f8027', 9, '2023-06-18'),
('9a86e2ca-3c91-443d-a883-255dd6a02039', 'acc6d625-849b-4c1c-890a-f2e5d07f8027', 31, '2023-03-10'),
('9a93e115-cd9d-4299-830d-bb0bfae94483', 'acc6d625-849b-4c1c-890a-f2e5d07f8027', 1, '2023-06-27'),
('9ac162a4-7e3c-4038-9f61-ab2a78d6b286', 'acc6d625-849b-4c1c-890a-f2e5d07f8027', 20, '2023-08-07'),
('9ad303f3-fc04-4f81-a53d-802c14d41aba', 'acc6d625-849b-4c1c-890a-f2e5d07f8027', 31, '2023-07-11'),
('9af70520-f4d5-4b38-9b1d-9f972a035709', 'acc6d625-849b-4c1c-890a-f2e5d07f8027', 24, '2023-07-20'),
('9b222f76-ade9-492c-af1c-81e1a43bb0b7', 'acc6d625-849b-4c1c-890a-f2e5d07f8027', 30, '2023-02-01'),
('9b252472-ee9c-4752-9e7f-35b144779a02', 'acc6d625-849b-4c1c-890a-f2e5d07f8027', 32, '2023-04-08'),
('9b4eab90-5f30-44e4-89b0-b0e1824edd24', 'acc6d625-849b-4c1c-890a-f2e5d07f8027', 51, '2023-07-31'),
('9bcbb690-a488-47b1-8c92-fd1284d00161', 'acc6d625-849b-4c1c-890a-f2e5d07f8027', 58, '2023-02-04'),
('9c5186b4-dc0d-4418-9b4d-363792340ab9', 'acc6d625-849b-4c1c-890a-f2e5d07f8027', 21, '2023-01-25'),
('9c5d6745-e255-4ad0-947d-3a3c0b60361f', 'acc6d625-849b-4c1c-890a-f2e5d07f8027', 1, '2023-01-28'),
('9c676db6-fe05-47d3-b859-4f03bf96f894', 'acc6d625-849b-4c1c-890a-f2e5d07f8027', 46, '2023-07-31'),
('9c98fac5-a9f1-4692-a35d-09156e171623', 'acc6d625-849b-4c1c-890a-f2e5d07f8027', 59, '2023-08-21'),
('9cbba40c-22a6-48fd-abf3-32cf43263e9b', 'acc6d625-849b-4c1c-890a-f2e5d07f8027', 44, '2023-01-02'),
('9cc95765-5288-446e-991d-088144b553fc', 'acc6d625-849b-4c1c-890a-f2e5d07f8027', 4, '2023-04-29'),
('9cd9ea57-7dc3-4efb-9380-bf1d84f4c582', 'acc6d625-849b-4c1c-890a-f2e5d07f8027', 10, '2023-05-17'),
('9d3d769a-d6a1-4cb7-8065-0f39e8f2196b', 'acc6d625-849b-4c1c-890a-f2e5d07f8027', 26, '2023-03-30'),
('9d41adf5-17fe-4e07-9979-29830523e157', 'acc6d625-849b-4c1c-890a-f2e5d07f8027', 33, '2023-05-08'),
('9d81c5ed-7084-474f-86b6-4d82a6eee5e4', 'acc6d625-849b-4c1c-890a-f2e5d07f8027', 51, '2023-03-16'),
('9d84b340-e1aa-4985-8b96-b955c24c5025', 'acc6d625-849b-4c1c-890a-f2e5d07f8027', 7, '2023-04-20'),
('9dd2a62b-e222-46cf-9245-b04be85dc46a', 'acc6d625-849b-4c1c-890a-f2e5d07f8027', 35, '2023-06-09'),
('9df278ca-92f6-49eb-946b-359569aaf6cc', 'acc6d625-849b-4c1c-890a-f2e5d07f8027', 38, '2023-03-31'),
('9df53477-dd5f-4acd-900f-4806ad343269', 'acc6d625-849b-4c1c-890a-f2e5d07f8027', 46, '2023-01-03'),
('9e0d004d-0690-49db-8fb0-f2f46a484b7c', 'acc6d625-849b-4c1c-890a-f2e5d07f8027', 18, '2023-05-16'),
('9e2433b7-8231-473d-a3b1-ebf04c9ead31', 'acc6d625-849b-4c1c-890a-f2e5d07f8027', 55, '2023-02-24'),
('9e5405fe-6514-4e8b-a826-640f416a3c2f', 'acc6d625-849b-4c1c-890a-f2e5d07f8027', 30, '2023-03-23'),
('9ea96b8b-48b4-49d8-b71d-fb6cd2756ad0', 'acc6d625-849b-4c1c-890a-f2e5d07f8027', 39, '2023-05-31'),
('9ee1a31e-e2d8-40b8-b54c-a42263b10f12', 'acc6d625-849b-4c1c-890a-f2e5d07f8027', 46, '2023-05-11'),
('9efb35ff-b736-4690-b922-fceac0f32f88', 'acc6d625-849b-4c1c-890a-f2e5d07f8027', 44, '2023-02-21'),
('9f8d2e0c-9d86-487a-b72b-7c6677ca37eb', 'acc6d625-849b-4c1c-890a-f2e5d07f8027', 51, '2023-01-01'),
('9ffc8007-afb9-442e-9085-bb65836c1eed', 'acc6d625-849b-4c1c-890a-f2e5d07f8027', 15, '2023-03-04'),
('a03eb0bb-7f6d-4635-824b-a453e7b0cfe4', 'acc6d625-849b-4c1c-890a-f2e5d07f8027', 1, '2023-05-01'),
('a07f6797-bcc7-44a7-a5cb-b75a448a4f6b', 'acc6d625-849b-4c1c-890a-f2e5d07f8027', 3, '2023-09-27'),
('a09b3d4d-f851-451e-b26e-0c955f42b270', 'acc6d625-849b-4c1c-890a-f2e5d07f8027', 24, '2023-01-30'),
('a0ac3ff3-d68b-400a-81fd-3976f73b9eaa', 'acc6d625-849b-4c1c-890a-f2e5d07f8027', 6, '2023-07-03'),
('a0acb398-c78b-46e4-8699-4f64800ceb4f', 'acc6d625-849b-4c1c-890a-f2e5d07f8027', 20, '2023-02-10'),
('a0b3876c-0728-431c-8fff-5d3f809d5377', 'acc6d625-849b-4c1c-890a-f2e5d07f8027', 39, '2023-09-03'),
('a0fb976e-dc53-4914-89c6-8abd9339cfce', 'acc6d625-849b-4c1c-890a-f2e5d07f8027', 11, '2023-03-23'),
('a103531d-618d-4145-a137-9c7b0b747b26', 'acc6d625-849b-4c1c-890a-f2e5d07f8027', 37, '2023-03-17'),
('a11b8c88-3a8d-4ac1-a266-2d23c86bd661', 'acc6d625-849b-4c1c-890a-f2e5d07f8027', 53, '2023-01-10'),
('a1a99de0-48e8-4a91-8f79-07f9c1dbcd1a', 'acc6d625-849b-4c1c-890a-f2e5d07f8027', 21, '2023-05-13'),
('a1b20a04-38d3-48e0-bbfe-19f5f20ceea1', 'acc6d625-849b-4c1c-890a-f2e5d07f8027', 14, '2023-09-14');
INSERT INTO `food_record` (`RecordID`, `MemberID`, `FoodID`, `Date`) VALUES
('a1b6a9dc-fc62-495d-b521-cc706c3ef38a', 'acc6d625-849b-4c1c-890a-f2e5d07f8027', 44, '2023-06-25'),
('a1c3f55f-999e-4d39-8c76-40b751205420', 'acc6d625-849b-4c1c-890a-f2e5d07f8027', 55, '2023-03-13'),
('a1ee4dac-f346-47ca-8175-05af6aa48e7b', 'acc6d625-849b-4c1c-890a-f2e5d07f8027', 53, '2023-02-12'),
('a1ff64b4-7c12-4d60-bb86-3c5940eef5b9', 'acc6d625-849b-4c1c-890a-f2e5d07f8027', 21, '2023-04-28'),
('a2191ac7-9e94-4ecf-b4d0-04bf7aa3ae80', 'acc6d625-849b-4c1c-890a-f2e5d07f8027', 50, '2023-05-16'),
('a22f1db0-66c0-4eff-8506-89c5cb428846', 'acc6d625-849b-4c1c-890a-f2e5d07f8027', 36, '2023-01-27'),
('a27d983e-8d89-4d04-8c71-ed6a032e2e98', 'acc6d625-849b-4c1c-890a-f2e5d07f8027', 4, '2023-03-09'),
('a2a08961-c0b3-4dff-9bd9-b090e0e6e7a2', 'acc6d625-849b-4c1c-890a-f2e5d07f8027', 14, '2023-01-02'),
('a2ab538c-411f-4f6b-8080-142e105ceecb', 'acc6d625-849b-4c1c-890a-f2e5d07f8027', 20, '2023-01-23'),
('a2d29159-4c3d-4faf-87ef-12e3c1bf1d98', 'acc6d625-849b-4c1c-890a-f2e5d07f8027', 43, '2023-05-19'),
('a2d2fbc3-89f6-42b1-b5c7-aba9e8c783e2', 'acc6d625-849b-4c1c-890a-f2e5d07f8027', 20, '2023-05-31'),
('a2d7d4a9-5168-4beb-bbf8-8f998cf524b2', 'acc6d625-849b-4c1c-890a-f2e5d07f8027', 45, '2023-04-18'),
('a2e32b37-5a10-4f21-b7b1-024ea9b09465', 'acc6d625-849b-4c1c-890a-f2e5d07f8027', 27, '2023-04-09'),
('a2f06238-aa93-4f69-bbc9-0a08a8188676', 'acc6d625-849b-4c1c-890a-f2e5d07f8027', 34, '2023-02-19'),
('a3565606-c535-45ac-a5a1-a778b0097f88', 'acc6d625-849b-4c1c-890a-f2e5d07f8027', 40, '2023-07-20'),
('a368366b-ecb8-40fc-ad14-92f71ba898d2', 'acc6d625-849b-4c1c-890a-f2e5d07f8027', 38, '2023-05-20'),
('a38e4c21-4769-4cfd-8de9-69b420c82909', 'acc6d625-849b-4c1c-890a-f2e5d07f8027', 24, '2023-02-27'),
('a3c76fc2-e390-4388-bf6a-2fdd7fdc9e21', 'acc6d625-849b-4c1c-890a-f2e5d07f8027', 37, '2023-03-08'),
('a3e5f82e-a760-4250-8d35-336eb7f8d52d', 'acc6d625-849b-4c1c-890a-f2e5d07f8027', 2, '2023-08-28'),
('a40bbed8-d1de-42ad-bbc4-b5d9b2222b96', 'acc6d625-849b-4c1c-890a-f2e5d07f8027', 16, '2023-09-22'),
('a4109e17-a6d1-46d6-9b32-428ce419bb63', 'acc6d625-849b-4c1c-890a-f2e5d07f8027', 18, '2023-05-02'),
('a497b345-4385-4417-a14a-db190c3c87fc', 'acc6d625-849b-4c1c-890a-f2e5d07f8027', 55, '2023-06-25'),
('a4cffc2c-798d-4cdb-93f3-1180021350b6', 'acc6d625-849b-4c1c-890a-f2e5d07f8027', 49, '2023-03-16'),
('a500e947-7c78-4cce-9e14-8154879678f5', 'acc6d625-849b-4c1c-890a-f2e5d07f8027', 38, '2023-05-05'),
('a504fa8b-b719-425f-8798-26aa9548a249', 'acc6d625-849b-4c1c-890a-f2e5d07f8027', 28, '2023-02-02'),
('a51cc093-3393-4bec-b159-241ce2b2ceee', 'acc6d625-849b-4c1c-890a-f2e5d07f8027', 33, '2023-03-24'),
('a5267950-5c41-4b35-9706-f1fde181d073', 'acc6d625-849b-4c1c-890a-f2e5d07f8027', 28, '2023-09-28'),
('a598b0ba-d24e-4285-9b7a-699cdca047f2', 'acc6d625-849b-4c1c-890a-f2e5d07f8027', 5, '2023-01-11'),
('a5c12f61-a2bd-4fa9-8d9d-a8647736efba', 'acc6d625-849b-4c1c-890a-f2e5d07f8027', 19, '2023-05-30'),
('a5c70648-039a-4dc4-9ac9-0172d9a75393', 'acc6d625-849b-4c1c-890a-f2e5d07f8027', 19, '2023-06-27'),
('a5cd8399-a140-4a70-b957-433590f9ae70', 'acc6d625-849b-4c1c-890a-f2e5d07f8027', 55, '2023-08-23'),
('a5ef9a31-a4d5-4126-9c89-e45f88afd933', 'acc6d625-849b-4c1c-890a-f2e5d07f8027', 37, '2023-05-12'),
('a607222d-ab74-4f20-a85f-e47336286fbc', 'acc6d625-849b-4c1c-890a-f2e5d07f8027', 5, '2023-01-29'),
('a6281b36-f1ef-4e1f-9c55-b87807ceb55c', 'acc6d625-849b-4c1c-890a-f2e5d07f8027', 53, '2023-04-28'),
('a62af458-8ea2-4d3e-b24e-1445fa69148b', 'acc6d625-849b-4c1c-890a-f2e5d07f8027', 40, '2023-09-07'),
('a63f147e-839e-4c57-8ee0-e182b8dd831e', 'acc6d625-849b-4c1c-890a-f2e5d07f8027', 26, '2023-08-28'),
('a64e3feb-bcfa-478b-90d3-905cc231ae0b', 'acc6d625-849b-4c1c-890a-f2e5d07f8027', 42, '2023-04-17'),
('a661ecc8-852c-4a1b-8146-0379c6f01fcd', 'acc6d625-849b-4c1c-890a-f2e5d07f8027', 51, '2023-09-11'),
('a674291c-c31e-4976-a201-c7762e222334', 'acc6d625-849b-4c1c-890a-f2e5d07f8027', 28, '2023-04-02'),
('a67b13fb-0673-4b42-8a93-8bb927bd0f45', 'acc6d625-849b-4c1c-890a-f2e5d07f8027', 60, '2023-05-26'),
('a717a7e3-6a4c-4d23-b274-63acd150c39c', 'acc6d625-849b-4c1c-890a-f2e5d07f8027', 60, '2023-01-03'),
('a758390d-1767-432d-b0d6-1196eaa6a56b', 'acc6d625-849b-4c1c-890a-f2e5d07f8027', 28, '2023-06-26'),
('a7954be2-0d83-430b-9a22-e8db81c766a4', 'acc6d625-849b-4c1c-890a-f2e5d07f8027', 55, '2023-06-24'),
('a7b67f9b-2d72-4148-b5dd-88bd6e11aeec', 'acc6d625-849b-4c1c-890a-f2e5d07f8027', 37, '2023-04-15'),
('a7c7f997-cd42-4554-8727-d5d127e022b7', 'acc6d625-849b-4c1c-890a-f2e5d07f8027', 8, '2023-07-24'),
('a7e3c409-8bbf-4e31-b6f8-b95fff41f265', 'acc6d625-849b-4c1c-890a-f2e5d07f8027', 41, '2023-05-19'),
('a7ee2d1c-da4e-4eff-9408-c360bbcfc33c', 'acc6d625-849b-4c1c-890a-f2e5d07f8027', 55, '2023-07-07'),
('a833b2e9-2630-4c8c-b1fd-f47184bdfe99', 'acc6d625-849b-4c1c-890a-f2e5d07f8027', 2, '2023-03-12'),
('a8506a9d-2bcd-4597-b650-b7f386de6b11', 'acc6d625-849b-4c1c-890a-f2e5d07f8027', 50, '2023-02-14'),
('a873747f-eb38-4420-a694-8276505924ff', 'acc6d625-849b-4c1c-890a-f2e5d07f8027', 21, '2023-01-12'),
('a8820f1b-49af-4365-895c-6a59a0705386', 'acc6d625-849b-4c1c-890a-f2e5d07f8027', 5, '2023-04-27'),
('a8898e66-49f0-49cd-b8a5-605ee4929c99', 'acc6d625-849b-4c1c-890a-f2e5d07f8027', 40, '2023-09-07'),
('a8a7369e-08b1-4b40-a05d-988c1ce2ece3', 'acc6d625-849b-4c1c-890a-f2e5d07f8027', 44, '2023-06-13'),
('a8d05da0-78a4-4156-acca-2c8336075a1e', 'acc6d625-849b-4c1c-890a-f2e5d07f8027', 6, '2023-03-05'),
('a8f925fe-c1b9-40ac-bb20-034f14c00321', 'acc6d625-849b-4c1c-890a-f2e5d07f8027', 46, '2023-07-05'),
('a95467b8-3df2-44bd-a430-e6bd0144fcd5', 'acc6d625-849b-4c1c-890a-f2e5d07f8027', 13, '2023-05-05'),
('a9aeac6a-5c02-4231-b4e3-f5feaeb6b104', 'acc6d625-849b-4c1c-890a-f2e5d07f8027', 6, '2023-01-30'),
('a9cc7a49-76cf-43c4-990a-94bd83a8a08f', 'acc6d625-849b-4c1c-890a-f2e5d07f8027', 15, '2023-06-14'),
('a9d3d209-c0b3-4325-9865-9c8d0e834621', 'acc6d625-849b-4c1c-890a-f2e5d07f8027', 52, '2023-02-04'),
('a9f60688-6c42-44c1-a9c4-b83d0254442a', 'acc6d625-849b-4c1c-890a-f2e5d07f8027', 43, '2023-07-11'),
('a9f8e714-d599-4316-a71c-c220877dff05', 'acc6d625-849b-4c1c-890a-f2e5d07f8027', 23, '2023-07-16'),
('aa075b72-a1e2-4635-bc36-f5ac85b5272c', 'acc6d625-849b-4c1c-890a-f2e5d07f8027', 32, '2023-04-15'),
('aa34ac21-8164-4751-b49f-eaac3a5935a6', 'acc6d625-849b-4c1c-890a-f2e5d07f8027', 20, '2023-02-11'),
('aa3544a0-ac81-425a-a600-13664495f85a', 'acc6d625-849b-4c1c-890a-f2e5d07f8027', 13, '2023-08-05'),
('aa47a7b4-a015-46ea-8207-9d67ffd077c0', 'acc6d625-849b-4c1c-890a-f2e5d07f8027', 54, '2023-01-26'),
('aa956d86-d6eb-4dda-ab83-c7121ae97194', 'acc6d625-849b-4c1c-890a-f2e5d07f8027', 36, '2023-09-09'),
('aaa665bf-a535-4ad7-a66b-2e79b70bda22', 'acc6d625-849b-4c1c-890a-f2e5d07f8027', 48, '2023-02-11'),
('aaeab0e9-3369-425c-8ea9-0268f5b6cbab', 'acc6d625-849b-4c1c-890a-f2e5d07f8027', 34, '2023-06-29'),
('ab2414e7-6f27-4db9-b884-0740459971e0', 'acc6d625-849b-4c1c-890a-f2e5d07f8027', 6, '2023-01-15'),
('ab3fb544-f6fb-48e0-a3e1-1d72738e8b0f', 'acc6d625-849b-4c1c-890a-f2e5d07f8027', 50, '2023-04-09'),
('ab4a33de-54fc-4056-8f23-c9dc7dc80955', 'acc6d625-849b-4c1c-890a-f2e5d07f8027', 60, '2023-01-29'),
('ab5c0f10-1b47-4d47-a6e3-6ec649d98ec2', 'acc6d625-849b-4c1c-890a-f2e5d07f8027', 13, '2023-04-09'),
('ab5d025a-d12e-4014-97cf-0dc787dee43f', 'acc6d625-849b-4c1c-890a-f2e5d07f8027', 19, '2023-04-25'),
('ab69f440-ad6e-4f65-88cc-041c539da133', 'acc6d625-849b-4c1c-890a-f2e5d07f8027', 22, '2023-01-14'),
('ab902b99-7c47-4881-92a7-ab4549916091', 'acc6d625-849b-4c1c-890a-f2e5d07f8027', 23, '2023-05-24'),
('ab9d9f7d-7856-45f4-9076-5835b121a237', 'acc6d625-849b-4c1c-890a-f2e5d07f8027', 14, '2023-08-03'),
('aba1a91c-fa89-4db8-83a0-e0290ef15524', 'acc6d625-849b-4c1c-890a-f2e5d07f8027', 43, '2023-04-24'),
('abc8165e-d9a3-4685-91fd-a669ecfc3e35', 'acc6d625-849b-4c1c-890a-f2e5d07f8027', 22, '2023-02-25'),
('abd82ddf-9cbd-4ce3-8111-5ebae37f76ec', 'acc6d625-849b-4c1c-890a-f2e5d07f8027', 58, '2023-01-27'),
('abda22a1-8739-488e-8a33-94bbd4ce337b', 'acc6d625-849b-4c1c-890a-f2e5d07f8027', 32, '2023-08-18'),
('abf041f0-0c60-4820-b00e-6baf4b8c90f8', 'acc6d625-849b-4c1c-890a-f2e5d07f8027', 50, '2023-03-30'),
('ac188e4b-8403-497a-9c10-b9068b3a8d9a', 'acc6d625-849b-4c1c-890a-f2e5d07f8027', 21, '2023-04-26'),
('ac346663-ea98-4594-89fe-6e52238b5c02', 'acc6d625-849b-4c1c-890a-f2e5d07f8027', 38, '2023-05-05'),
('ac93ca1b-1ac6-4643-9113-1da91ef21714', 'acc6d625-849b-4c1c-890a-f2e5d07f8027', 50, '2023-02-02'),
('acf982d6-bf81-43ee-ab4f-fdd325d485c3', 'acc6d625-849b-4c1c-890a-f2e5d07f8027', 51, '2023-03-17'),
('ad6f8c96-ac4a-4a73-9fa5-37dc90fd1070', 'acc6d625-849b-4c1c-890a-f2e5d07f8027', 1, '2023-03-11'),
('ad95d932-2df6-4626-9dce-4ddf2677d731', 'acc6d625-849b-4c1c-890a-f2e5d07f8027', 8, '2023-06-26'),
('ada70991-91a4-4de4-ac48-c3371da5bb6e', 'acc6d625-849b-4c1c-890a-f2e5d07f8027', 10, '2023-02-11'),
('adb91e06-a5b2-4b02-a78c-6692abc4466e', 'acc6d625-849b-4c1c-890a-f2e5d07f8027', 31, '2023-05-26'),
('adbf8516-8c2b-4744-8fba-c8dac3649b43', 'acc6d625-849b-4c1c-890a-f2e5d07f8027', 43, '2023-09-28'),
('ae135e12-a78d-4a5b-9782-922f14421c1f', 'acc6d625-849b-4c1c-890a-f2e5d07f8027', 29, '2023-04-19'),
('ae885f08-2be0-4b08-ba98-6a45d997392c', 'acc6d625-849b-4c1c-890a-f2e5d07f8027', 3, '2023-07-01'),
('ae8f7059-d45c-4f06-8a9c-c86f8841f45f', 'acc6d625-849b-4c1c-890a-f2e5d07f8027', 11, '2023-05-27'),
('aed74735-4581-48df-97bf-0aeb0138b22c', 'acc6d625-849b-4c1c-890a-f2e5d07f8027', 54, '2023-08-26'),
('af30e2b8-513f-49bb-8a65-8b0c7f208561', 'acc6d625-849b-4c1c-890a-f2e5d07f8027', 19, '2023-06-25'),
('af390151-35da-4d4d-b912-5016d284268a', 'acc6d625-849b-4c1c-890a-f2e5d07f8027', 40, '2023-08-31'),
('afdc50aa-c622-48a4-bd51-775459c9b703', 'acc6d625-849b-4c1c-890a-f2e5d07f8027', 18, '2023-03-14'),
('b040d8ed-2447-4327-a8ef-98633d0d12f4', 'acc6d625-849b-4c1c-890a-f2e5d07f8027', 35, '2023-02-20'),
('b08380e2-d4fc-491b-993d-3fc096ee2b3a', 'acc6d625-849b-4c1c-890a-f2e5d07f8027', 11, '2023-08-02'),
('b0d6d965-0f51-4b95-a787-1154b56f13fd', 'acc6d625-849b-4c1c-890a-f2e5d07f8027', 45, '2023-09-27'),
('b0deb55b-99ea-45e9-bc3a-7a149723f6e8', 'acc6d625-849b-4c1c-890a-f2e5d07f8027', 6, '2023-06-03'),
('b0fc9c92-43da-4f80-b07a-9a001a9fecdf', 'acc6d625-849b-4c1c-890a-f2e5d07f8027', 16, '2023-05-26'),
('b0ff9153-47a6-48c7-9ab7-757b1623e7a1', 'acc6d625-849b-4c1c-890a-f2e5d07f8027', 35, '2023-08-09'),
('b146bace-bc39-434e-85d8-d804ff8f8b24', 'acc6d625-849b-4c1c-890a-f2e5d07f8027', 33, '2023-01-08'),
('b14edfcf-44a6-4e94-bb94-a0dd50024655', 'acc6d625-849b-4c1c-890a-f2e5d07f8027', 53, '2023-03-10'),
('b15259f4-5ab0-4a3c-acbe-a8324d825715', 'acc6d625-849b-4c1c-890a-f2e5d07f8027', 47, '2023-02-13'),
('b19f8f3a-9dd1-4c7a-9450-97dfbe03add9', 'acc6d625-849b-4c1c-890a-f2e5d07f8027', 45, '2023-08-05'),
('b1bc4d45-4c76-49c0-a382-1a3f5add2a9b', 'acc6d625-849b-4c1c-890a-f2e5d07f8027', 12, '2023-07-07'),
('b1bdde39-4516-4884-ad46-44feb3d0d89e', 'acc6d625-849b-4c1c-890a-f2e5d07f8027', 41, '2023-02-24'),
('b1d8fb40-7f36-44c4-a252-021fd228c861', 'acc6d625-849b-4c1c-890a-f2e5d07f8027', 27, '2023-04-21'),
('b2065e23-a9c4-4f67-b310-ceb7ef653287', 'acc6d625-849b-4c1c-890a-f2e5d07f8027', 13, '2023-02-21'),
('b212234c-c91b-4939-be5f-9bb28d7ab05e', 'acc6d625-849b-4c1c-890a-f2e5d07f8027', 7, '2023-01-05'),
('b2129643-e30f-4837-8e58-96ceb9e077d9', 'acc6d625-849b-4c1c-890a-f2e5d07f8027', 46, '2023-01-13'),
('b221489e-f8bd-4b8e-9a7c-1fd58554983a', 'acc6d625-849b-4c1c-890a-f2e5d07f8027', 56, '2023-08-09'),
('b2246317-120f-4382-abdf-d93b7549a377', 'acc6d625-849b-4c1c-890a-f2e5d07f8027', 53, '2023-08-17'),
('b2302dd7-acea-4941-8e90-1c2b03a2220e', 'acc6d625-849b-4c1c-890a-f2e5d07f8027', 54, '2023-01-03'),
('b2462de2-5ac3-4900-b0dc-9a8880207b2d', 'acc6d625-849b-4c1c-890a-f2e5d07f8027', 39, '2023-06-09'),
('b2683893-d362-4a7d-9a60-b0964244e5b2', 'acc6d625-849b-4c1c-890a-f2e5d07f8027', 12, '2023-02-27'),
('b2a962a7-27c0-473c-ace1-c2212859dfc8', 'acc6d625-849b-4c1c-890a-f2e5d07f8027', 39, '2023-03-02'),
('b2aac141-9674-41fa-883a-d5c359a82950', 'acc6d625-849b-4c1c-890a-f2e5d07f8027', 27, '2023-03-05'),
('b2b2bd7b-24c3-4780-811c-440bea0853cd', 'acc6d625-849b-4c1c-890a-f2e5d07f8027', 1, '2023-03-13'),
('b2d910ef-f1c4-4a98-90de-a56cac928e6e', 'acc6d625-849b-4c1c-890a-f2e5d07f8027', 47, '2023-07-24'),
('b35b28e4-bb48-4038-bfa8-256ebd2ddc2c', 'acc6d625-849b-4c1c-890a-f2e5d07f8027', 11, '2023-02-02'),
('b3a0397d-5cf3-4873-9a3a-2bd1a6521a11', 'acc6d625-849b-4c1c-890a-f2e5d07f8027', 50, '2023-08-13'),
('b3aa5d9f-d3e5-4689-911d-5005edba83e5', 'acc6d625-849b-4c1c-890a-f2e5d07f8027', 40, '2023-03-11'),
('b3c3ebf4-6df7-47cf-b3b4-1a42129862be', 'acc6d625-849b-4c1c-890a-f2e5d07f8027', 23, '2023-04-05'),
('b3c8f9af-cf51-46ae-831a-4c3b9e2aa1ec', 'acc6d625-849b-4c1c-890a-f2e5d07f8027', 60, '2023-02-17'),
('b3ce2b59-e2c3-49d8-ae6d-05901a194381', 'acc6d625-849b-4c1c-890a-f2e5d07f8027', 52, '2023-09-02'),
('b3f54dcd-cf8c-4444-8b76-258465e6e690', 'acc6d625-849b-4c1c-890a-f2e5d07f8027', 9, '2023-07-21'),
('b418be24-e881-4298-9d8b-353e26ef021e', 'acc6d625-849b-4c1c-890a-f2e5d07f8027', 54, '2023-06-28'),
('b442e1e5-32af-4292-9361-f0da7f59c321', 'acc6d625-849b-4c1c-890a-f2e5d07f8027', 23, '2023-04-15'),
('b44cd630-a9ce-4bf8-ad77-98967be14dd4', 'acc6d625-849b-4c1c-890a-f2e5d07f8027', 50, '2023-09-19'),
('b484d59e-a81b-4935-bf24-c8e4c45ac949', 'acc6d625-849b-4c1c-890a-f2e5d07f8027', 49, '2023-02-27'),
('b4a1db49-4dd1-4328-a157-f1dedcbacce8', 'acc6d625-849b-4c1c-890a-f2e5d07f8027', 39, '2023-05-12'),
('b4dad5da-7769-469e-8f06-711d2f79cdd6', 'acc6d625-849b-4c1c-890a-f2e5d07f8027', 40, '2023-01-04'),
('b4dd7b20-a0f6-4b38-b524-d76d02d0cbe5', 'acc6d625-849b-4c1c-890a-f2e5d07f8027', 3, '2023-09-17'),
('b4f0d152-6547-4005-b645-b9f2ab82fa11', 'acc6d625-849b-4c1c-890a-f2e5d07f8027', 16, '2023-07-08'),
('b5668581-44bb-4afc-9b20-caa90f2acadd', 'acc6d625-849b-4c1c-890a-f2e5d07f8027', 2, '2023-01-06'),
('b57f2db8-863b-4bf7-aa22-41fc7fa1df99', 'acc6d625-849b-4c1c-890a-f2e5d07f8027', 10, '2023-07-17'),
('b5942e8d-0647-48bc-97dd-6b50eae1f41f', 'acc6d625-849b-4c1c-890a-f2e5d07f8027', 13, '2023-05-23'),
('b5eab5c2-1ad6-4790-86f9-530b95729b4a', 'acc6d625-849b-4c1c-890a-f2e5d07f8027', 58, '2023-02-14'),
('b5f40a31-daf6-4dc7-9f8b-9ff3b6f9627c', 'acc6d625-849b-4c1c-890a-f2e5d07f8027', 49, '2023-05-06'),
('b5fd7092-6255-41cd-90a7-a1ccf8e828f8', 'acc6d625-849b-4c1c-890a-f2e5d07f8027', 7, '2023-07-01'),
('b677f764-197a-4b9a-8a4d-c27a92cf07f2', 'acc6d625-849b-4c1c-890a-f2e5d07f8027', 44, '2023-01-25'),
('b6b262d9-b101-4f55-969a-4a7bff041403', 'acc6d625-849b-4c1c-890a-f2e5d07f8027', 25, '2023-05-30'),
('b6be2aaf-8eb0-4052-8d91-26ee49cfecf6', 'acc6d625-849b-4c1c-890a-f2e5d07f8027', 41, '2023-09-26'),
('b6e1b0b3-5ef1-46fd-9f30-f071ff9616a9', 'acc6d625-849b-4c1c-890a-f2e5d07f8027', 56, '2023-06-11'),
('b7114130-562c-4cd0-98a2-b0eb72a0b149', 'acc6d625-849b-4c1c-890a-f2e5d07f8027', 48, '2023-06-19'),
('b715e001-0dd6-428a-9f14-54451ce76a8f', 'acc6d625-849b-4c1c-890a-f2e5d07f8027', 25, '2023-04-26'),
('b72b8e8e-4df5-4514-9c4c-5c0a1da95a3c', 'acc6d625-849b-4c1c-890a-f2e5d07f8027', 48, '2023-06-09'),
('b7430e5f-92aa-404f-84c5-f18cd009e378', 'acc6d625-849b-4c1c-890a-f2e5d07f8027', 11, '2023-03-11'),
('b7f9483b-1688-45b2-b743-750d83ceb552', 'acc6d625-849b-4c1c-890a-f2e5d07f8027', 7, '2023-06-02'),
('b81628c7-b959-4a6d-a757-ac7117c31e0b', 'acc6d625-849b-4c1c-890a-f2e5d07f8027', 16, '2023-03-19'),
('b86374bf-b66c-4a9f-ad77-73cc529a95a7', 'acc6d625-849b-4c1c-890a-f2e5d07f8027', 26, '2023-09-13'),
('b87ec52b-be25-4c0d-8460-b4e97a7c6806', 'acc6d625-849b-4c1c-890a-f2e5d07f8027', 32, '2023-03-12'),
('b88c46a5-610b-493b-ab8e-53d4019d0a2b', 'acc6d625-849b-4c1c-890a-f2e5d07f8027', 19, '2023-09-09'),
('b8a94847-1b01-4c2e-a65a-0ce5293dc562', 'acc6d625-849b-4c1c-890a-f2e5d07f8027', 53, '2023-01-21'),
('b8fb2e11-95ef-41e0-aefa-421db6e054f8', 'acc6d625-849b-4c1c-890a-f2e5d07f8027', 9, '2023-09-21'),
('b905e5cf-42ca-4ede-a1eb-631650571f51', 'acc6d625-849b-4c1c-890a-f2e5d07f8027', 49, '2023-01-21'),
('b92f0bdb-cf2c-4e11-b3a8-3e01dcf1739b', 'acc6d625-849b-4c1c-890a-f2e5d07f8027', 56, '2023-06-20'),
('b93c09f0-ab0a-41d0-b573-37b6560f9a33', 'acc6d625-849b-4c1c-890a-f2e5d07f8027', 21, '2023-07-30'),
('b947df8d-5818-44eb-bc33-8bd66fd01c75', 'acc6d625-849b-4c1c-890a-f2e5d07f8027', 59, '2023-09-30'),
('b9488424-731f-47f9-aab2-5075c5f7fd5b', 'acc6d625-849b-4c1c-890a-f2e5d07f8027', 47, '2023-01-07'),
('b94940f0-2e4a-46c8-9182-9fddd83a281e', 'acc6d625-849b-4c1c-890a-f2e5d07f8027', 38, '2023-05-02'),
('b95545cc-41e4-4091-8733-f8e7457de186', 'acc6d625-849b-4c1c-890a-f2e5d07f8027', 11, '2023-01-23'),
('b95bc74e-711d-4e21-bd90-1fe0c0f48a18', 'acc6d625-849b-4c1c-890a-f2e5d07f8027', 24, '2023-03-13'),
('b9c92365-5a42-45ba-bccd-1f9e777f23d0', 'acc6d625-849b-4c1c-890a-f2e5d07f8027', 48, '2023-06-29'),
('b9d3bf50-4d9f-4405-8bc5-eaa288dd80f6', 'acc6d625-849b-4c1c-890a-f2e5d07f8027', 31, '2023-05-24'),
('b9df9f54-6fa0-430a-a5d7-5bfabd96fc9a', 'acc6d625-849b-4c1c-890a-f2e5d07f8027', 5, '2023-08-01'),
('b9fbc96d-e9eb-42d2-8656-89d4f9f7936e', 'acc6d625-849b-4c1c-890a-f2e5d07f8027', 7, '2023-09-05'),
('ba0902ff-7ff4-42f1-a2c2-36a436f7b773', 'acc6d625-849b-4c1c-890a-f2e5d07f8027', 34, '2023-06-03'),
('ba42f15b-9d56-47cb-b7f6-29bf24aa9e6b', 'acc6d625-849b-4c1c-890a-f2e5d07f8027', 6, '2023-02-09'),
('ba7b45bd-0947-4985-9118-021693277c42', 'acc6d625-849b-4c1c-890a-f2e5d07f8027', 21, '2023-01-03'),
('ba94a920-09c0-4614-9eea-fc0a9b4b0807', 'acc6d625-849b-4c1c-890a-f2e5d07f8027', 3, '2023-09-12'),
('ba9b1431-2b45-40f2-929a-9941579e967b', 'acc6d625-849b-4c1c-890a-f2e5d07f8027', 47, '2023-06-06'),
('ba9f3aa3-889d-487a-a93a-addd284eda2a', 'acc6d625-849b-4c1c-890a-f2e5d07f8027', 51, '2023-03-11'),
('bab65523-5125-4351-934d-ae74a97de6a0', 'acc6d625-849b-4c1c-890a-f2e5d07f8027', 28, '2023-08-14'),
('bac09feb-5f68-4fd6-99a5-a73d89fdc106', 'acc6d625-849b-4c1c-890a-f2e5d07f8027', 14, '2023-05-07'),
('bac7a134-afda-42cd-b264-cc265f5178e8', 'acc6d625-849b-4c1c-890a-f2e5d07f8027', 23, '2023-03-17'),
('bacab734-a0d3-458e-835a-4c1aaa2022d0', 'acc6d625-849b-4c1c-890a-f2e5d07f8027', 32, '2023-07-27'),
('bb22e380-6e3e-4321-9a88-3821e3d746b8', 'acc6d625-849b-4c1c-890a-f2e5d07f8027', 45, '2023-07-14'),
('bb35b0f8-2f6d-41e1-9b6d-3f24c8f2eeba', 'acc6d625-849b-4c1c-890a-f2e5d07f8027', 39, '2023-03-06'),
('bbb6f680-e220-417f-ac6f-30bc17521b43', 'acc6d625-849b-4c1c-890a-f2e5d07f8027', 43, '2023-01-18'),
('bbe4147b-71bd-4cbe-acc7-afcf43f50578', 'acc6d625-849b-4c1c-890a-f2e5d07f8027', 50, '2023-04-13'),
('bbe78bac-9135-4f41-9565-e4bd76e23b8e', 'acc6d625-849b-4c1c-890a-f2e5d07f8027', 29, '2023-03-01'),
('bbf05d17-440c-4981-a7b2-f65e06306470', 'acc6d625-849b-4c1c-890a-f2e5d07f8027', 52, '2023-09-27'),
('bc5274b7-a3bb-4435-8967-0ee0f86c0361', 'acc6d625-849b-4c1c-890a-f2e5d07f8027', 36, '2023-04-26'),
('bca38204-7e77-4bfa-951a-0c988b0161fb', 'acc6d625-849b-4c1c-890a-f2e5d07f8027', 57, '2023-01-20'),
('bca9d109-84a9-4a47-a131-cb7811eddde7', 'acc6d625-849b-4c1c-890a-f2e5d07f8027', 41, '2023-04-11'),
('bcace15c-ba3d-48e5-a433-489fb2df3a4a', 'acc6d625-849b-4c1c-890a-f2e5d07f8027', 51, '2023-07-25'),
('bcd07079-244f-4ff7-9501-d8d6cdf6b249', 'acc6d625-849b-4c1c-890a-f2e5d07f8027', 41, '2023-09-20'),
('bd24ba6d-46ce-4cd1-b883-03aff9ca59de', 'acc6d625-849b-4c1c-890a-f2e5d07f8027', 17, '2023-07-17'),
('bd2c798b-f1a9-41b7-87e4-6fec9bafdf2d', 'acc6d625-849b-4c1c-890a-f2e5d07f8027', 40, '2023-06-18'),
('bd42cb7c-7b90-4ff5-b2f3-ceed80735386', 'acc6d625-849b-4c1c-890a-f2e5d07f8027', 53, '2023-09-06'),
('bd4677af-e7df-435b-942d-984e306e63ec', 'acc6d625-849b-4c1c-890a-f2e5d07f8027', 29, '2023-04-18'),
('bd46c88f-a61e-4441-bf4b-576e5e062486', 'acc6d625-849b-4c1c-890a-f2e5d07f8027', 33, '2023-07-28'),
('bd52bb62-38ad-4e98-ab7a-10a01c63d7eb', 'acc6d625-849b-4c1c-890a-f2e5d07f8027', 20, '2023-08-28'),
('bdae97c5-ee61-4ca0-872c-b06b82ead423', 'acc6d625-849b-4c1c-890a-f2e5d07f8027', 9, '2023-06-10'),
('be1fd0d3-4270-4499-ac6e-82c88789ac11', 'acc6d625-849b-4c1c-890a-f2e5d07f8027', 38, '2023-01-25'),
('be22775b-a319-400b-9cab-54ad7b8b10d7', 'acc6d625-849b-4c1c-890a-f2e5d07f8027', 11, '2023-08-05'),
('be46e936-5fac-477a-bfdb-4dc3c74661d4', 'acc6d625-849b-4c1c-890a-f2e5d07f8027', 16, '2023-08-24'),
('bea49b4f-820c-49f5-ba58-8e762589d23a', 'acc6d625-849b-4c1c-890a-f2e5d07f8027', 56, '2023-06-24'),
('beb0a6bd-408b-473b-8e90-b388cf8a2786', 'acc6d625-849b-4c1c-890a-f2e5d07f8027', 20, '2023-08-14'),
('beb30239-1d73-4981-8b33-78cf94161dd2', 'acc6d625-849b-4c1c-890a-f2e5d07f8027', 46, '2023-01-13'),
('bec34c4c-006f-4b5d-a2ed-bc35696f6f13', 'acc6d625-849b-4c1c-890a-f2e5d07f8027', 4, '2023-03-28'),
('bf8002c8-cdb8-4060-9b1f-e9992d7742f2', 'acc6d625-849b-4c1c-890a-f2e5d07f8027', 60, '2023-06-10'),
('bf89cecb-e887-4638-a938-184809c1144b', 'acc6d625-849b-4c1c-890a-f2e5d07f8027', 6, '2023-09-15'),
('c0559a50-72e8-4968-be18-f727d256222f', 'acc6d625-849b-4c1c-890a-f2e5d07f8027', 33, '2023-09-11'),
('c069ff8d-46cb-493f-b258-9ec2b9d48d42', 'acc6d625-849b-4c1c-890a-f2e5d07f8027', 60, '2023-04-19'),
('c09cfcb0-486d-49d0-a29e-5c1e33285106', 'acc6d625-849b-4c1c-890a-f2e5d07f8027', 17, '2023-06-06'),
('c0b0c2b0-b8dc-4dc9-946f-db705ddb8e21', 'acc6d625-849b-4c1c-890a-f2e5d07f8027', 48, '2023-05-09'),
('c0ce9641-5e2a-4bfa-90b6-578e5dccb3f6', 'acc6d625-849b-4c1c-890a-f2e5d07f8027', 39, '2023-02-11'),
('c0d4f325-81ef-496e-91f0-f7cd53f0a1ae', 'acc6d625-849b-4c1c-890a-f2e5d07f8027', 52, '2023-04-22'),
('c100e720-718b-4861-9223-161b6bf17c9b', 'acc6d625-849b-4c1c-890a-f2e5d07f8027', 14, '2023-04-02'),
('c1042432-d600-4df6-86ee-b4fbdd643e68', 'acc6d625-849b-4c1c-890a-f2e5d07f8027', 55, '2023-08-25'),
('c104330a-9c6e-43c1-9354-3d4e06f794b0', 'acc6d625-849b-4c1c-890a-f2e5d07f8027', 44, '2023-06-05'),
('c1057407-2727-486d-a91e-2c389f556ae8', 'acc6d625-849b-4c1c-890a-f2e5d07f8027', 8, '2023-05-02'),
('c13be09b-0792-4de3-b4dd-014cae110964', 'acc6d625-849b-4c1c-890a-f2e5d07f8027', 52, '2023-07-02'),
('c1cb7ff5-7572-4c33-bf09-736fb7048cac', 'acc6d625-849b-4c1c-890a-f2e5d07f8027', 12, '2023-03-13'),
('c1ea8ab0-0ab0-4f7d-9d59-109f0c9214ec', 'acc6d625-849b-4c1c-890a-f2e5d07f8027', 41, '2023-07-14'),
('c1f31898-3bfa-431b-9076-5777074b7b9a', 'acc6d625-849b-4c1c-890a-f2e5d07f8027', 31, '2023-08-22'),
('c212ac27-a3fd-4151-ac61-88356e2e051f', 'acc6d625-849b-4c1c-890a-f2e5d07f8027', 32, '2023-03-22'),
('c26df79d-61b7-421d-bf47-fac5449ca61c', 'acc6d625-849b-4c1c-890a-f2e5d07f8027', 58, '2023-04-05'),
('c2d39c62-9895-4b2d-b900-56eb4e120d90', 'acc6d625-849b-4c1c-890a-f2e5d07f8027', 32, '2023-07-19'),
('c30d2d6c-104e-4ee9-a213-1ed25eb072ae', 'acc6d625-849b-4c1c-890a-f2e5d07f8027', 51, '2023-02-24'),
('c341ef5f-1df7-455b-a685-b5a551017004', 'acc6d625-849b-4c1c-890a-f2e5d07f8027', 6, '2023-09-12'),
('c34f6d16-1faa-47f8-9ca5-0af5af64337e', 'acc6d625-849b-4c1c-890a-f2e5d07f8027', 34, '2023-05-05'),
('c36e6acc-3471-43bb-8334-65e2da3f76d7', 'acc6d625-849b-4c1c-890a-f2e5d07f8027', 24, '2023-02-18'),
('c3761df1-6f40-436f-8860-19041587e866', 'acc6d625-849b-4c1c-890a-f2e5d07f8027', 21, '2023-02-24'),
('c3e37fd8-f9ca-4c04-b9ba-42455e4dea73', 'acc6d625-849b-4c1c-890a-f2e5d07f8027', 24, '2023-09-11'),
('c3e922f2-006e-4397-a0e1-b1d958898d7c', 'acc6d625-849b-4c1c-890a-f2e5d07f8027', 28, '2023-07-21'),
('c3f33f3c-031d-48b5-9f1e-e1ab67b468fc', 'acc6d625-849b-4c1c-890a-f2e5d07f8027', 11, '2023-09-21'),
('c40d0f8f-1aba-47e1-b64a-f8a58c260160', 'acc6d625-849b-4c1c-890a-f2e5d07f8027', 55, '2023-02-22'),
('c41716c4-31f7-4c7c-929e-4cf7d08bbbdf', 'acc6d625-849b-4c1c-890a-f2e5d07f8027', 4, '2023-08-12'),
('c41adf91-5065-4e45-a5ed-eeda96d7e542', 'acc6d625-849b-4c1c-890a-f2e5d07f8027', 23, '2023-05-07'),
('c4284583-6667-4003-9ea7-b9e116c31e02', 'acc6d625-849b-4c1c-890a-f2e5d07f8027', 38, '2023-07-12'),
('c4534338-c10c-4c50-9976-94eca4d5ec5c', 'acc6d625-849b-4c1c-890a-f2e5d07f8027', 44, '2023-06-23'),
('c4625db2-3905-45b9-bbe7-cad4744320d5', 'acc6d625-849b-4c1c-890a-f2e5d07f8027', 27, '2023-06-13'),
('c48675bd-d372-448e-aad9-7fade9254729', 'acc6d625-849b-4c1c-890a-f2e5d07f8027', 23, '2023-01-06'),
('c4a21dc5-c6d9-46bc-8bfe-b0aa43c4b7ed', 'acc6d625-849b-4c1c-890a-f2e5d07f8027', 51, '2023-06-04'),
('c4d4993f-75a4-4187-956d-6fa3ee68f237', 'acc6d625-849b-4c1c-890a-f2e5d07f8027', 55, '2023-04-21'),
('c5089e0a-46e8-4937-9871-896d29b945b8', 'acc6d625-849b-4c1c-890a-f2e5d07f8027', 38, '2023-04-15'),
('c56a0988-0d90-418b-a6b8-bd3faf7c1d98', 'acc6d625-849b-4c1c-890a-f2e5d07f8027', 12, '2023-04-30'),
('c582e423-97e6-45a9-9a79-9e4c8f2c5ca1', 'acc6d625-849b-4c1c-890a-f2e5d07f8027', 38, '2023-05-17'),
('c5bdbb9c-dbba-476f-8c56-84df05cd7f7b', 'acc6d625-849b-4c1c-890a-f2e5d07f8027', 35, '2023-05-23'),
('c5cbe0f7-ed13-445e-80e4-dfc0df5ebb06', 'acc6d625-849b-4c1c-890a-f2e5d07f8027', 50, '2023-04-18'),
('c5d73e2f-e601-41ba-8f85-23357fd32c5a', 'acc6d625-849b-4c1c-890a-f2e5d07f8027', 31, '2023-05-03'),
('c5ec88a9-368f-4c33-9c73-a9cd2e91a939', 'acc6d625-849b-4c1c-890a-f2e5d07f8027', 9, '2023-01-31'),
('c6003cd4-41b5-4802-a63d-f3d9b7898337', 'acc6d625-849b-4c1c-890a-f2e5d07f8027', 55, '2023-01-31'),
('c613b88f-1e39-43be-b6e8-8822694cc1e7', 'acc6d625-849b-4c1c-890a-f2e5d07f8027', 29, '2023-05-31'),
('c63185fd-1de4-4b39-a52a-882913e63dc1', 'acc6d625-849b-4c1c-890a-f2e5d07f8027', 7, '2023-09-30'),
('c68acce3-d7d2-4012-b9ba-1c04ab1fb9b1', 'acc6d625-849b-4c1c-890a-f2e5d07f8027', 29, '2023-04-24'),
('c6a14b44-01c9-4637-8ec4-7e12aa463d1a', 'acc6d625-849b-4c1c-890a-f2e5d07f8027', 31, '2023-06-07'),
('c6e423a1-441d-4244-9a4c-b3a285e2784a', 'acc6d625-849b-4c1c-890a-f2e5d07f8027', 9, '2023-04-20'),
('c6edcc8f-e9c8-4954-92aa-6802c645fed2', 'acc6d625-849b-4c1c-890a-f2e5d07f8027', 44, '2023-09-09'),
('c7013e74-53f5-48c0-9797-762bf07da730', 'acc6d625-849b-4c1c-890a-f2e5d07f8027', 60, '2023-09-05'),
('c7400c80-c6de-446d-90b3-306851ef1224', 'acc6d625-849b-4c1c-890a-f2e5d07f8027', 13, '2023-06-03'),
('c762064c-72c0-44ba-8233-c3bdef57087a', 'acc6d625-849b-4c1c-890a-f2e5d07f8027', 32, '2023-01-21'),
('c7847aab-dff1-4a8d-8997-9f5774ba8d07', 'acc6d625-849b-4c1c-890a-f2e5d07f8027', 56, '2023-02-28'),
('c7a5a14b-5e2f-4d53-90f2-3d6fccb7a203', 'acc6d625-849b-4c1c-890a-f2e5d07f8027', 6, '2023-05-15'),
('c7e1c7fb-590b-414f-8eae-7125298b5b4e', 'acc6d625-849b-4c1c-890a-f2e5d07f8027', 59, '2023-09-17'),
('c7e4fa4c-2869-41fa-a93f-4a433705e4e8', 'acc6d625-849b-4c1c-890a-f2e5d07f8027', 16, '2023-04-05'),
('c841da57-6d97-4e16-90bc-647126f12725', 'acc6d625-849b-4c1c-890a-f2e5d07f8027', 25, '2023-02-09'),
('c8626dd3-0927-47e1-90f8-a61abde047b5', 'acc6d625-849b-4c1c-890a-f2e5d07f8027', 15, '2023-09-23'),
('c88b8730-4b35-4db0-9a81-50aebfc13cbe', 'acc6d625-849b-4c1c-890a-f2e5d07f8027', 26, '2023-07-13'),
('c8efbb3d-693d-476b-b5b6-540db740fb7a', 'acc6d625-849b-4c1c-890a-f2e5d07f8027', 35, '2023-09-05'),
('c9419407-de21-4c96-b32c-88d2e67396d4', 'acc6d625-849b-4c1c-890a-f2e5d07f8027', 35, '2023-07-28'),
('c94ea6fb-ba1a-4e76-9e8f-9f0ffecabf57', 'acc6d625-849b-4c1c-890a-f2e5d07f8027', 15, '2023-01-19'),
('c965d8f6-b3bd-47dc-b601-d8f0b31510ab', 'acc6d625-849b-4c1c-890a-f2e5d07f8027', 8, '2023-04-09'),
('c975df70-9709-4463-9444-8741bd2c2836', 'acc6d625-849b-4c1c-890a-f2e5d07f8027', 46, '2023-01-14'),
('c98d698b-fe3d-45c5-867a-4d658df082f3', 'acc6d625-849b-4c1c-890a-f2e5d07f8027', 7, '2023-09-24'),
('ca10a1d3-22e3-4d28-860c-ddfb8f89710f', 'acc6d625-849b-4c1c-890a-f2e5d07f8027', 51, '2023-05-02'),
('ca6a5589-ca8e-459a-86ec-bd9c84f087fc', 'acc6d625-849b-4c1c-890a-f2e5d07f8027', 10, '2023-01-19'),
('ca6b4415-78fe-4bc2-9e81-1b285658336a', 'acc6d625-849b-4c1c-890a-f2e5d07f8027', 19, '2023-09-01'),
('ca70e835-988d-41dd-825d-4de54244bc2c', 'acc6d625-849b-4c1c-890a-f2e5d07f8027', 18, '2023-08-02'),
('caebdedf-862a-4d6b-8939-883a4579cdac', 'acc6d625-849b-4c1c-890a-f2e5d07f8027', 51, '2023-08-22'),
('caeee6d7-cef9-4892-bb86-91e49e175cca', 'acc6d625-849b-4c1c-890a-f2e5d07f8027', 27, '2023-02-25'),
('cb0d9b2a-f38c-49bc-b69a-3f5409a98519', 'acc6d625-849b-4c1c-890a-f2e5d07f8027', 30, '2023-08-06'),
('cb1c9a0f-9ba5-48fd-af2c-4c5e0f1990cf', 'acc6d625-849b-4c1c-890a-f2e5d07f8027', 5, '2023-07-12'),
('cb31649f-432e-4c2d-8362-f4e221635308', 'acc6d625-849b-4c1c-890a-f2e5d07f8027', 31, '2023-02-19'),
('cb49b6e6-29b1-4367-b643-d0c69bfdb83e', 'acc6d625-849b-4c1c-890a-f2e5d07f8027', 58, '2023-05-29'),
('cb732b71-fb06-4641-baa2-3e955e77d42c', 'acc6d625-849b-4c1c-890a-f2e5d07f8027', 59, '2023-06-05'),
('cbd52afd-eb43-4a8c-919e-33e0137f04d7', 'acc6d625-849b-4c1c-890a-f2e5d07f8027', 58, '2023-07-03'),
('cbdea839-5df3-46c9-b624-9ce9754baf25', 'acc6d625-849b-4c1c-890a-f2e5d07f8027', 41, '2023-02-28'),
('cc0408d9-79a8-46a0-ab56-d1c3141759c0', 'acc6d625-849b-4c1c-890a-f2e5d07f8027', 43, '2023-02-20'),
('cc157c3f-ef3c-4d82-a11f-afed118ead10', 'acc6d625-849b-4c1c-890a-f2e5d07f8027', 44, '2023-02-18'),
('cc1698de-d008-43a7-b378-8c1a6a8f90bb', 'acc6d625-849b-4c1c-890a-f2e5d07f8027', 33, '2023-01-20'),
('cc1786af-516d-4dda-9b9a-24102cee7d4f', 'acc6d625-849b-4c1c-890a-f2e5d07f8027', 5, '2023-03-12'),
('cc2aa157-1d57-4fb1-986c-51ac65ede26b', 'acc6d625-849b-4c1c-890a-f2e5d07f8027', 48, '2023-04-13'),
('cc7aeb54-2634-4d5a-933c-cfcb10d87d7c', 'acc6d625-849b-4c1c-890a-f2e5d07f8027', 14, '2023-04-10'),
('ccaca26e-aa19-4821-bdf3-5f12bf577e37', 'acc6d625-849b-4c1c-890a-f2e5d07f8027', 48, '2023-05-16'),
('ccf08bfa-8f75-449e-b29d-930cb0e474b2', 'acc6d625-849b-4c1c-890a-f2e5d07f8027', 31, '2023-03-20'),
('cd2883ae-cab2-4758-a713-c16936e9e647', 'acc6d625-849b-4c1c-890a-f2e5d07f8027', 34, '2023-09-10'),
('cd527481-8fa9-4da7-a7d1-a32ebb0b7f89', 'acc6d625-849b-4c1c-890a-f2e5d07f8027', 17, '2023-07-18'),
('cd935f78-df28-49c3-866b-3920a2b8e27f', 'acc6d625-849b-4c1c-890a-f2e5d07f8027', 38, '2023-03-18'),
('cdd820bc-abd6-4c45-90b6-abbc40761aef', 'acc6d625-849b-4c1c-890a-f2e5d07f8027', 55, '2023-09-27'),
('ce1b26aa-a328-4a31-ba27-c8a19c72c465', 'acc6d625-849b-4c1c-890a-f2e5d07f8027', 23, '2023-08-11'),
('ce236621-c8c4-4ab9-ba4b-92747672e5ed', 'acc6d625-849b-4c1c-890a-f2e5d07f8027', 28, '2023-03-28'),
('ce5c2605-ab24-4841-8ead-f7305d674075', 'acc6d625-849b-4c1c-890a-f2e5d07f8027', 59, '2023-03-15'),
('ce7997df-9585-4753-a117-fcdf4e0d4007', 'acc6d625-849b-4c1c-890a-f2e5d07f8027', 47, '2023-06-16'),
('ced051d4-1c6a-4a83-8912-1f2039c9b154', 'acc6d625-849b-4c1c-890a-f2e5d07f8027', 39, '2023-08-24'),
('cedf7c0c-0313-47cc-94f7-a6c3a97598b7', 'acc6d625-849b-4c1c-890a-f2e5d07f8027', 60, '2023-01-18'),
('cf05cc11-6f66-450a-b2ce-3182b34fc58c', 'acc6d625-849b-4c1c-890a-f2e5d07f8027', 15, '2023-08-07'),
('cf1094b6-ac63-4214-9741-1962b7ad67f5', 'acc6d625-849b-4c1c-890a-f2e5d07f8027', 43, '2023-04-19'),
('cf4e717b-e71f-416c-947e-e44661119d10', 'acc6d625-849b-4c1c-890a-f2e5d07f8027', 32, '2023-07-30'),
('cf5f2ec7-25ff-4bd4-b3b9-11d7492bfe5f', 'acc6d625-849b-4c1c-890a-f2e5d07f8027', 28, '2023-09-16'),
('cf6d3a91-4fae-4abb-a67b-5acffe79c356', 'acc6d625-849b-4c1c-890a-f2e5d07f8027', 10, '2023-04-12'),
('cf976868-de30-4112-81c3-2beac99e91d2', 'acc6d625-849b-4c1c-890a-f2e5d07f8027', 20, '2023-08-20'),
('cfc643ee-5800-40b6-a6e9-a12d86e02313', 'acc6d625-849b-4c1c-890a-f2e5d07f8027', 14, '2023-01-19'),
('cff13054-c543-46b5-a7c3-6f83c3f98cf0', 'acc6d625-849b-4c1c-890a-f2e5d07f8027', 56, '2023-09-16'),
('d000ce62-5359-45d3-a3d4-04399789a5ce', '1234567890', 1, '2023-08-22'),
('d005acf9-f151-4ae4-96bd-7e296e7dceba', 'acc6d625-849b-4c1c-890a-f2e5d07f8027', 45, '2023-02-02'),
('d02d98d7-a817-46e8-8714-35206f7e85bf', 'acc6d625-849b-4c1c-890a-f2e5d07f8027', 12, '2023-08-15'),
('d05aa78e-65e0-4d97-8a04-a7f05540b606', 'acc6d625-849b-4c1c-890a-f2e5d07f8027', 14, '2023-06-15'),
('d062ff5a-fbc6-49f9-823f-7f4467bfe7e3', 'acc6d625-849b-4c1c-890a-f2e5d07f8027', 30, '2023-06-13'),
('d06de6bf-1453-4a3f-a778-42b3368078ed', 'acc6d625-849b-4c1c-890a-f2e5d07f8027', 16, '2023-03-19'),
('d06f8cd6-8612-4dc5-b688-3b7688c48c6d', 'acc6d625-849b-4c1c-890a-f2e5d07f8027', 43, '2023-08-14'),
('d07188ca-625e-4b68-847f-47d1636e867b', 'acc6d625-849b-4c1c-890a-f2e5d07f8027', 3, '2023-01-02'),
('d10eee7a-e2d1-4ff4-a4b9-eb969abbd743', 'acc6d625-849b-4c1c-890a-f2e5d07f8027', 57, '2023-08-29'),
('d149a22e-32c2-4d52-9af5-673f860584bf', 'acc6d625-849b-4c1c-890a-f2e5d07f8027', 3, '2023-06-24'),
('d154f3bf-be38-4683-8afc-59c52d1e271c', 'acc6d625-849b-4c1c-890a-f2e5d07f8027', 33, '2023-06-08'),
('d19906fe-3d0d-4d0a-bf7e-b27d83d92f92', 'acc6d625-849b-4c1c-890a-f2e5d07f8027', 18, '2023-04-06'),
('d19b49ce-5b8e-4c64-931c-2cd34bebf270', 'acc6d625-849b-4c1c-890a-f2e5d07f8027', 49, '2023-08-20'),
('d1d25937-5739-4572-8c50-cb24fd9ad67e', 'acc6d625-849b-4c1c-890a-f2e5d07f8027', 17, '2023-06-23'),
('d1e98ab9-290c-4394-86df-f437b028ed1e', 'acc6d625-849b-4c1c-890a-f2e5d07f8027', 42, '2023-01-04'),
('d1fbde98-faba-48c0-b848-cbe9f1c26388', 'acc6d625-849b-4c1c-890a-f2e5d07f8027', 42, '2023-08-02'),
('d209c4b7-6882-4b2b-85dd-ccd9f47438c8', 'acc6d625-849b-4c1c-890a-f2e5d07f8027', 40, '2023-09-22'),
('d21449da-4e8d-4dc3-bfda-f288e84c47bb', 'acc6d625-849b-4c1c-890a-f2e5d07f8027', 39, '2023-07-05'),
('d229abe5-8860-42b5-bdb3-e2aca6c782c1', 'acc6d625-849b-4c1c-890a-f2e5d07f8027', 41, '2023-03-27'),
('d2594528-d1ee-4649-b82c-562b82471d54', 'acc6d625-849b-4c1c-890a-f2e5d07f8027', 12, '2023-09-21'),
('d2ace5ac-4ec7-4418-a683-5b6c6045eb56', 'acc6d625-849b-4c1c-890a-f2e5d07f8027', 11, '2023-01-01'),
('d2e18612-8ef0-4e20-a8e2-8fdd8a000b73', 'acc6d625-849b-4c1c-890a-f2e5d07f8027', 27, '2023-02-03'),
('d305c2d3-b894-4564-b67c-6d8045dd7527', 'acc6d625-849b-4c1c-890a-f2e5d07f8027', 23, '2023-08-04'),
('d30d3270-1d7a-4a31-85cf-436972cdeaff', 'acc6d625-849b-4c1c-890a-f2e5d07f8027', 6, '2023-02-06'),
('d31ee7ef-ff25-41e6-a128-567ab2f8c1e0', 'acc6d625-849b-4c1c-890a-f2e5d07f8027', 30, '2023-08-29'),
('d33dd7a2-6b1c-4908-af27-4cdb70cff218', 'acc6d625-849b-4c1c-890a-f2e5d07f8027', 25, '2023-02-09'),
('d3947482-e003-4bf1-a04f-98e6bc3be273', 'acc6d625-849b-4c1c-890a-f2e5d07f8027', 47, '2023-06-19'),
('d3d25a8e-fe07-4b25-adb3-606179b2e10d', 'acc6d625-849b-4c1c-890a-f2e5d07f8027', 54, '2023-07-22'),
('d3d97f32-d313-41bb-a667-c6be250e549b', 'acc6d625-849b-4c1c-890a-f2e5d07f8027', 58, '2023-09-23'),
('d3da9609-ec57-414e-a4bc-09ede901a0d0', 'acc6d625-849b-4c1c-890a-f2e5d07f8027', 6, '2023-02-20'),
('d3e66658-7048-4507-87b9-5142f9ae9f9a', 'acc6d625-849b-4c1c-890a-f2e5d07f8027', 34, '2023-03-31'),
('d3f875a0-5233-4065-b35c-ee368ea4b884', 'acc6d625-849b-4c1c-890a-f2e5d07f8027', 2, '2023-01-21'),
('d416ad32-4584-4b4e-b5b4-39da889d593e', 'acc6d625-849b-4c1c-890a-f2e5d07f8027', 16, '2023-09-15'),
('d41f4902-7f57-4f49-b834-79c3fb3a3ba8', 'acc6d625-849b-4c1c-890a-f2e5d07f8027', 44, '2023-06-04'),
('d427907a-0780-4c40-80e7-e0ce98538729', 'acc6d625-849b-4c1c-890a-f2e5d07f8027', 42, '2023-09-15'),
('d42df3e7-2def-42b2-bf2f-459ad9e32c8b', 'acc6d625-849b-4c1c-890a-f2e5d07f8027', 31, '2023-09-07'),
('d453a908-56d6-4342-b489-acaa9beb0314', 'acc6d625-849b-4c1c-890a-f2e5d07f8027', 21, '2023-08-04'),
('d479d57e-4933-4e9f-9a29-359e1b239daa', 'acc6d625-849b-4c1c-890a-f2e5d07f8027', 10, '2023-07-27'),
('d48158fb-41ff-4609-87da-8a647127174b', 'acc6d625-849b-4c1c-890a-f2e5d07f8027', 47, '2023-05-27'),
('d4b72bab-53ed-49cd-9e8a-5095fc1098e9', 'acc6d625-849b-4c1c-890a-f2e5d07f8027', 33, '2023-01-27'),
('d4b8dff0-3ee5-4741-92d8-b596310edab9', 'acc6d625-849b-4c1c-890a-f2e5d07f8027', 16, '2023-08-27'),
('d4bfe2e7-3b9e-4a78-b910-e810aeaddde3', 'acc6d625-849b-4c1c-890a-f2e5d07f8027', 42, '2023-09-07'),
('d4d63400-51fb-4791-bf5e-65ad4f7eb986', 'acc6d625-849b-4c1c-890a-f2e5d07f8027', 20, '2023-08-24'),
('d5000b8c-2d5d-48fd-b380-6927ff4eb299', 'acc6d625-849b-4c1c-890a-f2e5d07f8027', 39, '2023-09-13'),
('d503dd89-9e77-43f0-9405-3c4fb6a49d78', 'acc6d625-849b-4c1c-890a-f2e5d07f8027', 40, '2023-07-07'),
('d50c5e56-6d37-4195-a6d0-3d480cc8fbd4', 'acc6d625-849b-4c1c-890a-f2e5d07f8027', 40, '2023-01-26'),
('d5244f76-e81d-46fa-aa8f-05e96b14ead4', 'acc6d625-849b-4c1c-890a-f2e5d07f8027', 49, '2023-09-20'),
('d54113de-326f-42ca-88fc-85cceafa442e', 'acc6d625-849b-4c1c-890a-f2e5d07f8027', 13, '2023-05-22'),
('d55c6d97-5dad-4f0a-88d7-797d5a9d8aae', 'acc6d625-849b-4c1c-890a-f2e5d07f8027', 44, '2023-05-09'),
('d578bc7d-c163-434c-ae53-dbae7b7bb97f', 'acc6d625-849b-4c1c-890a-f2e5d07f8027', 57, '2023-09-11'),
('d588c4ed-49bd-4a89-b576-4d50d3e75dbc', 'acc6d625-849b-4c1c-890a-f2e5d07f8027', 9, '2023-09-02'),
('d5a7adc5-e4b6-403a-a311-c7cad53b5f63', 'acc6d625-849b-4c1c-890a-f2e5d07f8027', 45, '2023-06-10'),
('d5c2cb84-553e-410e-b115-6af5ddfb2b2b', 'acc6d625-849b-4c1c-890a-f2e5d07f8027', 35, '2023-01-16'),
('d5cddbe6-e485-4210-886b-a44125f15686', 'acc6d625-849b-4c1c-890a-f2e5d07f8027', 26, '2023-08-01'),
('d601cc3a-9c77-4387-b98f-be13b1e052f7', 'acc6d625-849b-4c1c-890a-f2e5d07f8027', 37, '2023-05-13'),
('d683a6ef-207c-4da5-abb7-7e012f105f9e', 'acc6d625-849b-4c1c-890a-f2e5d07f8027', 33, '2023-04-03'),
('d6b6f94b-3237-482c-aea6-3165d41b11a9', 'acc6d625-849b-4c1c-890a-f2e5d07f8027', 26, '2023-07-06'),
('d6bca696-ae23-4562-84e4-ae3bd803f76f', 'acc6d625-849b-4c1c-890a-f2e5d07f8027', 30, '2023-08-31'),
('d7389908-c544-4f15-8f4c-831fe7031e00', 'acc6d625-849b-4c1c-890a-f2e5d07f8027', 12, '2023-02-19'),
('d78ff0cb-2f47-40be-8592-5bc65dcc09b4', 'acc6d625-849b-4c1c-890a-f2e5d07f8027', 12, '2023-05-18'),
('d7a3a66a-6627-4805-a385-3560eb26eda1', 'acc6d625-849b-4c1c-890a-f2e5d07f8027', 34, '2023-01-12'),
('d7cfc44c-edc8-4165-8b8f-9e7b7fe6fac4', 'acc6d625-849b-4c1c-890a-f2e5d07f8027', 18, '2023-08-12'),
('d7dbc8b4-4df6-4028-8e31-7e1c96ccf186', 'acc6d625-849b-4c1c-890a-f2e5d07f8027', 44, '2023-09-17'),
('d82a1059-0c88-442b-bb15-f0ee0909f0eb', 'acc6d625-849b-4c1c-890a-f2e5d07f8027', 42, '2023-08-17'),
('d888096d-bc46-4d22-83bf-c171e8a68d08', 'acc6d625-849b-4c1c-890a-f2e5d07f8027', 35, '2023-09-19'),
('d8ac7dc9-3b90-49b1-8ea0-31220cca8fbc', 'acc6d625-849b-4c1c-890a-f2e5d07f8027', 33, '2023-01-19'),
('d8b92d81-59e0-4535-9780-1a83e6ad3947', 'acc6d625-849b-4c1c-890a-f2e5d07f8027', 38, '2023-01-29'),
('d8f5a9d2-96ad-4d92-add0-633240dbd02b', 'acc6d625-849b-4c1c-890a-f2e5d07f8027', 22, '2023-06-17'),
('d921586b-7e33-41cd-9aa0-49476cd2f5b3', 'acc6d625-849b-4c1c-890a-f2e5d07f8027', 53, '2023-07-02'),
('d92f233c-44e1-40ed-9bb1-ed6be4c3c681', 'acc6d625-849b-4c1c-890a-f2e5d07f8027', 30, '2023-03-18'),
('d9765f19-7e22-4829-8057-337a4805974e', 'acc6d625-849b-4c1c-890a-f2e5d07f8027', 10, '2023-07-21'),
('d9cf967e-743b-41bc-a312-03c0127e00e2', 'acc6d625-849b-4c1c-890a-f2e5d07f8027', 35, '2023-07-07'),
('d9e89ee6-ce0c-4721-82a0-cbd40162d636', 'acc6d625-849b-4c1c-890a-f2e5d07f8027', 21, '2023-03-16'),
('da065617-cd3a-4e63-81f2-11a9263cb89c', 'acc6d625-849b-4c1c-890a-f2e5d07f8027', 26, '2023-07-04'),
('dacbb269-a1a9-4142-8d6f-cb57a9be2546', 'acc6d625-849b-4c1c-890a-f2e5d07f8027', 14, '2023-03-07'),
('dad53578-7418-4325-b74a-58b145969696', 'acc6d625-849b-4c1c-890a-f2e5d07f8027', 22, '2023-07-13'),
('db2dde79-569b-4a64-a02c-45384aa02778', 'acc6d625-849b-4c1c-890a-f2e5d07f8027', 3, '2023-07-28'),
('db4f1f86-9f48-42e6-9b75-41b9f7fd9abf', 'acc6d625-849b-4c1c-890a-f2e5d07f8027', 44, '2023-02-08'),
('db50a70c-a380-4371-aaff-492799a884e8', 'acc6d625-849b-4c1c-890a-f2e5d07f8027', 2, '2023-07-05'),
('db60aa4c-2d40-43f6-809a-a4fd9b8ae998', 'acc6d625-849b-4c1c-890a-f2e5d07f8027', 59, '2023-08-08'),
('dba705e1-39e4-4711-8df1-16556d740c11', 'acc6d625-849b-4c1c-890a-f2e5d07f8027', 43, '2023-04-03'),
('dbd28687-6ef9-4c76-88f4-8584de1d9289', 'acc6d625-849b-4c1c-890a-f2e5d07f8027', 18, '2023-01-10'),
('dbd29571-141c-4df8-a9b5-44b410aed71a', 'acc6d625-849b-4c1c-890a-f2e5d07f8027', 49, '2023-09-20'),
('dbe202b4-064d-484f-8397-ffef658494c7', 'acc6d625-849b-4c1c-890a-f2e5d07f8027', 55, '2023-06-02'),
('dbe2e232-50e4-4dde-9438-d32014f198ed', 'acc6d625-849b-4c1c-890a-f2e5d07f8027', 9, '2023-09-24'),
('dc0bb69a-687c-4107-a272-ac329911bd88', 'acc6d625-849b-4c1c-890a-f2e5d07f8027', 46, '2023-08-11'),
('dc0e2855-e3e5-435e-8f45-be7ebcf7115f', 'acc6d625-849b-4c1c-890a-f2e5d07f8027', 40, '2023-05-11'),
('dc1f69a4-bfc9-419b-a69f-437f86bd7a90', 'acc6d625-849b-4c1c-890a-f2e5d07f8027', 50, '2023-05-21'),
('dc47a0a4-8404-4ed8-9272-144e2947e268', 'acc6d625-849b-4c1c-890a-f2e5d07f8027', 42, '2023-06-30'),
('dc91b09e-bab7-45d0-b6a9-d4d9b38f100c', 'acc6d625-849b-4c1c-890a-f2e5d07f8027', 11, '2023-03-26'),
('dccaa172-1f8e-41b3-8615-fbf514fcba30', 'acc6d625-849b-4c1c-890a-f2e5d07f8027', 44, '2023-04-20'),
('dcce3b9e-ff2c-4d87-8619-62f39dd07d3a', 'acc6d625-849b-4c1c-890a-f2e5d07f8027', 9, '2023-04-04'),
('dd0f49d9-39c9-4c19-83ee-078f372ee996', 'acc6d625-849b-4c1c-890a-f2e5d07f8027', 56, '2023-05-03'),
('dd168b83-d708-468a-9cfb-6136f508830b', 'acc6d625-849b-4c1c-890a-f2e5d07f8027', 51, '2023-03-31'),
('dd479daf-1efc-490d-8834-8d8d45ffd74b', 'acc6d625-849b-4c1c-890a-f2e5d07f8027', 39, '2023-03-14'),
('ddbf1225-657f-4a41-a9a0-7750a257484b', 'acc6d625-849b-4c1c-890a-f2e5d07f8027', 8, '2023-01-29'),
('ddd0cdf0-79b8-4a0d-a04c-ac35c89025f4', 'acc6d625-849b-4c1c-890a-f2e5d07f8027', 44, '2023-06-01'),
('dddba91c-2da1-435e-9a40-5c045fd370eb', 'acc6d625-849b-4c1c-890a-f2e5d07f8027', 45, '2023-09-05'),
('ddf60ac9-52f1-4fb5-9211-78faea498ab6', 'acc6d625-849b-4c1c-890a-f2e5d07f8027', 59, '2023-09-22'),
('ddf68a00-41fd-4532-9cfd-024de4088b27', 'acc6d625-849b-4c1c-890a-f2e5d07f8027', 47, '2023-03-04'),
('ddfbe499-11a5-4fb0-b120-469ee0d7e50d', 'acc6d625-849b-4c1c-890a-f2e5d07f8027', 47, '2023-06-19'),
('de07f0f0-8536-43ac-b3c9-3cb85640bb23', 'acc6d625-849b-4c1c-890a-f2e5d07f8027', 59, '2023-04-11'),
('de655c0b-f7ed-4791-9510-d4147ce40eab', 'acc6d625-849b-4c1c-890a-f2e5d07f8027', 58, '2023-07-23'),
('de827e3f-995f-4858-b36f-e7f03586568b', 'acc6d625-849b-4c1c-890a-f2e5d07f8027', 52, '2023-02-21'),
('de88fd58-6686-4474-af6f-4b4462cd1c6d', 'acc6d625-849b-4c1c-890a-f2e5d07f8027', 49, '2023-03-09'),
('ded2e4bc-0989-410a-8f7f-f835da87bd1f', 'acc6d625-849b-4c1c-890a-f2e5d07f8027', 45, '2023-07-15'),
('dee71b8f-9808-4afe-9ee5-eb9580a33354', 'acc6d625-849b-4c1c-890a-f2e5d07f8027', 57, '2023-05-25'),
('df11b131-2f02-4709-bc79-6afab888cd40', 'acc6d625-849b-4c1c-890a-f2e5d07f8027', 39, '2023-04-04'),
('df2571de-23ec-4d01-98f8-a4a9205a0de4', 'acc6d625-849b-4c1c-890a-f2e5d07f8027', 21, '2023-06-28'),
('df4ff0c9-c75a-4b08-8783-120ecd498ff2', 'acc6d625-849b-4c1c-890a-f2e5d07f8027', 59, '2023-07-18'),
('dfabeb89-ef35-4318-8640-3e707607ecf3', 'acc6d625-849b-4c1c-890a-f2e5d07f8027', 31, '2023-07-14'),
('dfd4b0cf-7afa-46b2-84d9-5bb67beaca2c', 'acc6d625-849b-4c1c-890a-f2e5d07f8027', 18, '2023-03-26'),
('dffe8373-2024-43b8-8dca-f7870d81c8cd', 'acc6d625-849b-4c1c-890a-f2e5d07f8027', 7, '2023-01-13'),
('e0067249-ea89-42fa-8051-575ec64e1cd9', 'acc6d625-849b-4c1c-890a-f2e5d07f8027', 59, '2023-03-06'),
('e023b42e-67fd-49c2-bd44-6be74f226aca', 'acc6d625-849b-4c1c-890a-f2e5d07f8027', 37, '2023-04-11'),
('e09e6723-b2bf-4fe4-af7a-46e71d406270', 'acc6d625-849b-4c1c-890a-f2e5d07f8027', 8, '2023-08-06'),
('e0bb63aa-22e9-4e1b-8896-caffb2340a90', 'acc6d625-849b-4c1c-890a-f2e5d07f8027', 56, '2023-05-22'),
('e0c6ea07-c087-410f-b810-e6391f373a7e', 'acc6d625-849b-4c1c-890a-f2e5d07f8027', 57, '2023-04-07'),
('e102a693-ef81-465a-9d02-277555ed8a10', 'acc6d625-849b-4c1c-890a-f2e5d07f8027', 48, '2023-05-26'),
('e1261a25-3333-4d77-99d4-731467fe8ac1', 'acc6d625-849b-4c1c-890a-f2e5d07f8027', 35, '2023-02-18'),
('e137cf6a-b9a1-4fe2-b125-3dc05833de83', 'acc6d625-849b-4c1c-890a-f2e5d07f8027', 21, '2023-09-21'),
('e141a8a6-f168-4209-8357-46f0e926f7ba', 'acc6d625-849b-4c1c-890a-f2e5d07f8027', 7, '2023-08-16'),
('e1638e7b-01b9-45c0-8c8f-973f160ebc4e', 'acc6d625-849b-4c1c-890a-f2e5d07f8027', 31, '2023-07-16'),
('e1776453-9bf4-494d-bcbb-6b0bdddcc33e', 'acc6d625-849b-4c1c-890a-f2e5d07f8027', 48, '2023-03-03'),
('e17b8cf5-9bde-40d6-b005-db82f9e0b9b9', 'acc6d625-849b-4c1c-890a-f2e5d07f8027', 15, '2023-01-22'),
('e19503a9-6953-460d-b573-d72141f95fc5', 'acc6d625-849b-4c1c-890a-f2e5d07f8027', 11, '2023-09-08'),
('e1a50992-f640-424c-b1e4-a7057fae051a', 'acc6d625-849b-4c1c-890a-f2e5d07f8027', 14, '2023-06-16'),
('e1d587ea-9d83-4585-8b88-e32a662933e0', 'acc6d625-849b-4c1c-890a-f2e5d07f8027', 57, '2023-04-28'),
('e1e42081-b530-468a-89ab-c9920fede658', 'acc6d625-849b-4c1c-890a-f2e5d07f8027', 29, '2023-04-27'),
('e232e37c-3cd5-416f-a5bb-48485d6f02a1', 'acc6d625-849b-4c1c-890a-f2e5d07f8027', 18, '2023-08-08'),
('e2337fbe-2826-4e1c-ab51-c4053cb1fa66', 'acc6d625-849b-4c1c-890a-f2e5d07f8027', 52, '2023-01-23'),
('e3360a5d-6447-413e-9cbc-9debc8964bd8', 'acc6d625-849b-4c1c-890a-f2e5d07f8027', 30, '2023-03-27'),
('e3a13bc2-a809-4cbd-81fd-a2a3cded0ec6', 'acc6d625-849b-4c1c-890a-f2e5d07f8027', 49, '2023-03-16'),
('e3ae86bd-8e37-418f-b84e-9eae0ce6e690', 'acc6d625-849b-4c1c-890a-f2e5d07f8027', 37, '2023-01-20'),
('e3c572c5-7f6d-4148-80e1-00a3eb67b826', 'acc6d625-849b-4c1c-890a-f2e5d07f8027', 20, '2023-08-03'),
('e4348b77-f5b9-4de4-94c3-b3de9cbc9a73', 'acc6d625-849b-4c1c-890a-f2e5d07f8027', 10, '2023-01-24'),
('e44d44a9-4d16-4ffe-bfd8-fa1e1dfc9b33', 'acc6d625-849b-4c1c-890a-f2e5d07f8027', 14, '2023-07-30'),
('e455a08e-1113-4e38-aa1d-66ae226ad3bc', 'acc6d625-849b-4c1c-890a-f2e5d07f8027', 6, '2023-05-20'),
('e47fd53a-f8d0-4adf-93ee-9362b763095a', 'acc6d625-849b-4c1c-890a-f2e5d07f8027', 2, '2023-02-13'),
('e4958cb0-b1b4-471e-9a3f-8af58b693252', 'acc6d625-849b-4c1c-890a-f2e5d07f8027', 60, '2023-05-15'),
('e4bfb2d5-d6aa-4e16-9410-2fbace03dd77', 'acc6d625-849b-4c1c-890a-f2e5d07f8027', 44, '2023-08-02'),
('e4c236ca-2368-4ef0-bda7-f010c32a583c', 'acc6d625-849b-4c1c-890a-f2e5d07f8027', 55, '2023-09-24'),
('e4c3ce8d-26c7-4a0b-a75d-9d403cbd6340', 'acc6d625-849b-4c1c-890a-f2e5d07f8027', 19, '2023-08-31'),
('e5732361-0df9-4e2c-86b3-2f464dd3481a', 'acc6d625-849b-4c1c-890a-f2e5d07f8027', 50, '2023-06-03'),
('e5748391-4843-4725-804b-291867c9a521', 'acc6d625-849b-4c1c-890a-f2e5d07f8027', 37, '2023-03-09'),
('e596e76e-6a9b-4e58-a227-9c38988b047a', 'acc6d625-849b-4c1c-890a-f2e5d07f8027', 14, '2023-09-07'),
('e5d5e11b-b7ab-4220-9467-e1d4efb86e46', 'acc6d625-849b-4c1c-890a-f2e5d07f8027', 42, '2023-06-04'),
('e5ea1152-fef9-449d-a2c2-42fd260ba55d', 'acc6d625-849b-4c1c-890a-f2e5d07f8027', 11, '2023-08-31'),
('e6039c6f-64e6-47f3-9004-7d9cbddbb774', 'acc6d625-849b-4c1c-890a-f2e5d07f8027', 8, '2023-02-25'),
('e61e87e6-6655-47b2-bef8-a7192d415d42', 'acc6d625-849b-4c1c-890a-f2e5d07f8027', 59, '2023-05-30'),
('e65ce3a6-35f8-48c3-bb55-7a140b75b9f0', 'acc6d625-849b-4c1c-890a-f2e5d07f8027', 29, '2023-07-07'),
('e66ca7fe-64ed-4eb4-a31e-6a788ede0002', 'acc6d625-849b-4c1c-890a-f2e5d07f8027', 14, '2023-04-19'),
('e678b68d-50c5-4bf8-b911-6023fcb36108', 'acc6d625-849b-4c1c-890a-f2e5d07f8027', 3, '2023-04-30'),
('e693cae9-1627-499d-ab10-81b9443e4f16', 'acc6d625-849b-4c1c-890a-f2e5d07f8027', 53, '2023-07-01'),
('e6b3dad7-3425-4bb6-a210-7a1f576ae4c8', 'acc6d625-849b-4c1c-890a-f2e5d07f8027', 17, '2023-07-13'),
('e6bbf178-0d31-4942-bd42-514f0a8139fd', 'acc6d625-849b-4c1c-890a-f2e5d07f8027', 38, '2023-01-12'),
('e6bf78f9-fc54-4c4c-b378-180c00f3ebf4', 'acc6d625-849b-4c1c-890a-f2e5d07f8027', 24, '2023-08-22'),
('e705a089-a0d4-445c-b914-c4c54072430f', 'acc6d625-849b-4c1c-890a-f2e5d07f8027', 22, '2023-01-23'),
('e7096779-4cc1-4807-b532-5144db8047f3', 'acc6d625-849b-4c1c-890a-f2e5d07f8027', 25, '2023-01-01'),
('e72a1737-9793-4278-b2b4-13cf01dcf45a', 'acc6d625-849b-4c1c-890a-f2e5d07f8027', 60, '2023-09-16'),
('e77809db-ceac-4a1f-98a7-b4c28fbc954e', 'acc6d625-849b-4c1c-890a-f2e5d07f8027', 15, '2023-08-03'),
('e7a13bf1-b0da-4250-bb34-41ef54b789fd', 'acc6d625-849b-4c1c-890a-f2e5d07f8027', 51, '2023-05-31'),
('e7c3d74e-6862-4f2d-ad62-d91ca16bb0cc', 'acc6d625-849b-4c1c-890a-f2e5d07f8027', 28, '2023-01-19'),
('e81e3539-f3ad-4e50-9caa-daa091c2258a', 'acc6d625-849b-4c1c-890a-f2e5d07f8027', 8, '2023-03-04'),
('e84169a6-0907-47c6-8c04-bf9571bc11ae', 'acc6d625-849b-4c1c-890a-f2e5d07f8027', 35, '2023-03-06'),
('e8709d8a-b283-4904-a5e2-a6dcb70f0889', 'acc6d625-849b-4c1c-890a-f2e5d07f8027', 40, '2023-03-27'),
('e879f6bb-cfac-4833-9fef-df980fff8c8e', 'acc6d625-849b-4c1c-890a-f2e5d07f8027', 23, '2023-05-29'),
('e8a2d620-2fa1-4cd5-9e80-5a5f802b2ea6', 'acc6d625-849b-4c1c-890a-f2e5d07f8027', 10, '2023-02-04'),
('e8c19a6c-0eb4-4eb1-9880-3c1a2b852255', 'acc6d625-849b-4c1c-890a-f2e5d07f8027', 28, '2023-09-17'),
('e8c92b9c-d45d-458d-8c91-42668dbc1c48', 'acc6d625-849b-4c1c-890a-f2e5d07f8027', 51, '2023-02-26'),
('e8dbb012-86eb-4805-8833-9893abc05cca', 'acc6d625-849b-4c1c-890a-f2e5d07f8027', 50, '2023-09-17'),
('e8ddfbe7-481a-496e-bf0d-72d829ff668c', 'acc6d625-849b-4c1c-890a-f2e5d07f8027', 38, '2023-07-01'),
('e91b1ca6-17c2-4ff0-8369-e1cca3bdf46d', 'acc6d625-849b-4c1c-890a-f2e5d07f8027', 54, '2023-06-03'),
('e9ec26ec-819c-4d75-b7fc-ea6e77bdb5c5', 'acc6d625-849b-4c1c-890a-f2e5d07f8027', 43, '2023-09-06'),
('e9f6f70d-08ec-4eba-99f5-28eebdbc6aba', 'acc6d625-849b-4c1c-890a-f2e5d07f8027', 48, '2023-07-27'),
('ea60e7de-0228-416f-a759-a2cdbd5aabe2', 'acc6d625-849b-4c1c-890a-f2e5d07f8027', 7, '2023-03-23'),
('ea66b060-7525-4cb0-bf47-6f0aff1ab355', 'acc6d625-849b-4c1c-890a-f2e5d07f8027', 1, '2023-05-01'),
('ea684222-6ca7-4f03-b65e-0a03ec57cf0a', 'acc6d625-849b-4c1c-890a-f2e5d07f8027', 27, '2023-05-15'),
('ea8c3b7d-cb65-47a7-9d63-654514bc3849', 'acc6d625-849b-4c1c-890a-f2e5d07f8027', 2, '2023-01-05'),
('ead0e4d3-2247-4c1e-8ece-a4a700f924c2', 'acc6d625-849b-4c1c-890a-f2e5d07f8027', 19, '2023-04-16'),
('ead89177-b358-4c48-be92-84d6bf408454', 'acc6d625-849b-4c1c-890a-f2e5d07f8027', 25, '2023-04-23'),
('eae0a4d5-5010-4f0b-b0b3-1cc79d74ca80', 'acc6d625-849b-4c1c-890a-f2e5d07f8027', 46, '2023-01-04'),
('eae3ed42-9ee7-4a51-8478-c276b98de314', 'acc6d625-849b-4c1c-890a-f2e5d07f8027', 37, '2023-06-12'),
('eb0cdd31-fb04-4251-9992-2b2e5590b853', 'acc6d625-849b-4c1c-890a-f2e5d07f8027', 2, '2023-01-01'),
('eb10c30c-208f-4449-80e0-a0fd49ce2028', 'acc6d625-849b-4c1c-890a-f2e5d07f8027', 47, '2023-07-31'),
('ebac31e9-8e72-4895-856e-ab6c70153a63', 'acc6d625-849b-4c1c-890a-f2e5d07f8027', 23, '2023-02-18'),
('ec5ee003-e493-4b7a-b9c9-5cc7e42a6478', 'acc6d625-849b-4c1c-890a-f2e5d07f8027', 50, '2023-06-30'),
('ec69c62d-efe0-41f0-b6a1-3ff31dc15c50', 'acc6d625-849b-4c1c-890a-f2e5d07f8027', 59, '2023-01-26'),
('ec7d8e45-34e5-4694-af0b-8210ca34b110', 'acc6d625-849b-4c1c-890a-f2e5d07f8027', 29, '2023-01-22'),
('eca65f83-853d-415d-8edf-9ef746da3826', 'acc6d625-849b-4c1c-890a-f2e5d07f8027', 4, '2023-05-03'),
('ecb28753-e5d3-4620-821a-111e8abec804', 'acc6d625-849b-4c1c-890a-f2e5d07f8027', 60, '2023-03-08'),
('ecf4a261-9b37-4451-a0a6-548a0a107265', 'acc6d625-849b-4c1c-890a-f2e5d07f8027', 11, '2023-06-16'),
('ecfa82c1-d71b-489e-9d1f-98b7b0e467ef', 'acc6d625-849b-4c1c-890a-f2e5d07f8027', 10, '2023-02-02'),
('edb508c9-a40d-4bc1-a9b0-149bea693cfd', 'acc6d625-849b-4c1c-890a-f2e5d07f8027', 14, '2023-01-09'),
('edef4299-2449-4af5-a22d-bda7419bfa55', 'acc6d625-849b-4c1c-890a-f2e5d07f8027', 26, '2023-05-20'),
('ee29767b-984a-4cd0-a210-4d5bd450eae6', 'acc6d625-849b-4c1c-890a-f2e5d07f8027', 57, '2023-04-12'),
('ee4bc6d0-05c0-4353-b620-a56f8ba70d23', 'acc6d625-849b-4c1c-890a-f2e5d07f8027', 30, '2023-07-06'),
('ee7d247b-6773-47df-91ce-72a0033cf049', 'acc6d625-849b-4c1c-890a-f2e5d07f8027', 26, '2023-06-08'),
('ee7f9544-6f56-4ee5-beff-fce00a1c7262', 'acc6d625-849b-4c1c-890a-f2e5d07f8027', 53, '2023-05-14'),
('ee9f0a09-cfbf-4fb6-91bb-e4c1fe9c99f1', 'acc6d625-849b-4c1c-890a-f2e5d07f8027', 26, '2023-05-23');
INSERT INTO `food_record` (`RecordID`, `MemberID`, `FoodID`, `Date`) VALUES
('eebaf6b0-665f-4ea8-aaa0-2a1a082513f0', 'acc6d625-849b-4c1c-890a-f2e5d07f8027', 1, '2023-03-20'),
('eedc947d-8879-4f9b-b600-f0d10fdafb8c', 'acc6d625-849b-4c1c-890a-f2e5d07f8027', 34, '2023-09-04'),
('eee16c44-155a-4237-9a2e-b14098f03519', 'acc6d625-849b-4c1c-890a-f2e5d07f8027', 33, '2023-06-25'),
('ef01af3e-abd6-4487-8755-60c6298a498b', 'acc6d625-849b-4c1c-890a-f2e5d07f8027', 30, '2023-04-21'),
('ef927176-a32c-4d56-b35e-2a6a12291fd8', 'acc6d625-849b-4c1c-890a-f2e5d07f8027', 24, '2023-05-03'),
('ef9e76eb-dfab-4a11-b3bd-55ab6012bc5d', 'acc6d625-849b-4c1c-890a-f2e5d07f8027', 18, '2023-03-21'),
('efae10bd-80e4-41be-b614-697888f92d5a', 'acc6d625-849b-4c1c-890a-f2e5d07f8027', 19, '2023-09-26'),
('efc62e3d-75be-4b57-9ae0-68d12151b7ed', 'acc6d625-849b-4c1c-890a-f2e5d07f8027', 4, '2023-01-08'),
('efca6568-5804-402c-811f-c591b9ba31e1', 'acc6d625-849b-4c1c-890a-f2e5d07f8027', 18, '2023-06-01'),
('efff1490-21c6-4d1c-a409-2d8185314911', 'acc6d625-849b-4c1c-890a-f2e5d07f8027', 14, '2023-01-27'),
('f039668f-d49e-4e11-baac-6e33e1062d3a', 'acc6d625-849b-4c1c-890a-f2e5d07f8027', 25, '2023-02-27'),
('f04b571c-4ce8-4152-8593-107b90e256d4', 'acc6d625-849b-4c1c-890a-f2e5d07f8027', 30, '2023-02-22'),
('f072549c-80f9-4596-b05a-8ec6e01627f5', 'acc6d625-849b-4c1c-890a-f2e5d07f8027', 8, '2023-06-18'),
('f0a8a580-1828-432a-b238-42f1c4464d69', 'acc6d625-849b-4c1c-890a-f2e5d07f8027', 3, '2023-06-24'),
('f0bc42a1-1fc1-4b8b-8cf0-dfc75e08c514', 'acc6d625-849b-4c1c-890a-f2e5d07f8027', 55, '2023-05-04'),
('f0cbbf93-8bb4-4808-9ab7-b12e285dc7cb', 'acc6d625-849b-4c1c-890a-f2e5d07f8027', 1, '2023-09-28'),
('f0cef888-d7fb-4553-a984-6cb59a4ac531', 'acc6d625-849b-4c1c-890a-f2e5d07f8027', 24, '2023-03-28'),
('f0ede5dd-db47-458a-9991-dc9b878e3484', 'acc6d625-849b-4c1c-890a-f2e5d07f8027', 9, '2023-07-20'),
('f102c9ec-f45a-4631-8f57-7a48537b6946', 'acc6d625-849b-4c1c-890a-f2e5d07f8027', 16, '2023-01-03'),
('f106afa0-6bde-4108-9e74-56779dd9416d', 'acc6d625-849b-4c1c-890a-f2e5d07f8027', 7, '2023-05-18'),
('f13c5668-95eb-49c8-ab08-502abcb04523', 'acc6d625-849b-4c1c-890a-f2e5d07f8027', 19, '2023-04-25'),
('f14f36f9-9417-478f-8997-f847b8f59408', 'acc6d625-849b-4c1c-890a-f2e5d07f8027', 5, '2023-05-17'),
('f1795331-8bb6-4504-95d9-3d1ae53cc643', 'acc6d625-849b-4c1c-890a-f2e5d07f8027', 24, '2023-02-04'),
('f18a50e8-ce0e-4bb8-96e6-f7b447866a9e', 'acc6d625-849b-4c1c-890a-f2e5d07f8027', 20, '2023-07-22'),
('f1b648e6-f505-4802-a2d9-6b645bf84f4b', 'acc6d625-849b-4c1c-890a-f2e5d07f8027', 36, '2023-03-12'),
('f1d1a8c9-5f63-4cc5-8d77-e9d956bdcc46', 'acc6d625-849b-4c1c-890a-f2e5d07f8027', 50, '2023-07-25'),
('f1d23c60-63ef-4985-934d-d1a5e3b5b4a7', 'acc6d625-849b-4c1c-890a-f2e5d07f8027', 33, '2023-06-18'),
('f1e13a91-e52c-462b-b965-9443cd7b9248', 'acc6d625-849b-4c1c-890a-f2e5d07f8027', 52, '2023-09-14'),
('f20cf3e5-aa66-4781-8f08-43de9adc7406', 'acc6d625-849b-4c1c-890a-f2e5d07f8027', 59, '2023-01-20'),
('f21a60b9-0af9-48aa-b2bf-38859631362b', 'acc6d625-849b-4c1c-890a-f2e5d07f8027', 52, '2023-09-30'),
('f2284f60-414f-4acf-b775-fadff1945ca0', 'acc6d625-849b-4c1c-890a-f2e5d07f8027', 19, '2023-05-10'),
('f26e5025-6a43-47d5-b29a-9660a26882d9', 'acc6d625-849b-4c1c-890a-f2e5d07f8027', 38, '2023-06-15'),
('f2a55350-691d-4ac5-8563-df9fd1f2e157', 'acc6d625-849b-4c1c-890a-f2e5d07f8027', 48, '2023-09-01'),
('f3067cf8-1fa5-4753-8eee-fd48705d2c36', 'acc6d625-849b-4c1c-890a-f2e5d07f8027', 49, '2023-05-25'),
('f30a6f8b-d320-4508-a012-46baf47c6bcd', 'acc6d625-849b-4c1c-890a-f2e5d07f8027', 18, '2023-01-27'),
('f3329c5d-7bc5-4747-a4a9-e3495201a5a9', 'acc6d625-849b-4c1c-890a-f2e5d07f8027', 53, '2023-09-29'),
('f3619f88-fccb-4f2f-925d-085cad2e11ce', 'acc6d625-849b-4c1c-890a-f2e5d07f8027', 46, '2023-06-23'),
('f37a031c-92b9-469f-baae-ff8d7295d8b0', 'acc6d625-849b-4c1c-890a-f2e5d07f8027', 41, '2023-03-09'),
('f3ad9e2e-e7de-4a77-b8c0-2793c1ee6ad4', 'acc6d625-849b-4c1c-890a-f2e5d07f8027', 2, '2023-01-07'),
('f3d110a5-317f-4b74-8a3b-4f07455d049a', 'acc6d625-849b-4c1c-890a-f2e5d07f8027', 55, '2023-06-24'),
('f3d46289-dc6d-4501-9847-a291f1c823e8', 'acc6d625-849b-4c1c-890a-f2e5d07f8027', 13, '2023-03-15'),
('f3e63181-0f9b-41a7-b735-bc8bcb99dcc3', 'acc6d625-849b-4c1c-890a-f2e5d07f8027', 14, '2023-02-17'),
('f3ec275c-7f52-4353-9789-ede3fd6e71bc', 'acc6d625-849b-4c1c-890a-f2e5d07f8027', 8, '2023-05-23'),
('f3ee8e56-340b-4aa1-a995-111dbe470bb3', 'acc6d625-849b-4c1c-890a-f2e5d07f8027', 2, '2023-07-29'),
('f3f1023e-67d1-47ee-bca5-ba4e9431d9c5', 'acc6d625-849b-4c1c-890a-f2e5d07f8027', 21, '2023-01-02'),
('f41169b3-a7a8-44ca-85b4-0f529a2d0af7', 'acc6d625-849b-4c1c-890a-f2e5d07f8027', 43, '2023-03-03'),
('f429585a-f1e7-474a-8f5c-f82319b95601', 'acc6d625-849b-4c1c-890a-f2e5d07f8027', 10, '2023-07-09'),
('f4502147-b5d3-4144-a87e-42a0eed22605', 'acc6d625-849b-4c1c-890a-f2e5d07f8027', 15, '2023-06-28'),
('f473300a-51ed-4a9b-826a-535d22194ad2', 'acc6d625-849b-4c1c-890a-f2e5d07f8027', 3, '2023-07-28'),
('f4c3dae0-7009-4a93-b259-7b9a25fcb6d8', 'acc6d625-849b-4c1c-890a-f2e5d07f8027', 20, '2023-08-18'),
('f4e98319-7ef1-4115-b92d-8628cdcdfbbc', 'acc6d625-849b-4c1c-890a-f2e5d07f8027', 50, '2023-08-18'),
('f503934a-a739-473a-a812-ba3f221e9be1', 'acc6d625-849b-4c1c-890a-f2e5d07f8027', 38, '2023-07-08'),
('f514817f-3709-4ea6-bbf9-83b6c08ed4e2', 'acc6d625-849b-4c1c-890a-f2e5d07f8027', 50, '2023-09-15'),
('f51cd137-0b74-465d-adab-aca6d5ca9266', 'acc6d625-849b-4c1c-890a-f2e5d07f8027', 13, '2023-09-02'),
('f56b6d97-7cea-47fb-8896-cef2d49e592e', 'acc6d625-849b-4c1c-890a-f2e5d07f8027', 20, '2023-01-28'),
('f57450f1-65c3-4af8-8a10-30044fdf61c8', 'acc6d625-849b-4c1c-890a-f2e5d07f8027', 16, '2023-08-26'),
('f588c684-d02d-416a-88b6-8c7ba89fbeeb', 'acc6d625-849b-4c1c-890a-f2e5d07f8027', 59, '2023-09-01'),
('f5d945bd-735d-458b-9c1a-c9d96bc7d87f', 'acc6d625-849b-4c1c-890a-f2e5d07f8027', 56, '2023-09-25'),
('f5d96b43-e08e-4f4c-9ade-c4f234f05895', 'acc6d625-849b-4c1c-890a-f2e5d07f8027', 30, '2023-08-04'),
('f65346a8-11dd-4f1a-9872-7cd77a45d574', 'acc6d625-849b-4c1c-890a-f2e5d07f8027', 50, '2023-01-10'),
('f66aaf0a-35c2-4bfd-83df-93e9b7582664', 'acc6d625-849b-4c1c-890a-f2e5d07f8027', 50, '2023-08-19'),
('f66cd2e4-e96f-49f0-b84b-2bf0b21e6215', 'acc6d625-849b-4c1c-890a-f2e5d07f8027', 59, '2023-08-15'),
('f6bd1da6-6216-42f6-bbe4-9dd61d7f35d4', 'acc6d625-849b-4c1c-890a-f2e5d07f8027', 38, '2023-05-10'),
('f6c60726-c6b3-4606-8596-dd2cfc484a57', 'acc6d625-849b-4c1c-890a-f2e5d07f8027', 10, '2023-04-10'),
('f6c8a631-749a-45f2-9c40-9aea7ba374cb', 'acc6d625-849b-4c1c-890a-f2e5d07f8027', 34, '2023-01-11'),
('f6e18fd3-17e4-4411-9f1e-4e3fba4c9df5', 'acc6d625-849b-4c1c-890a-f2e5d07f8027', 10, '2023-05-29'),
('f70bdeef-0de5-46a9-9013-722023b1f505', 'acc6d625-849b-4c1c-890a-f2e5d07f8027', 51, '2023-09-03'),
('f717e4e0-f7f0-4cd0-8e9b-24f37f1e306a', 'acc6d625-849b-4c1c-890a-f2e5d07f8027', 51, '2023-05-19'),
('f7b8b2a4-3d4b-4429-82e8-64b5ccf04b44', 'acc6d625-849b-4c1c-890a-f2e5d07f8027', 10, '2023-02-16'),
('f8333020-d63b-4bde-9e3c-f73b4ba49f67', 'acc6d625-849b-4c1c-890a-f2e5d07f8027', 35, '2023-06-01'),
('f88d270e-f9ca-4f5c-b1b5-2e6bb6d12de9', 'acc6d625-849b-4c1c-890a-f2e5d07f8027', 28, '2023-04-17'),
('f8a1d0c4-c38e-41ac-96d9-e54747baaf21', 'acc6d625-849b-4c1c-890a-f2e5d07f8027', 58, '2023-05-03'),
('f8b4a6b9-e564-45f5-a41d-5d45566be083', 'acc6d625-849b-4c1c-890a-f2e5d07f8027', 58, '2023-06-20'),
('f8d26f7d-cee1-45bd-b898-e07818825481', 'acc6d625-849b-4c1c-890a-f2e5d07f8027', 58, '2023-02-06'),
('f92a7b89-1575-488b-aa73-7e6d67be080d', 'acc6d625-849b-4c1c-890a-f2e5d07f8027', 16, '2023-09-18'),
('f9823923-b624-4c88-a3ad-cc0a45a583dc', 'acc6d625-849b-4c1c-890a-f2e5d07f8027', 23, '2023-03-05'),
('f99b9ec6-2fc1-4aef-8d38-89711c499bb1', 'acc6d625-849b-4c1c-890a-f2e5d07f8027', 17, '2023-05-21'),
('f99fbded-7418-4cc0-88f2-54b938206e01', 'acc6d625-849b-4c1c-890a-f2e5d07f8027', 7, '2023-08-14'),
('f9a51eb7-03f5-4499-a3b0-94962698f97b', 'acc6d625-849b-4c1c-890a-f2e5d07f8027', 47, '2023-05-08'),
('f9b02061-87bc-4c93-b3e7-b76956592f59', 'acc6d625-849b-4c1c-890a-f2e5d07f8027', 26, '2023-07-14'),
('f9c07a58-3089-41ad-b09a-3aa159884998', 'acc6d625-849b-4c1c-890a-f2e5d07f8027', 31, '2023-06-19'),
('f9d41d9b-74d5-4b6b-8d87-4b34ca8be167', 'acc6d625-849b-4c1c-890a-f2e5d07f8027', 29, '2023-04-06'),
('fa067d4a-ffb8-44bd-909e-c47a37d6405a', 'acc6d625-849b-4c1c-890a-f2e5d07f8027', 50, '2023-02-10'),
('fa0982f9-5c0e-4e95-b237-4e4feb4d732e', 'acc6d625-849b-4c1c-890a-f2e5d07f8027', 13, '2023-05-22'),
('fa232b38-fed3-4122-a4a6-fdbf61d1086c', 'acc6d625-849b-4c1c-890a-f2e5d07f8027', 59, '2023-03-26'),
('fa32074b-cbe9-46c0-8263-fb2266766430', 'acc6d625-849b-4c1c-890a-f2e5d07f8027', 38, '2023-04-02'),
('fa988ec1-0f7a-4ac4-82f8-eb7ac6506133', 'acc6d625-849b-4c1c-890a-f2e5d07f8027', 17, '2023-05-14'),
('faa5f403-1927-4b27-a247-35ac8460a6ea', 'acc6d625-849b-4c1c-890a-f2e5d07f8027', 35, '2023-03-29'),
('fac163da-1362-43f8-a6ff-08d728573c02', 'acc6d625-849b-4c1c-890a-f2e5d07f8027', 29, '2023-06-10'),
('fac8d84e-1436-4355-9b03-7b4ce7baeebc', 'acc6d625-849b-4c1c-890a-f2e5d07f8027', 10, '2023-02-13'),
('fae49b75-7258-4832-8e69-cf4b60c93578', 'acc6d625-849b-4c1c-890a-f2e5d07f8027', 22, '2023-05-04'),
('fb086fe6-8429-49a8-9aa4-edb39d69ccde', 'acc6d625-849b-4c1c-890a-f2e5d07f8027', 60, '2023-04-01'),
('fb3be9d4-da9c-4f0f-a7f7-728e3d216eb4', 'acc6d625-849b-4c1c-890a-f2e5d07f8027', 13, '2023-05-29'),
('fb8fcfd4-4270-46bf-947b-709c32157dee', 'acc6d625-849b-4c1c-890a-f2e5d07f8027', 52, '2023-06-25'),
('fbaf111f-6c60-404b-84cc-fb7aeabc936a', 'acc6d625-849b-4c1c-890a-f2e5d07f8027', 28, '2023-09-21'),
('fc989da0-b8ad-42f5-807a-ac7f83243641', 'acc6d625-849b-4c1c-890a-f2e5d07f8027', 50, '2023-07-16'),
('fca39970-6748-41d6-810e-d03349d4cf8a', 'acc6d625-849b-4c1c-890a-f2e5d07f8027', 34, '2023-01-17'),
('fcb5d2fd-e711-45dd-9a77-37aadcf39432', 'acc6d625-849b-4c1c-890a-f2e5d07f8027', 21, '2023-08-09'),
('fd0cfdd2-da98-43be-9a47-0d3b7b492754', 'acc6d625-849b-4c1c-890a-f2e5d07f8027', 11, '2023-03-27'),
('fd1dd542-ec52-437b-9415-ad84f28b2113', 'acc6d625-849b-4c1c-890a-f2e5d07f8027', 54, '2023-01-20'),
('fd28a34a-b66c-4c28-a9b0-166736f9e1a0', 'acc6d625-849b-4c1c-890a-f2e5d07f8027', 10, '2023-04-12'),
('fd51426d-95ce-43be-a3bc-72a5c1640a02', 'acc6d625-849b-4c1c-890a-f2e5d07f8027', 59, '2023-08-18'),
('fd6ad890-4797-4cc6-b6d9-32e9f7003d7e', 'acc6d625-849b-4c1c-890a-f2e5d07f8027', 21, '2023-02-26'),
('fd6befb7-bb12-43b1-a2e2-502ba039482e', 'acc6d625-849b-4c1c-890a-f2e5d07f8027', 51, '2023-07-18'),
('fd9e1522-ca4c-41b6-9ddb-748ef08e01c1', 'acc6d625-849b-4c1c-890a-f2e5d07f8027', 19, '2023-08-08'),
('fd9e5ce1-0959-45be-b69d-ff727f927222', 'acc6d625-849b-4c1c-890a-f2e5d07f8027', 59, '2023-09-18'),
('fe327e83-3fa3-4ae7-b8d0-35f980927d1a', 'acc6d625-849b-4c1c-890a-f2e5d07f8027', 15, '2023-08-05'),
('fe88098b-5a67-4b8c-a521-55527b442d12', 'acc6d625-849b-4c1c-890a-f2e5d07f8027', 17, '2023-08-06'),
('fe9a7fa0-5201-4eca-839d-f245550d5f81', 'acc6d625-849b-4c1c-890a-f2e5d07f8027', 28, '2023-02-07'),
('feca4315-89e0-4121-b541-eed7f97aefc1', 'acc6d625-849b-4c1c-890a-f2e5d07f8027', 60, '2023-02-07'),
('fed45550-6296-4d2f-bc0c-1843f9468c22', 'acc6d625-849b-4c1c-890a-f2e5d07f8027', 38, '2023-07-02'),
('ff4b8cd7-0ec6-4ad2-81f3-18712a6cd6c4', 'acc6d625-849b-4c1c-890a-f2e5d07f8027', 38, '2023-04-18');

-- --------------------------------------------------------

--
-- 資料表結構 `history`
--

CREATE TABLE `history` (
  `historyID` varchar(255) NOT NULL,
  `watchdate` varchar(255) DEFAULT NULL,
  `videoID` varchar(255) NOT NULL,
  `memberid` varchar(255) NOT NULL
) ENGINE=InnoDB DEFAULT CHARSET=utf8mb4;

--
-- 傾印資料表的資料 `history`
--

INSERT INTO `history` (`historyID`, `watchdate`, `videoID`, `memberid`) VALUES
('000a2bed-9b78-4831-bff2-ceb5ca8b1079', '2023-08-30T01:49:38.745Z', '23', ''),
('029b7686-3c1f-4a4f-b1f9-ac1c78812ad3', '2023-08-29T01:47:49.677Z', '6', '13d416df-343e-4b0e-9131-f9af9af1c13d'),
('032f7d34-0dcd-405b-acd7-d99835cb3265', '2023-08-24T19:56:19.942Z', '22', '13d416df-343e-4b0e-9131-f9af9af1c13d'),
('03b1e864-9672-4d0b-bc2a-36beed1cfc92', '2023-08-29T01:48:43.103Z', '31', '13d416df-343e-4b0e-9131-f9af9af1c13d'),
('041025cd-c765-418f-b497-b8f833d8f7d9', '2023-08-16T03:31:33.578Z', '21', 'bcb712e2-9094-434a-8331-90ef53124595'),
('047e70c8-5576-4cf0-8bb3-7a5332a148e1', '2023-08-17T06:36:46.248Z', '6', 'bcb712e2-9094-434a-8331-90ef53124595'),
('04b70bef-db3d-49c2-b666-596242ac4cbf', '2023-08-28T16:55:54.053Z', '33', '13d416df-343e-4b0e-9131-f9af9af1c13d'),
('05040764-26e1-491b-a1f5-3112858bf50d', '2023-08-30T01:46:41.612Z', '23', ''),
('0a5dea9b-e054-4ad7-92c7-633d4e1d4b0c', '2023-08-16T03:31:14.579Z', '9', 'bcb712e2-9094-434a-8331-90ef53124595'),
('0c1a98c9-4c14-4524-8c7d-ac82671a05f5', '2023-08-27T16:13:00.746Z', '6', '13d416df-343e-4b0e-9131-f9af9af1c13d'),
('0ca912ec-b241-4672-8659-e1bc1deacbce', '2023-08-27T17:08:53.445Z', '9', '13d416df-343e-4b0e-9131-f9af9af1c13d'),
('0e484c88-3348-4c03-8346-fde92e84afe1', '2023-08-27T08:27:13.091Z', '19', '13d416df-343e-4b0e-9131-f9af9af1c13d'),
('0ef8fea6-feb1-47c6-bc69-79b552b071dd', '2023-08-28T16:35:22.937Z', '40', '13d416df-343e-4b0e-9131-f9af9af1c13d'),
('0f13a10a-1d90-420d-a558-1d2d9ba1e966', '2023-08-28T16:34:15.267Z', '6', ''),
('10e4039c-75f8-4b0c-aa37-38e9a691360b', '2023-08-27T08:26:35.532Z', '21', '13d416df-343e-4b0e-9131-f9af9af1c13d'),
('1461bad9-4c31-4d13-88ab-c9065cf29b80', '2023-08-17T12:05:08.865Z', '6', 'bcb712e2-9094-434a-8331-90ef53124595'),
('179f5705-e89a-4784-90f5-ed06552ce623', '2023-08-25T05:16:20.702Z', '9', ''),
('18599ff8-5ce8-411e-9200-ea767c6869d4', '2023-08-27T07:11:05.571Z', '6', '13d416df-343e-4b0e-9131-f9af9af1c13d'),
('18efdb0c-39de-4554-98bc-b4d8bf73c31c', '2023-08-30T03:26:41.490Z', '6', '13d416df-343e-4b0e-9131-f9af9af1c13d'),
('198b9af9-1846-4316-828b-116c8e730911', '2023-08-29T01:52:41.140Z', '13', '13d416df-343e-4b0e-9131-f9af9af1c13d'),
('1a3c4e29-bb9c-4753-a96d-9a68da25fbc0', '2023-08-27T17:08:57.190Z', '9', '13d416df-343e-4b0e-9131-f9af9af1c13d'),
('1b25e07f-66f9-4129-869c-2e7b956381a8', '2023-08-24T19:55:52.427Z', '13', '13d416df-343e-4b0e-9131-f9af9af1c13d'),
('1c59b6b1-26ad-4d35-998e-9cec1380ed88', '2023-08-28T16:35:21.797Z', '40', ''),
('1e11f67a-65be-4e61-bfd0-cdf5d20aa112', '2023-08-27T07:30:59.704Z', '9', ''),
('1f27c273-6b18-4078-b3f1-3d7abf51ff54', '2023-08-29T01:50:34.319Z', '32', '13d416df-343e-4b0e-9131-f9af9af1c13d'),
('1f9bf8a3-7b62-4ea9-8185-dcf24f8bb1f9', '2023-08-28T16:24:45.014Z', '5', '13d416df-343e-4b0e-9131-f9af9af1c13d'),
('21c666da-7b50-4fac-a889-00725cf017b2', '2023-08-30T01:56:02.864Z', '23', ''),
('23f33c47-a48a-4003-a896-01d7914bcda2', '2023-08-28T16:48:26.529Z', '7', '13d416df-343e-4b0e-9131-f9af9af1c13d'),
('24f107b0-265c-4242-9db4-b923df0d0360', '2023-08-27T08:20:25.242Z', '9', '13d416df-343e-4b0e-9131-f9af9af1c13d'),
('25246077-ad48-459d-bcbc-c00141cd75ef', '2023-08-28T17:01:45.722Z', '20', '13d416df-343e-4b0e-9131-f9af9af1c13d'),
('283c0413-4906-4e9c-8fdd-c9c1a99c071a', '2023-08-27T15:09:35.223Z', '9', '13d416df-343e-4b0e-9131-f9af9af1c13d'),
('2c693eb4-adb9-4179-8c2b-c62f53a45735', '2023-08-28T16:33:50.932Z', '23', ''),
('2f5fb5cf-6daf-4c02-9f33-bf54a41c87f0', '2023-08-16T03:29:38.578Z', '6', 'bcb712e2-9094-434a-8331-90ef53124595'),
('304298d4-8618-4944-a1e6-1791174357c7', '2023-08-27T15:00:03.823Z', '9', ''),
('3177df87-3206-4e9d-8696-1b54815cc5f6', '2023-08-24T19:27:20.294Z', '13', '13d416df-343e-4b0e-9131-f9af9af1c13d'),
('31968021-2c11-497c-b44a-d9227ddf5d5c', '2023-08-24T19:22:30.602Z', '21', '13d416df-343e-4b0e-9131-f9af9af1c13d'),
('31c7b17d-ac1d-40d4-9e40-09a66190021c', '2023-08-30T02:20:39.396Z', '9', '13d416df-343e-4b0e-9131-f9af9af1c13d'),
('31d19a89-86f3-4fb2-ae59-3e8a5caabc16', '2023-08-27T15:10:06.073Z', '9', ''),
('31e10c53-fd43-4457-bcf1-51b2fef1ea4e', '2023-08-28T08:43:54.511Z', '6', '13d416df-343e-4b0e-9131-f9af9af1c13d'),
('32a33758-c8bf-45d8-94e0-31785a3755e7', '2023-08-29T01:53:19.128Z', '37', '13d416df-343e-4b0e-9131-f9af9af1c13d'),
('34fc5bff-e19b-4af7-872e-896bb1c75435', '2023-08-19T04:23:38.282Z', '6', 'bcb712e2-9094-434a-8331-90ef53124595'),
('356e39ad-878a-4c72-a533-4009ab64767c', '2023-08-24T19:21:56.898Z', '9', '13d416df-343e-4b0e-9131-f9af9af1c13d'),
('35c4ad83-8ade-4499-b7ed-56f409c70f1f', '2023-08-27T17:52:00.181Z', '9', '13d416df-343e-4b0e-9131-f9af9af1c13d'),
('38547600-c07a-4d94-a67e-af70a99568d2', '2023-08-27T17:23:22.679Z', '6', '13d416df-343e-4b0e-9131-f9af9af1c13d'),
('38b3e140-c0aa-4866-ad94-50b1f85886d1', '2023-08-27T07:48:26.927Z', '9', '13d416df-343e-4b0e-9131-f9af9af1c13d'),
('3900cd78-409a-462d-95f7-9af8c4eb28a8', '2023-08-27T17:12:57.356Z', '9', '13d416df-343e-4b0e-9131-f9af9af1c13d'),
('3c9cfd9e-1b60-43c7-b832-fd635ba325a8', '2023-08-25T04:05:53.449Z', '15', ''),
('3d9aa41f-940b-4b32-82b1-69686a9be101', '2023-08-28T11:33:17.599Z', '8', '13d416df-343e-4b0e-9131-f9af9af1c13d'),
('40580d9d-ce5d-48ab-8050-d7b7ec57593b', '2023-08-30T01:46:07.408Z', '23', ''),
('416c000c-d2f3-459b-8f07-19a4e74dd11e', '2023-08-19T04:26:04.245Z', '21', 'bcb712e2-9094-434a-8331-90ef53124595'),
('42bfebc0-19d1-4be2-9163-993c91bf8698', '2023-08-27T17:51:26.294Z', '9', '13d416df-343e-4b0e-9131-f9af9af1c13d'),
('4313c965-156d-4d27-bc53-6744a0b385f2', '2023-08-30T05:50:38.953Z', '6', ''),
('433cd97a-705d-4e23-8e65-b455f6f21e30', '2023-08-28T16:55:53.326Z', '33', '13d416df-343e-4b0e-9131-f9af9af1c13d'),
('43ffc784-280a-4f03-993c-4267cf3b81ae', '2023-08-16T03:28:13.947Z', '13', 'bcb712e2-9094-434a-8331-90ef53124595'),
('4653f80f-d5d6-410b-bac6-317a4da5b4b7', '2023-08-25T17:02:23.191Z', '26', '13d416df-343e-4b0e-9131-f9af9af1c13d'),
('48a973cc-f088-4468-9f71-668f0c7c2449', '2023-08-27T17:04:06.973Z', '9', '13d416df-343e-4b0e-9131-f9af9af1c13d'),
('4acfa538-0ac6-423b-b5a3-478f432b96f1', '2023-08-16T03:27:40.273Z', '15', 'bcb712e2-9094-434a-8331-90ef53124595'),
('4c253ff9-1162-4607-bf7c-63311ed57feb', '2023-08-17T12:08:25.576Z', '9', 'bcb712e2-9094-434a-8331-90ef53124595'),
('4da77f52-8bb6-45d8-8ded-bd7611025074', '2023-08-29T01:55:47.445Z', '9', '13d416df-343e-4b0e-9131-f9af9af1c13d'),
('509c97d9-034e-4a65-aa0e-8cb285470483', '2023-08-25T17:01:45.074Z', '6', ''),
('50b8379e-6760-4088-8a3b-9231027020de', '2023-08-30T01:46:28.278Z', '23', ''),
('5358ff6a-f1e0-4108-85a3-d81160c29343', '2023-08-25T17:02:08.981Z', '9', '13d416df-343e-4b0e-9131-f9af9af1c13d'),
('57fd2c36-dcdc-47af-a69d-1e2145f96e06', '2023-08-27T08:20:59.960Z', '21', ''),
('58db9cc3-be7f-4f36-b0e8-bcca56882b1f', '2023-08-29T03:43:28.329Z', '1', '13d416df-343e-4b0e-9131-f9af9af1c13d'),
('5a2c401a-a9eb-4f31-8ff9-9cb9269d6cbe', '2023-08-28T11:59:41.774Z', '10', '13d416df-343e-4b0e-9131-f9af9af1c13d'),
('5a8e8e79-5419-4025-8570-5f09ffb5f387', '2023-08-27T08:27:02.228Z', '19', '13d416df-343e-4b0e-9131-f9af9af1c13d'),
('5c3f1111-f304-4684-8f71-aeb96e1277c9', '2023-08-29T03:41:34.055Z', '1', ''),
('5d44397f-9c09-4ca1-a38d-e29f1ced88c7', '2023-08-27T07:48:22.204Z', '9', ''),
('5ee660d2-c331-41d6-9917-a7ecae6b1ffe', '2023-08-27T17:24:03.239Z', '6', '13d416df-343e-4b0e-9131-f9af9af1c13d'),
('5faceac0-9ad6-435e-a109-cb5c9d847d75', '2023-08-29T01:50:24.200Z', '27', '13d416df-343e-4b0e-9131-f9af9af1c13d'),
('5fca62f0-2e70-457d-ad14-e2d064684d00', '2023-08-29T03:03:49.585Z', '9', ''),
('602248be-8403-4165-a743-15abc43ca4f1', '2023-08-27T17:24:07.076Z', '6', '13d416df-343e-4b0e-9131-f9af9af1c13d'),
('63a473d7-5dcf-47e0-a4be-4034b29ea974', '2023-08-25T17:01:51.614Z', '6', ''),
('641cfbae-b313-4270-8754-b311d746d196', '2023-08-19T04:27:11.193Z', '23', 'bcb712e2-9094-434a-8331-90ef53124595'),
('64944442-42c5-4c27-a3ec-1b6a86bb052e', '2023-08-27T10:33:18.767Z', '15', ''),
('64e74cb5-2282-432d-ab55-e0c321c565ce', '2023-08-27T08:09:05.228Z', '9', '13d416df-343e-4b0e-9131-f9af9af1c13d'),
('69f39eaf-7545-4aa1-83da-79093ad35e84', '2023-08-27T10:30:57.573Z', '22', ''),
('6a721c0c-e94b-4330-afaf-c318097e05d9', '2023-08-27T17:04:05.245Z', '9', '13d416df-343e-4b0e-9131-f9af9af1c13d'),
('6e7812b8-be78-4e04-bb94-a600e9d3d042', '2023-08-29T01:48:52.420Z', '22', '13d416df-343e-4b0e-9131-f9af9af1c13d'),
('7136fbfb-a03b-49f6-9e09-7ab1e94fec24', '2023-08-28T16:49:41.748Z', '31', '13d416df-343e-4b0e-9131-f9af9af1c13d'),
('717e965f-8a11-42d0-bd3f-01064ab0e89c', '2023-08-16T14:10:52.812Z', '6', 'bcb712e2-9094-434a-8331-90ef53124595'),
('731c22fe-a744-41ea-a7bd-6490454dc598', '2023-08-29T01:51:15.421Z', '28', '13d416df-343e-4b0e-9131-f9af9af1c13d'),
('73b5736c-66de-4305-8542-bb5b65e1444a', '2023-08-17T17:28:19.299Z', '6', 'bcb712e2-9094-434a-8331-90ef53124595'),
('74dff4d9-39ab-4fda-aac6-93ad39375fd8', '2023-08-30T01:46:45.649Z', '23', ''),
('755b17b6-e960-4de0-8dfe-b7ca11162605', '2023-08-27T07:48:54.448Z', '9', '13d416df-343e-4b0e-9131-f9af9af1c13d'),
('76008cea-c0fa-4f90-8862-13856e54d7fe', '2023-08-29T03:41:35.080Z', '1', ''),
('77fdba2c-157d-4a08-9f95-3a829418efed', '2023-08-28T11:56:35.772Z', '13', ''),
('7b5a1ef7-8975-42d1-95eb-c2003279b503', '2023-08-25T08:55:41.450Z', '6', ''),
('7b5d0caa-c9ad-4172-b2d7-395ebb6ef1c4', '2023-08-29T01:52:46.722Z', '15', '13d416df-343e-4b0e-9131-f9af9af1c13d'),
('7cda5f3c-7254-4631-ae74-3e29d1a0c3f8', '2023-08-27T10:23:43.425Z', '9', '13d416df-343e-4b0e-9131-f9af9af1c13d'),
('7cf28ecf-25fd-45ea-95dd-22fa0866e22a', '2023-08-27T08:12:58.668Z', '9', ''),
('7ddd46ee-e578-4f2b-8f35-dba87cd97140', '2023-08-29T01:51:30.098Z', '13', '13d416df-343e-4b0e-9131-f9af9af1c13d'),
('7f78ca82-c92d-412d-9d8e-3cae547d0354', '2023-08-27T16:13:25.634Z', '9', '13d416df-343e-4b0e-9131-f9af9af1c13d'),
('810ac6c7-e8d5-457e-a911-9dd7da976766', '2023-08-27T07:27:17.257Z', '6', '13d416df-343e-4b0e-9131-f9af9af1c13d'),
('818b2449-5459-42ef-8862-89c21ec01d4a', '2023-08-27T17:04:14.248Z', '9', '13d416df-343e-4b0e-9131-f9af9af1c13d'),
('8400faa4-50e9-4fc1-824b-e387d70168e4', '2023-08-27T07:31:32.577Z', '9', ''),
('873f2c5c-519e-4802-b2d2-984b7c9a9c44', '2023-08-30T01:46:53.123Z', '23', ''),
('8889d626-2419-41ba-a3bf-b319d98aee89', '2023-08-30T01:46:50.763Z', '23', ''),
('890c39d6-e683-494b-9af1-a8d4138301fb', '2023-08-27T07:48:43.303Z', '9', '13d416df-343e-4b0e-9131-f9af9af1c13d'),
('8a489134-b3c4-4b0a-8611-aa1d790f0e43', '2023-08-25T06:11:26.830Z', '6', ''),
('8f193851-6611-43dd-bced-d2c68c013f7b', '2023-08-25T17:11:25.864Z', '26', '13d416df-343e-4b0e-9131-f9af9af1c13d'),
('8fa4b12d-a3b5-47f9-b659-4766f0719d6d', '2023-08-19T04:25:32.342Z', '23', 'bcb712e2-9094-434a-8331-90ef53124595'),
('90223abf-c731-444d-8972-ff9e6fb23fd8', '2023-08-28T11:33:20.753Z', '13', '13d416df-343e-4b0e-9131-f9af9af1c13d'),
('9396914a-d43d-43d1-8f7d-26a673073043', '2023-08-16T03:36:47.899Z', '9', 'bcb712e2-9094-434a-8331-90ef53124595'),
('93ea23f8-fa31-453d-acdd-11d694b9c43a', '2023-08-28T11:32:07.767Z', '13', '13d416df-343e-4b0e-9131-f9af9af1c13d'),
('94c8932e-54c4-4f6a-843a-675516535c0c', '2023-08-27T17:10:03.070Z', '9', '13d416df-343e-4b0e-9131-f9af9af1c13d'),
('961bdf5c-318d-47de-acd1-44a86ff59b0e', '2023-08-29T01:51:18.849Z', '28', '13d416df-343e-4b0e-9131-f9af9af1c13d'),
('96bdc708-5ee8-4233-878b-ead4fa810c24', '2023-08-27T15:59:33.318Z', '6', ''),
('9818d279-0cb4-470d-be75-6691124f6c51', '2023-08-29T01:44:59.302Z', '9', '13d416df-343e-4b0e-9131-f9af9af1c13d'),
('990d550e-a680-44fe-a4c2-3d23559bfb42', '2023-08-25T12:30:22.297Z', '6', 'bcb712e2-9094-434a-8331-90ef53124595'),
('9cd9300e-9074-4954-9aa0-c84593e7527c', '2023-08-24T13:49:00.714Z', '4', ''),
('9d9d96cd-73f9-4c0b-9b96-af3a95968919', '2023-08-16T03:31:21.094Z', '15', 'bcb712e2-9094-434a-8331-90ef53124595'),
('9fc4e2fb-925d-49bb-b501-f6e9254ce718', '2023-08-27T10:23:26.236Z', '9', '13d416df-343e-4b0e-9131-f9af9af1c13d'),
('a00ab718-7a74-4dc3-88e3-3d7badc5e28e', '2023-08-25T05:27:05.121Z', '9', ''),
('a0558df0-6ac9-4f80-8486-c65e49add07b', '2023-08-27T07:31:34.365Z', '9', ''),
('a409e87a-2a53-4de9-a1f1-8d6796598aa5', '2023-08-30T01:51:59.603Z', '23', ''),
('a462e7f5-e826-4c23-99ad-5bd9dacee861', '2023-08-29T15:38:45.680Z', '6', ''),
('a6361d18-9a27-4ba4-9ea3-785fbd9f85d0', '2023-08-27T10:10:49.970Z', '9', '13d416df-343e-4b0e-9131-f9af9af1c13d'),
('a6e274e8-8902-4e0b-bbd0-c0db3d56618c', '2023-08-30T01:46:32.661Z', '23', ''),
('a7381d7d-11a0-4fe3-ab13-3aeac9bf7d62', '2023-08-28T16:24:43.932Z', '5', '13d416df-343e-4b0e-9131-f9af9af1c13d'),
('a79bec7f-f08f-4295-ae4b-b5a8a7b90e95', '2023-08-27T16:33:18.374Z', '9', '13d416df-343e-4b0e-9131-f9af9af1c13d'),
('a7d661b6-c0c1-473f-bbcd-f8742b46bb8d', '2023-08-27T17:17:42.036Z', '6', '13d416df-343e-4b0e-9131-f9af9af1c13d'),
('a8fc8843-23f7-4928-8218-166fec6fcad5', '2023-08-24T19:22:11.930Z', '15', ''),
('aa97229c-74bb-4916-b67d-821059b8837e', '2023-08-27T14:56:47.361Z', '9', ''),
('ad23f36a-eedc-49bd-ba79-3563bc00a5ee', '2023-08-28T16:54:19.566Z', '23', '13d416df-343e-4b0e-9131-f9af9af1c13d'),
('ad3f214d-5731-4a13-894b-54f1a9b91bfa', '2023-08-24T14:21:48.466Z', '22', ''),
('ada1bc65-9abd-495f-acf5-7449cc49c711', '2023-08-29T01:51:03.615Z', '28', '13d416df-343e-4b0e-9131-f9af9af1c13d'),
('ae37065b-e77f-46aa-b845-8b025da6d050', '2023-08-27T17:20:27.759Z', '6', '13d416df-343e-4b0e-9131-f9af9af1c13d'),
('af1172be-11fa-4b03-a598-8cb3e42f6262', '2023-08-28T11:33:16.776Z', '8', '13d416df-343e-4b0e-9131-f9af9af1c13d'),
('b08af2ab-4496-48e3-ac22-655d0e679834', '2023-08-30T03:49:50.772Z', '6', '13d416df-343e-4b0e-9131-f9af9af1c13d'),
('b356fd21-8e35-4f5f-800e-518d9b6e55e4', '2023-08-27T17:13:36.103Z', '9', '13d416df-343e-4b0e-9131-f9af9af1c13d'),
('b39eee07-9fad-446e-9b39-119209b9d47d', '2023-08-27T17:51:26.244Z', '6', '13d416df-343e-4b0e-9131-f9af9af1c13d'),
('b408b779-184e-4e83-9e89-f0c0bb3e94e0', '2023-08-30T01:46:44.247Z', '23', ''),
('b4854371-3b8c-4e2d-bd3e-f60d25152bb0', '2023-08-27T17:07:55.732Z', '9', '13d416df-343e-4b0e-9131-f9af9af1c13d'),
('b75b34db-4df1-43b8-8ac6-8bd679354a2d', '2023-08-24T19:22:06.583Z', '9', ''),
('b766c8c1-0615-43e0-b625-18cfacdf5f9d', '2023-08-24T19:26:40.103Z', '9', '13d416df-343e-4b0e-9131-f9af9af1c13d'),
('b801a2cf-f4ff-4683-9913-fbed5742edaa', '2023-08-27T16:21:26.848Z', '9', '13d416df-343e-4b0e-9131-f9af9af1c13d'),
('b806970b-8f78-4bbf-b5f1-3a3b4c220f9f', '2023-08-27T16:14:35.015Z', '9', '13d416df-343e-4b0e-9131-f9af9af1c13d'),
('b89e2c7f-cf44-441e-9d3e-1894cff8f156', '2023-08-27T17:13:09.961Z', '9', '13d416df-343e-4b0e-9131-f9af9af1c13d'),
('b8fd81b5-06ab-4e7d-864f-eada31b951c1', '2023-08-29T01:49:01.857Z', '34', '13d416df-343e-4b0e-9131-f9af9af1c13d'),
('ba8e0639-5437-4f89-bf0c-cfc08a7b3e2d', '2023-08-28T16:49:42.529Z', '31', '13d416df-343e-4b0e-9131-f9af9af1c13d'),
('c3d2e33e-7460-432f-a1ac-6e1e1e36701e', '2023-08-16T03:27:47.986Z', '6', 'bcb712e2-9094-434a-8331-90ef53124595'),
('c8d01ce2-fef0-4eab-af78-307eeb7c0d7c', '2023-08-29T03:29:38.125Z', '6', ''),
('ccbfd6ec-b317-45ca-8483-aaad13bde54a', '2023-08-16T03:36:54.520Z', '15', 'bcb712e2-9094-434a-8331-90ef53124595'),
('ccdb9715-a34c-405a-b47c-afcf751baa98', '2023-08-29T01:48:07.543Z', '9', '13d416df-343e-4b0e-9131-f9af9af1c13d'),
('d2e60139-3f4c-4619-8e07-40093b6c8021', '2023-08-30T01:41:39.994Z', '23', ''),
('d37df30b-5ae4-40d5-8c37-1094e0913a29', '2023-08-27T07:48:19.962Z', '9', ''),
('d58ea1bc-f4d2-4fb5-9eee-442594545de8', '2023-08-19T04:23:59.473Z', '9', 'bcb712e2-9094-434a-8331-90ef53124595'),
('d6a612d8-139b-48ee-a956-2a317f200c50', '2023-08-27T17:41:33.480Z', '9', '13d416df-343e-4b0e-9131-f9af9af1c13d'),
('d8548cb9-0d5b-482a-b220-aaab03c4b905', '2023-08-28T11:33:21.528Z', '13', '13d416df-343e-4b0e-9131-f9af9af1c13d'),
('d970c629-bdac-4282-b1f0-8d6316771bae', '2023-08-29T01:51:27.100Z', '13', '13d416df-343e-4b0e-9131-f9af9af1c13d'),
('d99dece2-2809-431f-88a5-90021b61b597', '2023-08-24T19:21:29.979Z', '6', '13d416df-343e-4b0e-9131-f9af9af1c13d'),
('d9d3fa8b-0d26-486e-835d-d80eed21d08f', '2023-08-27T17:20:27.706Z', '6', '13d416df-343e-4b0e-9131-f9af9af1c13d'),
('db8c6edc-5f17-44b3-90eb-efb0e8cb0490', '2023-08-29T01:49:15.496Z', '13', '13d416df-343e-4b0e-9131-f9af9af1c13d'),
('dc92f3c2-098c-4434-b8f9-57be5d0a7695', '2023-08-29T03:40:46.129Z', '23', ''),
('de1c2e6d-8250-4ac9-b0ac-3c138e2dd6c1', '2023-08-28T16:22:51.550Z', '22', '13d416df-343e-4b0e-9131-f9af9af1c13d'),
('de7b0cb6-76af-4438-8962-5c62368a380d', '2023-08-27T17:25:23.586Z', '6', '13d416df-343e-4b0e-9131-f9af9af1c13d'),
('deb7c4c3-7fc2-4edb-9c38-3ecdf6ba1b2c', '2023-08-28T12:44:12.048Z', '23', '13d416df-343e-4b0e-9131-f9af9af1c13d'),
('e132070c-8c58-4e59-ab7b-72d3b3cc4e6a', '2023-08-27T17:49:09.304Z', '9', '13d416df-343e-4b0e-9131-f9af9af1c13d'),
('e5083e9e-c785-4393-bcac-73726c193071', '2023-08-30T01:46:47.875Z', '23', ''),
('e6cadca3-bcbb-477c-ba6d-8f2575be8739', '2023-08-27T15:11:06.123Z', '21', ''),
('e6f401cd-a785-466a-b6a5-e515de1dcdb2', '2023-08-28T17:01:46.441Z', '20', '13d416df-343e-4b0e-9131-f9af9af1c13d'),
('e85bd6b5-575e-4073-96a5-b98789ecc514', '2023-08-29T01:52:58.512Z', '12', '13d416df-343e-4b0e-9131-f9af9af1c13d'),
('e8d533ee-1a0b-4210-96e5-f2c50d5df5d6', '2023-08-27T07:48:57.886Z', '9', '13d416df-343e-4b0e-9131-f9af9af1c13d'),
('e956b13c-15fc-46db-ac85-51189201f839', '2023-08-27T17:05:12.450Z', '9', '13d416df-343e-4b0e-9131-f9af9af1c13d'),
('ec1e6a33-1ecb-4b09-b5b2-f85f2653dc20', '2023-08-27T08:20:13.115Z', '9', '13d416df-343e-4b0e-9131-f9af9af1c13d'),
('eeabef5e-c74b-4090-9c97-e930581cea02', '2023-08-27T08:19:57.416Z', '9', '13d416df-343e-4b0e-9131-f9af9af1c13d'),
('f0242bbd-6a59-4966-ac58-2e0731eaa37a', '2023-08-30T02:19:55.801Z', '9', '13d416df-343e-4b0e-9131-f9af9af1c13d'),
('f0c243e9-bc54-4d07-9248-b244730d7de7', '2023-08-28T11:53:41.428Z', '15', '13d416df-343e-4b0e-9131-f9af9af1c13d'),
('f1eeb4d4-2585-4d4b-acea-973f7e29462c', '2023-08-27T10:23:52.096Z', '15', ''),
('f4198cc0-ad2b-402a-b941-1b32988f1c62', '2023-08-27T17:05:15.054Z', '9', '13d416df-343e-4b0e-9131-f9af9af1c13d'),
('f89ed7e1-a79a-4bd8-afa0-de4217ad815e', '2023-08-28T17:00:39.917Z', '11', '13d416df-343e-4b0e-9131-f9af9af1c13d'),
('f98cf83a-8ef6-4152-816f-12654ac691be', '2023-08-29T01:48:38.452Z', '31', '13d416df-343e-4b0e-9131-f9af9af1c13d'),
('f99b6b24-c3ff-4fff-ab2c-225895a8aefb', '2023-08-27T07:31:30.198Z', '9', ''),
('fa7d38c5-910c-40d6-911d-3b2ba2310810', '2023-08-25T17:03:22.707Z', '22', '13d416df-343e-4b0e-9131-f9af9af1c13d'),
('fc631713-6955-4f08-b0fe-7a2558b66246', '2023-08-27T10:32:40.322Z', '6', '13d416df-343e-4b0e-9131-f9af9af1c13d'),
('ff5343ee-5558-42d7-8a10-b46ad85622bc', '2023-08-24T19:23:20.677Z', '15', '13d416df-343e-4b0e-9131-f9af9af1c13d'),
('ffc85069-417d-425a-8b3a-a0099bc82075', '2023-08-17T17:28:45.410Z', '15', 'bcb712e2-9094-434a-8331-90ef53124595');

-- --------------------------------------------------------

--
-- 資料表結構 `member`
--

CREATE TABLE `member` (
  `member_id` varchar(255) NOT NULL COMMENT '由前端產生uuid',
  `avatarname` varchar(255) DEFAULT NULL,
  `gender` varchar(20) DEFAULT NULL COMMENT 'M為男性，F為女性',
  `email` varchar(255) NOT NULL COMMENT '登入的email，不可由前端編輯',
  `password` varchar(255) DEFAULT NULL COMMENT '會在後端加密以後送進來',
  `birthday` date DEFAULT NULL,
  `phone_number` varchar(255) DEFAULT NULL COMMENT '後端要做手機號碼格式檢查',
  `address` varchar(255) DEFAULT NULL COMMENT '前端以get抓取縣市資料呈現在twzipcode.js內\r\n呈現在前端的話以字串分割',
  `name` varchar(255) DEFAULT NULL,
  `subscribe` varchar(20) DEFAULT NULL COMMENT '會員是否訂閱，0代表無，1代表有',
  `verification` varchar(20) DEFAULT NULL COMMENT '帳號驗證是否完成，0代表無，1代表有'
) ENGINE=InnoDB DEFAULT CHARSET=utf8mb4;

--
-- 傾印資料表的資料 `member`
--

INSERT INTO `member` (`member_id`, `avatarname`, `gender`, `email`, `password`, `birthday`, `phone_number`, `address`, `name`, `subscribe`, `verification`) VALUES
('105165956167086246948', 'https://lh3.googleusercontent.com/a/AAcHTted3ydHTI4pKo80Tqa1SENQ2_Uzi36y_MC7nC9aPB-fAs0=s96-c', NULL, 'imlucky8652@gmail.com', NULL, NULL, NULL, NULL, '周珈妃', NULL, NULL),
('112086393159609412269', 'https://lh3.googleusercontent.com/a/AAcHTtfF7qI3w64vdc4a5dHwu9khKdFvGI3v9xVSrUmXTuS7yONY=s96-c', NULL, 'yiachi2221@gmail.com', NULL, '0000-00-00', NULL, NULL, '言離', '', ''),
('13d416df-343e-4b0e-9131-f9af9af1c13d', NULL, 'F', 'fei@test.com', '$2b$08$LfKm0/gAyD0ITbSxAwy54eAnh0ZpofihqzGvH/xWBxPnKf8Ec5.p2', '2023-07-06', NULL, NULL, '珈妃', '', ''),
('18b45698-0193-4738-8876-3a0600b30231', NULL, 'F', 'zzchi7010@gmail.com', '$2b$10$GdXGpf1OPfoyYMrEoybQVOca.OMiMI4zjeOLupbwyArLJ3AE5Lth2', '2023-08-04', NULL, NULL, '曾雅七', '', ''),
('acc6d625-849b-4c1c-890a-f2e5d07f8027', NULL, 'M', '332@test.com', '$2b$08$0ZczVqlsl3xbzdnK0xTb7OZZvJrTpXPDYhxSBTqkiBtglp5DZ/fau', '2023-07-05', NULL, NULL, '溦珊', '', ''),
('bcb712e2-9094-434a-8331-90ef53124595', NULL, 'F', 'tung@test.com', '$2b$08$g5y7/.1NecyuDCgaTeeA..g2taQ.hOJfbV26Q1M3lS2FLLUC220R.', '2023-02-08', '0987675871', '台中市后里區中正四路500號', '彤', '', ''),
('ddfbd462-411e-4e9e-a984-255ab788a7a4', NULL, 'F', 'training1732@gmail.com', '$2b$08$7iqtZKILluZlpbBezSTKeu9LpzFKAWGbS0Q0segULocnj4Lc5dCs2', '2023-08-03', NULL, NULL, '曾雅七', '', ''),
('e18ebd76-eb5f-262c-9ced-a5edc0e9a0c9', 'sunny.png', 'F', '331@test.com', '$2b$08$kLY.SM5ixe2.EL.lhaqki.Ngs2.58a7OMMcN6aRjOAlUnLO4aZ0fy', '2023-03-31', NULL, '宜蘭縣宜蘭市中正四路400號', '珊珊', '', ''),
('e54f79d9-d92f-464e-8d07-dc34b415c186', NULL, 'M', 'yunxiangwang777@gmail.com', '$2b$08$y8p5mci18j7925WE7NnwnuWJd.G5DxnuAPZooKxD295MP6pWNJaPi', '2023-08-17', NULL, NULL, '王運祥', '', '');

-- --------------------------------------------------------

--
-- 資料表結構 `multipack_group`
--

CREATE TABLE `multipack_group` (
  `multipackgroup_id` int(10) NOT NULL,
  `multipackgroup_name` varchar(50) NOT NULL
) ENGINE=InnoDB DEFAULT CHARSET=utf8mb4;

--
-- 傾印資料表的資料 `multipack_group`
--

INSERT INTO `multipack_group` (`multipackgroup_id`, `multipackgroup_name`) VALUES
(1, '熱門組合'),
(2, '適合新手'),
(3, '高強度挑戰');

-- --------------------------------------------------------

--
-- 資料表結構 `muscle_group`
--

CREATE TABLE `muscle_group` (
  `musclegroupID` int(10) NOT NULL,
  `muscleName` varchar(20) NOT NULL,
  `muscleDesc` varchar(100) NOT NULL
) ENGINE=InnoDB DEFAULT CHARSET=utf8mb4;

--
-- 傾印資料表的資料 `muscle_group`
--

INSERT INTO `muscle_group` (`musclegroupID`, `muscleName`, `muscleDesc`) VALUES
(1, '胸肌', '胸肌大致分為上胸肌，中胸肌，胸肌,胸肌內側和胸肌外側。不同位置的胸肌需要不同訓練角度去刺激，我們都可以透過調教關節的角度和握法，集中鍛練不同位置的胸肌。'),
(2, '背肌', '背部肌肉有支撐脊椎、維持軀幹穩定的功能，主要分為：背闊肌、菱形肌、斜方肌、豎脊肌和一些深層的小肌群(e.g.大圓肌，小圓肌、網下肌)。'),
(3, '腹肌', '腹肌包括腹直肌、腹外斜肌，腹內斜肌和腹橫肌。當它們收縮時，可以使軀幹彎曲及旋轉，並可以防止骨盆前傾。'),
(4, '腿部肌群', '腿部肌群包括大腿肌群、小腿肌群'),
(5, '肩部肌群', '三角肌分為前中後，位於手臂和軀幹的肩膀連結處'),
(6, '手臂肌群', '手臂肌群粗略可分為4大部分：肱二頭肌、肱三頭肌（上臂肌肉）、前臂肌肉和三角肌'),
(7, '臀肌', '臀肌主要由「臀大肌、臀中肌、臀小肌」組成'),
(8, '全身肌群', '人體的肌群分別是由腿部、臂部、腹部、臀部、胸部、肩部與背部這七大塊肌群所組成');

-- --------------------------------------------------------

--
-- 資料表結構 `orderproduct_detail`
--

CREATE TABLE `orderproduct_detail` (
  `orderrealdetailID` int(255) NOT NULL,
  `orderrealdetail_orderrealID` varchar(255) NOT NULL,
  `orderrealdetail_PID` varchar(255) NOT NULL COMMENT '這是抓sku',
  `buynum` varchar(255) NOT NULL
) ENGINE=InnoDB DEFAULT CHARSET=utf8mb4;

--
-- 傾印資料表的資料 `orderproduct_detail`
--

INSERT INTO `orderproduct_detail` (`orderrealdetailID`, `orderrealdetail_orderrealID`, `orderrealdetail_PID`, `buynum`) VALUES
(64, '1e84b046-c635-4244-a050-b60b69dc0ef3', '1', '1'),
(65, '1e84b046-c635-4244-a050-b60b69dc0ef3', '11', '1'),
(66, '1e84b046-c635-4244-a050-b60b69dc0ef3', '14', '1'),
(67, '83a5f0b4-fc62-4639-9274-d926c78bcddb', '53', '1'),
(68, '83a5f0b4-fc62-4639-9274-d926c78bcddb', '51', '1'),
(69, 'bf1a32c6-aa3e-4bb3-a898-168f6f50eb94', '1', '1'),
(70, 'bf1a32c6-aa3e-4bb3-a898-168f6f50eb94', '9', '1'),
(71, 'bf1a32c6-aa3e-4bb3-a898-168f6f50eb94', '10', '1'),
(72, 'cb3eaf3b-1602-4d57-9688-d1daf76b22c7', '2', '1'),
(73, 'cb3eaf3b-1602-4d57-9688-d1daf76b22c7', '1', '1'),
(74, 'cb3eaf3b-1602-4d57-9688-d1daf76b22c7', '11', '1'),
(75, '704ad72f-d05a-4dad-a29f-dce992166240', '47', '1'),
(76, '704ad72f-d05a-4dad-a29f-dce992166240', '9', '1'),
(77, '704ad72f-d05a-4dad-a29f-dce992166240', '11', '1'),
(78, '8028cba0-a590-425e-9e26-7cb3afd50eb3', '4', '1'),
(79, '9cab8cf5-160d-415c-a702-3831d93f31eb', '12', '1'),
(80, 'e7aa84fe-4f4d-4204-b7e6-d41474106d93', '2', '1'),
(81, '7dea8db2-a572-4f49-9677-7a04c4c51c20', '2', '1'),
(82, '1aa24258-c918-4b03-a77c-09564e46d555', '4', '1'),
(83, '970e0d12-acfd-4a6b-b1a8-dfefb1ef41f6', '4', '1'),
(84, '99a5fdd5-de6e-449e-85b4-e35dbe60e92c', '2', '1'),
(85, '0f711458-e6c2-4196-80e9-c1be94f8af0f', '2', '1'),
(86, '4e490c1d-14f9-43df-a22b-081b8c09fcea', '2', '2'),
(87, '4e490c1d-14f9-43df-a22b-081b8c09fcea', '4', '1');

-- --------------------------------------------------------

--
-- 資料表結構 `orderproduct_main`
--

CREATE TABLE `orderproduct_main` (
  `orderrealID` varchar(255) NOT NULL,
  `orderrealShortID` varchar(255) NOT NULL,
  `orderrealmemberID` varchar(255) NOT NULL,
  `PAY_methods` varchar(255) NOT NULL,
  `Shipping_methods` varchar(255) NOT NULL,
  `receiver` varchar(255) NOT NULL,
  `receiver_phone` varchar(255) NOT NULL,
  `Shipping_address` varchar(255) NOT NULL,
  `orderNote` varchar(255) NOT NULL,
  `orderreal_date` date NOT NULL DEFAULT current_timestamp()
) ENGINE=InnoDB DEFAULT CHARSET=utf8mb4;

--
-- 傾印資料表的資料 `orderproduct_main`
--

INSERT INTO `orderproduct_main` (`orderrealID`, `orderrealShortID`, `orderrealmemberID`, `PAY_methods`, `Shipping_methods`, `receiver`, `receiver_phone`, `Shipping_address`, `orderNote`, `orderreal_date`) VALUES
('0f711458-e6c2-4196-80e9-c1be94f8af0f', 'zCrOCbdgq', '13d416df-343e-4b0e-9131-f9af9af1c13d', 'Creditcard', '711method', '珈妃', '3233', '愛六門市', '', '2023-08-25'),
('1aa24258-c918-4b03-a77c-09564e46d555', 'Bx-7xnhtN', '13d416df-343e-4b0e-9131-f9af9af1c13d', 'Creditcard', '711method', '珈妃', '3232443', '豫銘門市', '', '2023-08-25'),
('1e84b046-c635-4244-a050-b60b69dc0ef3', '6mVE7dNeD', 'bcb712e2-9094-434a-8331-90ef53124595', 'Creditcard', '711method', 'YunxiangWang', '0988747457', '龍客門市', 'yjyjyjygjy', '2023-08-15'),
('4e490c1d-14f9-43df-a22b-081b8c09fcea', 'GpQx3e6Mm', '13d416df-343e-4b0e-9131-f9af9af1c13d', 'LinePay', '711method', '珈妃', '099090090', '西安門市', '', '2023-08-30'),
('704ad72f-d05a-4dad-a29f-dce992166240', '9Tx8sM6I9', 'bcb712e2-9094-434a-8331-90ef53124595', 'LinePay', '711method', '王運祥', '0988747457', '城利門市', '', '2023-08-22'),
('7dea8db2-a572-4f49-9677-7a04c4c51c20', '4RMcy9C7_', '13d416df-343e-4b0e-9131-f9af9af1c13d', 'Creditcard', 'balckcatmethod', '珈妃', '123123', '12412412', '', '2023-08-25'),
('8028cba0-a590-425e-9e26-7cb3afd50eb3', 'igxGVRc4n', '13d416df-343e-4b0e-9131-f9af9af1c13d', 'LinePay', '711method', '珈妃', '0988989899', '大武崙門市', '', '2023-08-25'),
('83a5f0b4-fc62-4639-9274-d926c78bcddb', 'WcSGPAgit', 'bcb712e2-9094-434a-8331-90ef53124595', 'LinePay', 'balckcatmethod', 'YunxiangWang', '0988747457', '屏東縣屏東市新康街09號8樓', 'luiluil', '2023-08-15'),
('970e0d12-acfd-4a6b-b1a8-dfefb1ef41f6', 'Lvq_zngtn', '13d416df-343e-4b0e-9131-f9af9af1c13d', 'LinePay', '711method', '珈妃', '729379434', '智成門市', '', '2023-08-25'),
('99a5fdd5-de6e-449e-85b4-e35dbe60e92c', 'mAnjQYlYl', '13d416df-343e-4b0e-9131-f9af9af1c13d', 'Creditcard', '711method', '珈妃', '22333', '愛六門市', '', '2023-08-25'),
('9cab8cf5-160d-415c-a702-3831d93f31eb', 'E_4eIe4ez', '13d416df-343e-4b0e-9131-f9af9af1c13d', 'Creditcard', 'balckcatmethod', '珈妃', '090909900923', 'efwefpomopmewpg', '900990', '2023-08-25'),
('bf1a32c6-aa3e-4bb3-a898-168f6f50eb94', 'cGiTjr69f', 'bcb712e2-9094-434a-8331-90ef53124595', 'LinePay', '711method', '王運祥', '0988747457', '林田山門市', '', '2023-08-16'),
('cb3eaf3b-1602-4d57-9688-d1daf76b22c7', 'Aolh0KdjU', 'bcb712e2-9094-434a-8331-90ef53124595', 'Creditcard', '711method', '王運祥', '0988747457', '權鑫門市', '', '2023-08-21'),
('e7aa84fe-4f4d-4204-b7e6-d41474106d93', '6BMUljwWG', '13d416df-343e-4b0e-9131-f9af9af1c13d', 'Creditcard', 'balckcatmethod', '珈妃', '23523523', 'ewtetgwetwe', '', '2023-08-25');

-- --------------------------------------------------------

--
-- 資料表結構 `otp`
--

CREATE TABLE `otp` (
  `member_id` varchar(255) NOT NULL,
  `email` varchar(255) DEFAULT NULL,
  `token` int(11) DEFAULT NULL,
  `exp_timestamp` bigint(20) DEFAULT NULL
) ENGINE=InnoDB DEFAULT CHARSET=utf8mb4;

-- --------------------------------------------------------

--
-- 資料表結構 `plan`
--

CREATE TABLE `plan` (
  `planid` varchar(20) NOT NULL,
  `planname` varchar(20) DEFAULT NULL,
  `planprice` int(11) DEFAULT NULL,
  `plandesc` text DEFAULT NULL
) ENGINE=InnoDB DEFAULT CHARSET=utf8mb4;

--
-- 傾印資料表的資料 `plan`
--

INSERT INTO `plan` (`planid`, `planname`, `planprice`, `plandesc`) VALUES
('1', '90天訂閱方案', 1199, '全部影片無限次觀看\r\n90天健身日誌\r\n跟蹤你的進度激勵你堅持下去\r\n購買健身服飾類商品另有95折優惠！'),
('2', '180天訂閱方案', 2299, '全部影片無限次觀看\r\n180天健身日誌\r\n讓你回顧成長和突破\r\n全網商品提供8折優惠！'),
('3', '360天訂閱方案', 3999, '全部影片無限次觀看\r\n360天健身日誌\r\n幫助你保持動力和紀律\r\n限量健身服裝套裝只要6折！\r\n包括運動上衣、運動褲');

-- --------------------------------------------------------

--
-- 資料表結構 `productall`
--

CREATE TABLE `productall` (
  `skuID` int(11) NOT NULL COMMENT '產品流水號',
  `p_id` int(11) NOT NULL,
  `p_name` varchar(50) NOT NULL COMMENT '產品名稱',
  `p_description` text NOT NULL COMMENT '產品描述',
  `p_specification` varchar(511) DEFAULT NULL COMMENT '產品規格',
  `p_size` varchar(511) DEFAULT NULL COMMENT '產品尺寸',
  `p_price` decimal(10,0) NOT NULL COMMENT '產品價格',
  `p_quantitly` int(4) NOT NULL COMMENT '產品數量',
  `p_image` varchar(50) NOT NULL COMMENT '產品圖片',
  `category_id` int(11) NOT NULL
) ENGINE=InnoDB DEFAULT CHARSET=utf8mb4;

--
-- 傾印資料表的資料 `productall`
--

INSERT INTO `productall` (`skuID`, `p_id`, `p_name`, `p_description`, `p_specification`, `p_size`, `p_price`, `p_quantitly`, `p_image`, `category_id`) VALUES
(1, 1, '瑜伽墊', '防滑、環保的瑜伽墊，舒適運動', '粉色', '', '599', 10, 'yoga_mat_pink.jpg', 1),
(2, 1, '瑜伽墊', '防滑、環保的瑜伽墊，舒適運動', '藍色', '', '599', 5, 'yoga_mat_blue.jpg', 1),
(3, 1, '瑜伽墊', '防滑、環保的瑜伽墊，舒適運動', '紫色', '', '599', 8, 'yoga_mat_purple.jpg', 1),
(4, 2, '4KG 壺鈴', '通過健身訓練有效加強全身肌肉的力量', '', '', '699', 4, '4kg_kettlebell.jpg', 1),
(5, 3, '8KG 壺鈴', '通過健身訓練有效加強全身肌肉的力量', '', '', '1299', 10, '8kg_kettlebell.jpg', 1),
(6, 4, '1KG PVC啞鈴組', '多種用途，提高你的深蹲、弓步以及二頭肌彎舉強度', '', '', '349', 8, '1kg_dumbbell.jpg', 1),
(7, 5, '2KG PVC啞鈴組', '多種用途，提高你的深蹲、弓步以及二頭肌彎舉強度', '', '', '449', 15, '2kg_dumbbell.jpg', 1),
(8, 6, '3KG PVC啞鈴組', '多種用途，提高你的深蹲、弓步以及二頭肌彎舉強度', '', '', '499', 12, '3kg_dumbbell.jpg', 1),
(9, 7, '5KG PVC啞鈴組', '多種用途，提高你的深蹲、弓步以及二頭肌彎舉強度', '', '', '849', 11, '5kg_dumbbell.jpg', 1),
(10, 8, '50KG 重訓啞鈴組', '肌肉塑型訓練 槓鈴、啞鈴訓練包括3支槓，16個槓片（4 x 0.5 kg，8 x 2 kg和4 x 5 kg）和6個安全卡扣，你可自行調整啞鈴重量，鍛鍊二頭肌、三頭肌、三角肌和胸肌', '', '', '3999', 20, '50kg_dumbbell_set.jpg', 1),
(11, 9, '15KG 訓練彈力帶\n', '適合在重訓、交叉訓練及體適能課程使用的彈力帶', '', '', '199', 3, '15kg_resistance_bands.jpg', 1),
(12, 10, '25KG 訓練彈力帶', '適合在重訓、交叉訓練及體適能課程使用的彈力帶', '', '', '249', 10, '25kg_resistance_bands.jpg', 1),
(13, 11, '35KG 訓練彈力帶', '適合在重訓、交叉訓練及體適能課程使用的彈力帶', '', '', '299', 8, '35kg_resistance_bands.jpg', 1),
(14, 12, '4合1伏地挺身握把', '4 合 1 伏地挺身及滑行握把可為你的肌力訓練提供各式各樣的鍛鍊方式', '', '', '499', 6, 'push_up_wheel_4in1.jpg', 1),
(15, 13, '健身背心', '後背寬領剪裁的背心，讓你不管做什麼健身動作都輕鬆自在', '紅色', 'S', '399', 2, 'vest_red.jpg', 4),
(16, 13, '健身背心', '後背寬領剪裁的背心，讓你不管做什麼健身動作都輕鬆自在', '紅色', 'M', '399', 4, 'vest_red.jpg', 4),
(17, 13, '健身背心', '後背寬領剪裁的背心，讓你不管做什麼健身動作都輕鬆自在', '紅色', 'L', '399', 5, 'vest_red.jpg', 4),
(18, 13, '健身背心', '後背寬領剪裁的背心，讓你不管做什麼健身動作都輕鬆自在', '綠色', 'S', '399', 5, 'vest_green.jpg', 4),
(19, 13, '健身背心', '後背寬領剪裁的背心，讓你不管做什麼健身動作都輕鬆自在', '綠色', 'M', '399', 2, 'vest_green.jpg', 4),
(20, 13, '健身背心', '後背寬領剪裁的背心，讓你不管做什麼健身動作都輕鬆自在', '綠色', 'L', '399', 0, 'vest_green.jpg', 4),
(21, 14, '中強度健身運動內衣', '時尚的外型可在你進行中強度運動時提供舒適感和支撐性', '藍色', 'S', '749', 5, 'sports_bra_blue.jpg', 3),
(22, 14, '中強度健身運動內衣', '時尚的外型可在你進行中強度運動時提供舒適感和支撐性', '藍色', 'M', '749', 2, 'sports_bra_blue.jpg', 3),
(23, 14, '中強度健身運動內衣', '時尚的外型可在你進行中強度運動時提供舒適感和支撐性', '藍色', 'L', '749', 7, 'sports_bra_blue.jpg', 3),
(24, 14, '中強度健身運動內衣', '時尚的外型可在你進行中強度運動時提供舒適感和支撐性', '黑色', 'S', '749', 0, 'sports_bra_black.jpg', 3),
(25, 14, '中強度健身運動內衣', '時尚的外型可在你進行中強度運動時提供舒適感和支撐性', '黑色', 'M', '749', 0, 'sports_bra_black.jpg', 3),
(26, 14, '中強度健身運動內衣', '時尚的外型可在你進行中強度運動時提供舒適感和支撐性', '黑色', 'L', '749', 2, 'sports_bra_black.jpg', 3),
(27, 15, '男款運動短褲', '透氣排汗的跑步褲，適合長跑', '灰色', 'S', '349', 8, 'shorts_grey.jpg', 4),
(28, 15, '男款運動短褲', '透氣排汗的跑步褲，適合長跑', '灰色', 'M', '349', 5, 'shorts_grey.jpg', 4),
(29, 15, '男款運動短褲', '透氣排汗的跑步褲，適合長跑', '灰色', 'L', '349', 3, 'shorts_grey.jpg', 4),
(30, 15, '男款運動短褲', '透氣排汗的跑步褲，適合長跑', '黑色', 'S', '349', 4, 'shorts_black.jpg', 4),
(31, 15, '男款運動短褲', '透氣排汗的跑步褲，適合長跑', '黑色', 'M', '349', 3, 'shorts_black.jpg', 4),
(32, 15, '男款運動短褲', '透氣排汗的跑步褲，適合長跑', '黑色', 'L', '349', 0, 'shorts_black.jpg', 4),
(33, 16, '初階健身緊身褲', '為健身運動打造的緊身褲。適合低強度訓練時', '黑色', 'S', '499', 6, 'leggings.jpg', 3),
(34, 16, '初階健身緊身褲', '為健身運動打造的緊身褲。適合低強度訓練時', '黑色', 'M', '499', 1, 'leggings.jpg', 3),
(35, 16, '初階健身緊身褲', '為健身運動打造的緊身褲。適合低強度訓練時', '黑色', 'L', '499', 1, 'leggings.jpg', 3),
(36, 17, '女款運動短褲', '無論是運動、逛街、在海灘或在家放鬆都能穿著', '棕色', 'S', '399', 0, 'short_brown.jpg', 3),
(37, 17, '女款運動短褲', '無論是運動、逛街、在海灘或在家放鬆都能穿著', '棕色', 'M', '399', 0, 'short_brown.jpg', 3),
(38, 17, '女款運動短褲', '無論是運動、逛街、在海灘或在家放鬆都能穿著', '棕色', 'L', '399', 0, 'short_brown.jpg', 3),
(39, 17, '女款運動短褲', '無論是運動、逛街、在海灘或在家放鬆都能穿著', '紫色', 'S', '399', 1, 'short_purple.jpg', 3),
(40, 17, '女款運動短褲', '無論是運動、逛街、在海灘或在家放鬆都能穿著', '紫色', 'M', '399', 1, 'short_purple.jpg', 3),
(41, 17, '女款運動短褲', '無論是運動、逛街、在海灘或在家放鬆都能穿著', '紫色', 'L', '399', 2, 'short_purple.jpg', 3),
(42, 18, '運動壓力襪', '在訓練或比賽後，如果想要讓腳更輕盈，壓力襪是個輕鬆又有效的方式', '', 'S', '399', 4, 'compression_stockings.jpg', 5),
(43, 18, '運動壓力襪', '在訓練或比賽後，如果想要讓腳更輕盈，壓力襪是個輕鬆又有效的方式', '', 'M', '399', 7, 'compression_stockings.jpg', 5),
(44, 18, '運動壓力襪', '在訓練或比賽後，如果想要讓腳更輕盈，壓力襪是個輕鬆又有效的方式', '', 'L', '399', 12, 'compression_stockings.jpg', 5),
(45, 19, '初階重訓手套', '輕量耐用且能有效排汗的手套', '', 'S', '299', 12, 'beginner_training_gloves.jpg', 2),
(46, 19, '初階重訓手套', '輕量耐用且能有效排汗的手套', '', 'M', '299', 15, 'beginner_training_gloves.jpg', 2),
(47, 19, '初階重訓手套', '輕量耐用且能有效排汗的手套', '', 'L', '299', 19, 'beginner_training_gloves.jpg', 2),
(48, 20, '中階重訓手套', '兼具絕佳防滑性和舒適度的手套', '', 'S', '399', 23, 'intermediate_training_gloves.jpg', 2),
(49, 20, '中階重訓手套', '兼具絕佳防滑性和舒適度的手套', '', 'M', '399', 14, 'intermediate_training_gloves.jpg', 2),
(50, 20, '中階重訓手套', '兼具絕佳防滑性和舒適度的手套', '', 'L', '399', 17, 'intermediate_training_gloves.jpg', 2),
(51, 21, '22KG 翹臀圈', '適合下半身鍛練的翹臀圈。超耐用臀肌訓練的最佳利器。內建NFC晶片和QR Code，可獲得本產品大量的免費內容。', '白色', '', '249', 22, '04.jpg', 1),
(52, 21, '22KG 翹臀圈', '適合下半身鍛練的翹臀圈。超耐用臀肌訓練的最佳利器。內建NFC晶片和QR Code，可獲得本產品大量的免費內容。', '黑色', '', '249', 17, '03.jpg', 1),
(53, 21, '22KG 翹臀圈', '適合下半身鍛練的翹臀圈。超耐用臀肌訓練的最佳利器。內建NFC晶片和QR Code，可獲得本產品大量的免費內容。', '藍色', '', '249', 22, '09.jpg', 0),
(54, 22, '瑜珈運動套裝', '讓您的瑜珈體驗更完美！我們自豪地推出我們的瑜珈套裝，為您帶來舒適、時尚和功能性的結合。這套裝由高品質的彈性材料製成，讓您在練習中享受自由流動的感覺，同時提供足夠的支撐和靈活性。設計上注重細節，每一個縫合都經過精心考量，確保您的舒適度和耐用性，即使在高強度的運動中也能保持涼爽。', '黑色', 'S', '1499', 15, '05.jpg', 3),
(55, 22, '瑜珈運動套裝', '讓您的瑜珈體驗更完美！我們自豪地推出我們的瑜珈套裝，為您帶來舒適、時尚和功能性的結合。這套裝由高品質的彈性材料製成，讓您在練習中享受自由流動的感覺，同時提供足夠的支撐和靈活性。設計上注重細節，每一個縫合都經過精心考量，確保您的舒適度和耐用性，即使在高強度的運動中也能保持涼爽。', '黑色', 'M', '1499', 13, '05.jpg', 3),
(56, 22, '瑜珈運動套裝', '讓您的瑜珈體驗更完美！我們自豪地推出我們的瑜珈套裝，為您帶來舒適、時尚和功能性的結合。這套裝由高品質的彈性材料製成，讓您在練習中享受自由流動的感覺，同時提供足夠的支撐和靈活性。設計上注重細節，每一個縫合都經過精心考量，確保您的舒適度和耐用性，即使在高強度的運動中也能保持涼爽。', '黑色', 'L', '1499', 7, '05.jpg', 3),
(57, 23, '500ML 搖搖杯', '500ml 搖搖杯搖散蛋白粉、刷洗杯子更有效率。圓形杯底，方便清潔。 安全杯蓋固定在搖搖杯上，不易遺失。 採用扣環設計，容易攜帶。', '灰色', '500ml', '199', 15, '06.jpg', 2),
(58, 23, '500ML 搖搖杯', '500ml搖搖杯搖散蛋白粉、刷洗杯子更有效率。圓形杯底，方便清潔。 安全杯蓋固定在搖搖杯上，不易遺失。 採用扣環設計，容易攜帶。', '藍色', '500ml', '199', 7, '07.jpg', 2),
(59, 23, '500ML 搖搖杯', '500ml搖搖杯搖散蛋白粉、刷洗杯子更有效率。圓形杯底，方便清潔。 安全杯蓋固定在搖搖杯上，不易遺失。 採用扣環設計，容易攜帶。', '粉色', '500ml', '199', 7, '08.jpg', 2),
(63, 24, '男款初階健身長褲', '剛開始接觸或重新開始健身訓練？這款實用的舒適長褲可提供全然的活動自由。此外，更採用環保設計！採用環保彈性布料。我們為你設想了一切：包括活動自如的彈性布料、通風的雙腿間彈性材質，以及兩個實用的拉鍊口袋等等，你一定會喜歡！', '灰色', 'S', '499', 15, '10.jpg', 4),
(64, 24, '男款初階健身長褲', '剛開始接觸或重新開始健身訓練？這款實用的舒適長褲可提供全然的活動自由。此外，更採用環保設計！採用環保彈性布料。我們為你設想了一切：包括活動自如的彈性布料、通風的雙腿間彈性材質，以及兩個實用的拉鍊口袋等等，你一定會喜歡！', '灰色', 'M', '499', 15, '10.jpg', 4),
(65, 24, '男款初階健身長褲', '剛開始接觸或重新開始健身訓練？這款實用的舒適長褲可提供全然的活動自由。此外，更採用環保設計！採用環保彈性布料。我們為你設想了一切：包括活動自如的彈性布料、通風的雙腿間彈性材質，以及兩個實用的拉鍊口袋等等，你一定會喜歡！', '灰色', 'L', '499', 15, '10.jpg', 4),
(66, 24, '男款初階健身長褲', '剛開始接觸或重新開始健身訓練？這款實用的舒適長褲可提供全然的活動自由。此外，更採用環保設計！採用環保彈性布料。我們為你設想了一切：包括活動自如的彈性布料、通風的雙腿間彈性材質，以及兩個實用的拉鍊口袋等等，你一定會喜歡！', '黑色', 'S', '499', 15, '11.jpg', 4),
(67, 24, '男款初階健身長褲', '剛開始接觸或重新開始健身訓練？這款實用的舒適長褲可提供全然的活動自由。此外，更採用環保設計！採用環保彈性布料。我們為你設想了一切：包括活動自如的彈性布料、通風的雙腿間彈性材質，以及兩個實用的拉鍊口袋等等，你一定會喜歡！', '黑色', 'M', '499', 15, '11.jpg', 4),
(68, 24, '男款初階健身長褲', '剛開始接觸或重新開始健身訓練？這款實用的舒適長褲可提供全然的活動自由。此外，更採用環保設計！採用環保彈性布料。我們為你設想了一切：包括活動自如的彈性布料、通風的雙腿間彈性材質，以及兩個實用的拉鍊口袋等等，你一定會喜歡！', '黑色', 'L', '499', 15, '11.jpg', 4),
(69, 25, '女款瑜珈運動內衣', '我們的運動愛好者們設計了這款可讓你放心進行高強度運動的堅固運動內衣。柔軟、無束縛感的觸感，無論你是喜歡熱身運動還是高強度訓練，都能找到適合你的款式。這款運動上衣採用環保與透氣的設計，配有可拆式襯墊與時尚的肩帶，讓你在運動時既感受舒適，又能展現時尚風格。無論是搭配運動背心或者單獨穿著，都能展現出你的活力與自信。', '粉色', 'S', '499', 15, '12.jpg', 3),
(70, 25, '女款瑜珈運動內衣', '我們的運動愛好者們設計了這款可讓你放心進行高強度運動的堅固運動內衣。柔軟、無束縛感的觸感，無論你是喜歡熱身運動還是高強度訓練，都能找到適合你的款式。這款運動上衣採用環保與透氣的設計，配有可拆式襯墊與時尚的肩帶，讓你在運動時既感受舒適，又能展現時尚風格。無論是搭配運動背心或者單獨穿著，都能展現出你的活力與自信。', '粉色', 'M', '499', 15, '12.jpg', 3),
(71, 25, '女款瑜珈運動內衣', '我們的運動愛好者們設計了這款可讓你放心進行高強度運動的堅固運動內衣。柔軟、無束縛感的觸感，無論你是喜歡熱身運動還是高強度訓練，都能找到適合你的款式。這款運動上衣採用環保與透氣的設計，配有可拆式襯墊與時尚的肩帶，讓你在運動時既感受舒適，又能展現時尚風格。無論是搭配運動背心或者單獨穿著，都能展現出你的活力與自信。', '粉色', 'L', '499', 15, '12.jpg', 3),
(72, 26, '女款透氣短袖上衣', '我們充滿熱情的團隊特別為你打造了這款極致通風的女款上衣，無論在夏季的高溫下，還是健身運動中，都能保持清爽舒適！這款上衣採用輕盈透氣的微孔布料，並搭配背部通風設計，，讓你時刻保持涼爽。同時，特別選用排汗布料，有效吸收汗水，保持乾爽。給你帶來不僅通風，更是適合健身運動的完美穿搭選擇！讓我們一同迎接充滿活力的運動時刻吧！', '黃色', 'S', '499', 15, '13.jpg', 3),
(73, 26, '女款透氣短袖上衣', '我們充滿熱情的團隊特別為你打造了這款極致通風的女款上衣，無論在夏季的高溫下，還是健身運動中，都能保持清爽舒適！這款上衣採用輕盈透氣的微孔布料，並搭配背部通風設計，，讓你時刻保持涼爽。同時，特別選用排汗布料，有效吸收汗水，保持乾爽。給你帶來不僅通風，更是適合健身運動的完美穿搭選擇！讓我們一同迎接充滿活力的運動時刻吧！', '黃色', 'M', '499', 15, '13.jpg', 3),
(74, 26, '女款透氣短袖上衣', '我們充滿熱情的團隊特別為你打造了這款極致通風的女款上衣，無論在夏季的高溫下，還是健身運動中，都能保持清爽舒適！這款上衣採用輕盈透氣的微孔布料，並搭配背部通風設計，，讓你時刻保持涼爽。同時，特別選用排汗布料，有效吸收汗水，保持乾爽。給你帶來不僅通風，更是適合健身運動的完美穿搭選擇！讓我們一同迎接充滿活力的運動時刻吧！', '黃色', 'L', '499', 15, '13.jpg', 3),
(75, 26, '女款透氣短袖上衣', '我們充滿熱情的團隊特別為你打造了這款極致通風的女款上衣，無論在夏季的高溫下，還是健身運動中，都能保持清爽舒適！這款上衣採用輕盈透氣的微孔布料，並搭配背部通風設計，，讓你時刻保持涼爽。同時，特別選用排汗布料，有效吸收汗水，保持乾爽。給你帶來不僅通風，更是適合健身運動的完美穿搭選擇！讓我們一同迎接充滿活力的運動時刻吧！', '白色', 'S', '499', 15, '14.jpg', 3),
(76, 26, '女款透氣短袖上衣', '我們充滿熱情的團隊特別為你打造了這款極致通風的女款上衣，無論在夏季的高溫下，還是健身運動中，都能保持清爽舒適！這款上衣採用輕盈透氣的微孔布料，並搭配背部通風設計，，讓你時刻保持涼爽。同時，特別選用排汗布料，有效吸收汗水，保持乾爽。給你帶來不僅通風，更是適合健身運動的完美穿搭選擇！讓我們一同迎接充滿活力的運動時刻吧！', '白色', 'M', '499', 15, '14.jpg', 3),
(77, 26, '女款透氣短袖上衣', '我們充滿熱情的團隊特別為你打造了這款極致通風的女款上衣，無論在夏季的高溫下，還是健身運動中，都能保持清爽舒適！這款上衣採用輕盈透氣的微孔布料，並搭配背部通風設計，，讓你時刻保持涼爽。同時，特別選用排汗布料，有效吸收汗水，保持乾爽。給你帶來不僅通風，更是適合健身運動的完美穿搭選擇！讓我們一同迎接充滿活力的運動時刻吧！', '白色', 'L', '499', 15, '14.jpg', 3),
(78, 27, '跑步壓力襪', '我們的設計團隊開發出這款能提升跑步表現的跑步壓力產品。透過為肌肉加壓提升運動表現。為何要替小腿加壓？可以促進血液循環、減少肌肉震動並改善肢體動作。', '藍色', 'S', '199', 15, '15.jpg', 5),
(79, 27, '跑步壓力襪', '我們的設計團隊開發出這款能提升跑步表現的跑步壓力產品。透過為肌肉加壓提升運動表現。為何要替小腿加壓？可以促進血液循環、減少肌肉震動並改善肢體動作。', '藍色', 'M', '199', 15, '15.jpg', 5),
(80, 27, '跑步壓力襪', '我們的設計團隊開發出這款能提升跑步表現的跑步壓力產品。透過為肌肉加壓提升運動表現。為何要替小腿加壓？可以促進血液循環、減少肌肉震動並改善肢體動作。', '藍色', 'L', '199', 15, '15.jpg', 5),
(81, 27, '跑步壓力襪', '我們的設計團隊開發出這款能提升跑步表現的跑步壓力產品。透過為肌肉加壓提升運動表現。為何要替小腿加壓？可以促進血液循環、減少肌肉震動並改善肢體動作。', '灰色', 'S', '199', 15, '16.jpg', 5),
(82, 27, '跑步壓力襪', '我們的設計團隊開發出這款能提升跑步表現的跑步壓力產品。透過為肌肉加壓提升運動表現。為何要替小腿加壓？可以促進血液循環、減少肌肉震動並改善肢體動作。', '灰色', 'M', '199', 15, '16.jpg', 5),
(83, 27, '跑步壓力襪', '我們的設計團隊開發出這款能提升跑步表現的跑步壓力產品。透過為肌肉加壓提升運動表現。為何要替小腿加壓？可以促進血液循環、減少肌肉震動並改善肢體動作。', '灰色', 'L', '199', 15, '16.jpg', 5),
(84, 28, '透氣排汗高筒襪(2入)', '我們自豪地呈獻這款透氣排汗高筒襪，專為您的舒適度和健康設計。無論您是日常穿著、運動還是長時間站立，這款高筒襪都能提供卓越的舒適感和功能性。無論您是在辦公室、健身房還是戶外活動，這款透氣排汗高筒襪都將成為您最信賴的選擇。體驗優質材料、專業設計和持久耐用的結合，讓您的腳部始終保持舒適、健康和活力。', '灰色', 'S', '749', 15, '17.jpg', 5),
(85, 28, '透氣排汗高筒襪(2入)', '我們自豪地呈獻這款透氣排汗高筒襪，專為您的舒適度和健康設計。無論您是日常穿著、運動還是長時間站立，這款高筒襪都能提供卓越的舒適感和功能性。無論您是在辦公室、健身房還是戶外活動，這款透氣排汗高筒襪都將成為您最信賴的選擇。體驗優質材料、專業設計和持久耐用的結合，讓您的腳部始終保持舒適、健康和活力。', '灰色', 'M', '749', 15, '17.jpg', 5),
(86, 28, '透氣排汗高筒襪(2入)', '我們自豪地呈獻這款透氣排汗高筒襪，專為您的舒適度和健康設計。無論您是日常穿著、運動還是長時間站立，這款高筒襪都能提供卓越的舒適感和功能性。無論您是在辦公室、健身房還是戶外活動，這款透氣排汗高筒襪都將成為您最信賴的選擇。體驗優質材料、專業設計和持久耐用的結合，讓您的腳部始終保持舒適、健康和活力。', '灰色', 'L', '749', 15, '17.jpg', 5),
(87, 28, '透氣排汗高筒襪(2入)', '我們自豪地呈獻這款透氣排汗高筒襪，專為您的舒適度和健康設計。無論您是日常穿著、運動還是長時間站立，這款高筒襪都能提供卓越的舒適感和功能性。無論您是在辦公室、健身房還是戶外活動，這款透氣排汗高筒襪都將成為您最信賴的選擇。體驗優質材料、專業設計和持久耐用的結合，讓您的腳部始終保持舒適、健康和活力。', '黑色', 'S', '749', 15, '18.jpg', 5),
(88, 28, '透氣排汗高筒襪(2入)', '我們自豪地呈獻這款透氣排汗高筒襪，專為您的舒適度和健康設計。無論您是日常穿著、運動還是長時間站立，這款高筒襪都能提供卓越的舒適感和功能性。無論您是在辦公室、健身房還是戶外活動，這款透氣排汗高筒襪都將成為您最信賴的選擇。體驗優質材料、專業設計和持久耐用的結合，讓您的腳部始終保持舒適、健康和活力。', '黑色', 'M', '749', 15, '18.jpg', 5),
(89, 28, '透氣排汗高筒襪(2入)', '我們自豪地呈獻這款透氣排汗高筒襪，專為您的舒適度和健康設計。無論您是日常穿著、運動還是長時間站立，這款高筒襪都能提供卓越的舒適感和功能性。無論您是在辦公室、健身房還是戶外活動，這款透氣排汗高筒襪都將成為您最信賴的選擇。體驗優質材料、專業設計和持久耐用的結合，讓您的腳部始終保持舒適、健康和活力。', '黑色', 'L', '749', 15, '18.jpg', 5),
(90, 29, '高筒運動襪(3入)', '這款舒適耐用的運動襪很適合運動初學者穿著。輕薄又耐穿！這款運動襪棉質含量高且不易變形，既耐穿又舒適。適合運動初學者和其他輕量級運動穿著。3雙一組販售。', '白色', 'S', '129', 15, '19.jpg', 5),
(91, 29, '高筒運動襪(3入)', '這款舒適耐用的運動襪很適合運動初學者穿著。輕薄又耐穿！這款運動襪棉質含量高且不易變形，既耐穿又舒適。適合運動初學者和其他輕量級運動穿著。3雙一組販售。', '白色', 'M', '129', 15, '19.jpg', 5),
(92, 29, '高筒運動襪(3入)', '這款舒適耐用的運動襪很適合運動初學者穿著。輕薄又耐穿！這款運動襪棉質含量高且不易變形，既耐穿又舒適。適合運動初學者和其他輕量級運動穿著。3雙一組販售。', '白色', 'L', '129', 15, '19.jpg', 5),
(93, 29, '高筒運動襪(3入)', '這款舒適耐用的運動襪很適合運動初學者穿著。輕薄又耐穿！這款運動襪棉質含量高且不易變形，既耐穿又舒適。適合運動初學者和其他輕量級運動穿著。3雙一組販售。', '黑色', 'S', '129', 15, '20.jpg', 5),
(94, 29, '高筒運動襪(3入)', '這款舒適耐用的運動襪很適合運動初學者穿著。輕薄又耐穿！這款運動襪棉質含量高且不易變形，既耐穿又舒適。適合運動初學者和其他輕量級運動穿著。3雙一組販售。', '黑色', 'M', '129', 15, '20.jpg', 5),
(95, 29, '高筒運動襪(3入)', '這款舒適耐用的運動襪很適合運動初學者穿著。輕薄又耐穿！這款運動襪棉質含量高且不易變形，既耐穿又舒適。適合運動初學者和其他輕量級運動穿著。3雙一組販售。', '黑色', 'L', '129', 15, '20.jpg', 5),
(96, 30, '男款初階健身背心', '適合剛開始接觸或重回健身鍛鍊時穿著。價格實惠的透氣背心！適合所有健身活動的必備單品。可排出汗水讓你保持乾爽，同時擁有出眾的活動自由。', '黑色', 'S', '199', 15, '01.jpg', 4),
(97, 30, '男款初階健身背心', '適合剛開始接觸或重回健身鍛鍊時穿著。價格實惠的透氣背心！適合所有健身活動的必備單品。可排出汗水讓你保持乾爽，同時擁有出眾的活動自由。', '黑色', 'M', '199', 15, '01.jpg', 4),
(98, 30, '男款初階健身背心', '適合剛開始接觸或重回健身鍛鍊時穿著。價格實惠的透氣背心！適合所有健身活動的必備單品。可排出汗水讓你保持乾爽，同時擁有出眾的活動自由。', '黑色', 'L', '199', 15, '01.jpg', 4),
(99, 30, '男款初階健身背心', '適合剛開始接觸或重回健身鍛鍊時穿著。價格實惠的透氣背心！適合所有健身活動的必備單品。可排出汗水讓你保持乾爽，同時擁有出眾的活動自由。', '灰色', 'S', '199', 15, '02.jpg', 4),
(100, 30, '男款初階健身背心', '適合剛開始接觸或重回健身鍛鍊時穿著。價格實惠的透氣背心！適合所有健身活動的必備單品。可排出汗水讓你保持乾爽，同時擁有出眾的活動自由。', '灰色', 'M', '199', 15, '02.jpg', 4),
(101, 30, '男款初階健身背心', '適合剛開始接觸或重回健身鍛鍊時穿著。價格實惠的透氣背心！適合所有健身活動的必備單品。可排出汗水讓你保持乾爽，同時擁有出眾的活動自由。', '灰色', 'L', '199', 15, '02.jpg', 4),
(102, 31, '輕盈透氣跑步短褲', '這款 Essentials 系列直筒短褲由我們的設計師精心設計，保證無論是運動或日常穿著都兼具機能性與舒適度！一款經典、高品質又耐穿的服裝！憑著柔軟舒適的布料、抽繩以及實用的側口袋及後口袋，這款合身短褲會是你運動時的最佳夥伴。', '黑色', 'S', '349', 15, '21.jpg', 4),
(103, 32, '男款中階健身短褲', '這款 Essentials 系列直筒短褲由我們的設計師精心設計，保證無論是運動或日常穿著都兼具機能性與舒適度！一款經典、高品質又耐穿的服裝！憑著柔軟舒適的布料、抽繩以及實用的側口袋及後口袋，這款合身短褲會是你運動時的最佳夥伴。', '黑色', 'S', '449', 15, '22,jpg', 4),
(104, 33, '中階健身五分褲', '我們的設計團隊打造出這款兼顧運動與日常生活的短褲。簡單來說，就是任何時候都能穿著！兩個拉鍊口袋可以搞定一切大小事！這款超柔軟、高棉質含量的短褲讓你穿起來舒適無比。剛好到膝蓋以上的長度能讓你活動自如。讓人一看到就會愛上！', '黑色', 'S', '499', 14, '23.jpg', 4),
(105, 34, '男款純棉短袖上衣', '簡單實用的基本款 T 恤，無論作為運動服或日常穿著都非常合適。物超所值，絕對讓你愛不釋手一款採用圓領、短袖、柔軟的純棉材質打造，物超所值的 T 恤。', '黑色', 'S', '149', 15, '24.jpg', 4),
(108, 35, '初階健身短袖上衣', '適合各種時候穿著的舒適、環保、機能性健身 T 恤。更重要的是？價格實惠！通風、透氣且環保的 T 恤！這款健身 T 恤以柔軟、透氣的再生聚酯纖維（polyester）布料製成，是在健身房及在家健身的必備單品！', '灰色', 'S', '399', 15, '25.jpg', 4),
(109, 36, '中階棉質短袖上衣', '適合各種時候穿著的舒適、環保、機能性健身 T 恤。更重要的是？價格實惠！通風、透氣且環保的 T 恤！這款健身 T 恤以柔軟、透氣的再生聚酯纖維（polyester）布料製成，是在健身房及在家健身的必備單品！', '藍色', 'S', '349', 15, '26.jpg', 4),
(110, 37, '男款中階棉質短袖上衣', '這款耐用的 100% 純棉 T 恤 Essentials 採用密度 190 g/m² 的布料、強化領口和雙針間線打造雅致外觀。採用再生材質製成的基本款。這款經典的 T 恤 我們 Essentials 系列最重要的單品。非常適合運動與日常生活穿著。 我們使用的布料讓這款產品非常耐用。', '白色', 'S', '349', 15, '27.jpg', 4),
(111, 38, '男款彈性運動長褲', '完美的慢跑長褲——簡約舒適，非常適合運動或日常穿著你一定會喜歡的褲管抽繩設計超值長褲，採用經典剪裁與彈性腰帶——讓你捨不得脫下它！', '藍色', 'S', '449', 15, '28.jpg', 4),
(112, 39, '男款超柔軟修身長褲', '我們的設計師開發出這款可讓你在溫和健身與皮拉提斯訓練前後與過程中保持溫暖的刷毛長褲。採標準剪裁與踝部縮口設計！簡約、柔軟、富含棉質的布料，在溫和健身與皮拉提斯訓練期間帶來絕佳的舒適感受。採直筒剪裁與踝部縮口設計。2個口袋。', '黑色', 'S', '349', 15, '29.jpg', 4);

-- --------------------------------------------------------

--
-- 資料表結構 `productcat`
--

CREATE TABLE `productcat` (
  `category_id` int(11) NOT NULL COMMENT '	分類id',
  `category_name` varchar(50) NOT NULL COMMENT '	分類名稱',
  `category_desc` varchar(255) NOT NULL COMMENT '分類描述'
) ENGINE=InnoDB DEFAULT CHARSET=utf8mb4;

--
-- 傾印資料表的資料 `productcat`
--

INSERT INTO `productcat` (`category_id`, `category_name`, `category_desc`) VALUES
(0, '0', '0'),
(1, '健身器材', '健身器材'),
(2, '健身配件', '健身配件'),
(3, '女性服飾', '女性服飾'),
(4, '男性服飾', '男性服飾'),
(5, '運動配件', '運動配件');

-- --------------------------------------------------------

--
-- 資料表結構 `productfeedback`
--

CREATE TABLE `productfeedback` (
  `feedback_id` int(11) NOT NULL COMMENT '商品回饋ID',
  `p_id` int(11) NOT NULL COMMENT '商品ID',
  `score` int(2) NOT NULL COMMENT '評分\r\n',
  `feedback_text` text NOT NULL COMMENT '商品回饋內文',
  `member_id` varchar(255) NOT NULL COMMENT '會員ID',
  `date` timestamp NOT NULL DEFAULT current_timestamp() COMMENT '時間'
) ENGINE=InnoDB DEFAULT CHARSET=utf8mb4;

--
-- 傾印資料表的資料 `productfeedback`
--

INSERT INTO `productfeedback` (`feedback_id`, `p_id`, `score`, `feedback_text`, `member_id`, `date`) VALUES
(1, 1, 5, '好像滿好用ㄉ', '136f922b-790f-43a0-98f8-c53e92978890', '2023-07-17 16:00:00'),
(2, 1, 1, '沒有很喜歡', 'bcb712e2-9094-434a-8331-90ef53124595', '0000-00-00 00:00:00'),
(3, 1, 3, '還行8', 'bcb712e2-9094-434a-8331-90ef53124595', '0000-00-00 00:00:00'),
(4, 1, 2, '就還可以', '136f922b-790f-43a0-98f8-c53e92978890', '0000-00-00 00:00:00'),
(5, 1, 5, '各位小仙女~~~這是一個好評模板，不要看了，下面都是廢話。因為本仙女很懶，不想每個寶貝都寫好評，所以才模仿網友的好評模板。但是這個寶貝不管是質量還是款式都是本仙女喜歡的~~~如果不喜歡，本仙女收到會很生氣，然後這個模板就會變成各種喋喋不休的吐槽，自然不會撒下這個好評給各位淘友參考。本寶貝還是極好的，來自一位懶省事的只愛購物不愛寫評論只想換積分的仙女~~~', '136f922b-790f-43a0-98f8-c53e92978890', '0000-00-00 00:00:00'),
(6, 1, 4, '以前幾乎都沒有認真評價過，不知道浪費了多少積分。聽說評價超過一百個字有送積分，基本上每個星期都會光顧，統一評論，淘寶購物實在是太方便了，根本停不下來，從此後買生活用品第一個想到的就是淘寶，都是正品，一開始還擔心，現在都習慣了，真心不錯的', '136f922b-790f-43a0-98f8-c53e92978890', '0000-00-00 00:00:00'),
(7, 1, 3, '123', 'bcb712e2-9094-434a-8331-90ef53124595', '2023-08-21 01:49:13'),
(8, 1, 1, '\n123', 'bcb712e2-9094-434a-8331-90ef53124595', '2023-08-24 03:04:21'),
(9, 1, 3, '123', 'bcb712e2-9094-434a-8331-90ef53124595', '2023-08-24 05:42:54'),
(10, 1, 4, 'jirfefwjewf', '13d416df-343e-4b0e-9131-f9af9af1c13d', '2023-08-25 08:39:53'),
(11, 2, 4, 'eeee', '13d416df-343e-4b0e-9131-f9af9af1c13d', '2023-08-26 13:27:28'),
(12, 1, 3, '12', '13d416df-343e-4b0e-9131-f9af9af1c13d', '2023-08-30 02:17:58'),
(13, 21, 3, 'e04', 'bcb712e2-9094-434a-8331-90ef53124595', '2023-08-30 06:20:15');

-- --------------------------------------------------------

--
-- 資料表結構 `productlist`
--

CREATE TABLE `productlist` (
  `p_id` int(11) NOT NULL COMMENT '商品ID',
  `p_name` varchar(50) NOT NULL COMMENT '商品名稱',
  `p_price` int(50) NOT NULL,
  `p_image` varchar(255) NOT NULL,
  `category_id` int(11) NOT NULL
) ENGINE=InnoDB DEFAULT CHARSET=utf8mb4;

--
-- 傾印資料表的資料 `productlist`
--

INSERT INTO `productlist` (`p_id`, `p_name`, `p_price`, `p_image`, `category_id`) VALUES
(1, '瑜珈墊', 599, 'yoga_mat_pink.jpg', 1),
(2, '4KG 壺鈴', 699, '4kg_kettlebell.jpg', 1),
(3, '8KG 壺鈴', 1299, '8kg_kettlebell.jpg', 1),
(4, '1KG PVC啞鈴組', 349, '1kg_dumbbell.jpg', 1),
(5, '2KG PVC啞鈴組', 449, '2kg_dumbbell.jpg', 1),
(6, '3KG PVC啞鈴組', 499, '3kg_dumbbell.jpg', 1),
(7, '5KG PVC啞鈴組', 849, '5kg_dumbbell.jpg', 1),
(8, '50KG PVC啞鈴組', 3999, '50kg_dumbbell_set.jpg', 1),
(9, '15KG 訓練彈力帶\r\n', 199, '15kg_resistance_bands.jpg', 1),
(10, '25KG 訓練彈力帶', 249, '25kg_resistance_bands.jpg', 1),
(11, '35KG 訓練彈力帶', 299, '35kg_resistance_bands.jpg', 1),
(12, '4合1伏地挺身握把\r\n', 499, 'push_up_wheel_4in1.jpg', 1),
(13, '健身背心', 399, 'vest_red.jpg', 4),
(14, '中強度健身運動內衣', 749, 'sports_bra_black.jpg', 3),
(15, '男款運動短褲', 349, 'shorts_black.jpg', 4),
(16, '初階健身緊身褲', 499, 'leggings.jpg', 3),
(17, '女款運動短褲', 399, 'short_brown.jpg', 3),
(18, '運動壓力襪', 399, 'compression_stockings.jpg', 5),
(19, '初階重訓手套', 299, 'beginner_training_gloves.jpg', 2),
(20, '中階重訓手套', 399, 'intermediate_training_gloves.jpg', 2),
(21, '22KG 翹臀圈', 249, '03.jpg', 1),
(22, '瑜珈運動套裝', 1499, '05.jpg', 3),
(23, '500ML 搖搖杯', 199, '06.jpg', 2),
(24, '男款初階健身長褲', 499, '10.jpg', 4),
(25, '女款瑜珈運動內衣', 499, '12.jpg', 3),
(26, '女款透氣短袖上衣', 499, '13.jpg', 3),
(27, '跑步壓力襪', 199, '15.jpg', 5),
(28, '透氣排汗高筒襪(2入)', 749, '17.jpg', 5),
(29, '高筒運動襪(3入)', 129, '19.jpg', 5),
(30, '男款初階健身背心', 199, '01.jpg', 4),
(31, '輕盈透氣短褲', 349, '21.jpg', 4),
(32, '男款中階健身短褲', 449, '22.jpg', 4),
(33, '中階健身五分褲', 499, '23.jpg', 4),
(34, '男款純棉短袖上衣', 149, '24.jpg', 4),
(35, '初階健身短袖上衣', 399, '25.jpg', 4),
(36, '中階棉質短袖上衣', 349, '26.jpg', 4),
(37, '男款中階棉質短袖上衣', 349, '27.jpg', 4),
(38, '男款彈性運動長褲', 449, '28.jpg', 4),
(39, '男款超柔軟修身長褲', 349, '29.jpg', 4);

-- --------------------------------------------------------

--
-- 資料表結構 `sportdata`
--

CREATE TABLE `sportdata` (
  `SportID` int(10) NOT NULL,
  `Name` varchar(30) NOT NULL,
  `METs` float NOT NULL,
  `Img` varchar(20) NOT NULL,
  `Sport_categoryID` int(10) NOT NULL
) ENGINE=InnoDB DEFAULT CHARSET=utf8;

--
-- 傾印資料表的資料 `sportdata`
--

INSERT INTO `sportdata` (`SportID`, `Name`, `METs`, `Img`, `Sport_categoryID`) VALUES
(1, '慢走(4公里/時)', 3.5, '01.png', 1),
(2, '健走(6.0公里/時)', 5.5, '02.png', 1),
(3, '下樓梯', 3.2, '03.png', 2),
(4, '上樓梯', 8.4, '04.png', 2),
(5, '慢跑(8公里/時)', 8.2, '05.png', 3),
(6, '快跑(12公里/時)', 12.7, '06.png', 3),
(7, '快跑(16公里/時)', 16.8, '07.png', 3),
(8, '騎腳踏車(10公里/時)', 4, '08.png', 4),
(9, '騎腳踏車(20公里/時)', 8.4, '09.png', 4),
(10, '騎腳踏車(30公里/時)', 12.6, '10.png', 4),
(11, '拖地、掃地', 3.7, '11.png', 5),
(12, '園藝', 4.2, '12.png', 5),
(13, '使用工具製造或修理', 5.3, '13.png', 6),
(14, '耕種、牧場、漁業、林業', 7.4, '14.png', 6),
(15, '搬運重物', 8.4, '15.png', 6),
(16, '瑜珈', 3, '16.png', 7),
(17, '跳舞、元極舞', 3.1, '17.png', 7),
(18, '跳舞、國際標準舞', 5.3, '18.png', 7),
(19, '飛盤', 3.2, '19.png', 7),
(20, '排球', 3.6, '20.png', 7),
(21, '保齡球', 3.6, '21.png', 7),
(22, '太極拳', 4.2, '22.png', 7),
(23, '乒乓球', 4.2, '23.png', 7),
(24, '棒壘球', 4.7, '24.png', 7),
(25, '高爾夫', 5, '25.png', 7),
(26, '溜直排輪', 5.1, '26.png', 7),
(27, '羽毛球', 5.1, '27.png', 7),
(28, '游泳(慢)', 6.3, '28.png', 7),
(29, '游泳(較快)', 10, '29.png', 7),
(30, '籃球(半場)', 6.3, '30.png', 7),
(31, '籃球(全場)', 8.3, '31.png', 7),
(32, '有氧舞蹈', 6.8, '32.png', 7),
(33, '網球', 6.6, '33.png', 7),
(34, '足球', 7.7, '34.png', 7),
(35, '跳繩(慢)', 8.4, '35.png', 7),
(36, '跳繩(快)', 12.6, '36.png', 7),
(37, '健康操', 4, '37.png', 7),
(38, '划獨木舟', 3.4, '38.png', 7),
(39, '高爾夫球', 3.7, '39.png', 7),
(40, '騎馬(小跑)', 5.1, '40.png', 7),
(41, '溜冰刀(16公里/時)', 5.9, '41.png', 7),
(42, '爬岩(35公尺/時)', 7, '42.png', 7),
(43, '滑雪(16公里/時)', 7.2, '43.png', 7),
(44, '拳擊', 11.4, '44.png', 7),
(45, '划船比賽', 12.4, '45.png', 7);

-- --------------------------------------------------------

--
-- 資料表結構 `sport_record`
--

CREATE TABLE `sport_record` (
  `Sport_recordID` varchar(255) NOT NULL,
  `MemberID` varchar(255) NOT NULL,
  `SportID` int(10) NOT NULL,
  `time` float NOT NULL,
  `date` date NOT NULL,
  `Calorie` float NOT NULL
) ENGINE=InnoDB DEFAULT CHARSET=utf8mb4;

--
-- 傾印資料表的資料 `sport_record`
--

INSERT INTO `sport_record` (`Sport_recordID`, `MemberID`, `SportID`, `time`, `date`, `Calorie`) VALUES
('01e409b3-fbf3-4c43-9367-4511b9a52272', '1234567890', 6, 1.5, '2023-08-22', 1552.6),
('03a05007-a50c-4187-a01c-c900e51a3301', 'acc6d625-849b-4c1c-890a-f2e5d07f8027', 14, 1.5, '2023-07-26', 2386.5),
('048911b7-0907-4fd9-8012-227cad043596', 'acc6d625-849b-4c1c-890a-f2e5d07f8027', 9, 1, '2023-04-16', 1783),
('05bc2ba7-ac53-41e3-8413-0887c1dfae0f', 'acc6d625-849b-4c1c-890a-f2e5d07f8027', 16, 2, '2023-08-24', 1912),
('063f7dcf-087d-4b47-9eb1-a7c5b93e673b', 'acc6d625-849b-4c1c-890a-f2e5d07f8027', 18, 1.5, '2023-03-12', 2344.5),
('08343043-a1aa-46bc-80ce-e121a0828efe', 'acc6d625-849b-4c1c-890a-f2e5d07f8027', 37, 2, '2023-07-14', 3050),
('0a002ab7-d527-4d36-939d-989e10585c7c', 'acc6d625-849b-4c1c-890a-f2e5d07f8027', 24, 2, '2023-04-29', 1512),
('0c1b9da8-b11f-4801-a0e1-2dc80a4051c2', 'acc6d625-849b-4c1c-890a-f2e5d07f8027', 29, 0.5, '2023-03-30', 300),
('0e1de8e2-c29f-49f4-9634-d1351478cde2', 'acc6d625-849b-4c1c-890a-f2e5d07f8027', 45, 1, '2023-04-24', 1285),
('0ef4068c-6ee4-4677-bc67-1be36bf8e016', 'acc6d625-849b-4c1c-890a-f2e5d07f8027', 10, 2, '2023-08-12', 1712),
('0fb64f49-e596-4e3f-90c8-e165052cfc88', 'acc6d625-849b-4c1c-890a-f2e5d07f8027', 28, 2, '2023-06-28', 2852),
('0feef9ca-ccf7-4101-a09a-0cb955ea22b9', 'acc6d625-849b-4c1c-890a-f2e5d07f8027', 40, 0.5, '2023-03-21', 420.5),
('0ffa4478-c073-4e72-a9c7-0b3e82a8306b', 'acc6d625-849b-4c1c-890a-f2e5d07f8027', 39, 2, '2023-02-14', 2924),
('1034739c-a03f-4909-965f-aeae9067c633', 'acc6d625-849b-4c1c-890a-f2e5d07f8027', 24, 2, '2023-05-10', 3266),
('10e7b39a-7123-427f-8fd8-c84716bb56e2', 'acc6d625-849b-4c1c-890a-f2e5d07f8027', 21, 2, '2023-01-11', 2574),
('13db383a-f3c3-40af-a260-1f3558d1a480', 'acc6d625-849b-4c1c-890a-f2e5d07f8027', 30, 0.5, '2023-03-01', 761),
('13f1bb30-af9d-4e92-bc7b-c376fb7d1f3c', 'acc6d625-849b-4c1c-890a-f2e5d07f8027', 38, 2, '2023-08-03', 2874),
('171d5140-9943-4992-ae01-51733139fd1a', 'acc6d625-849b-4c1c-890a-f2e5d07f8027', 22, 1, '2023-07-16', 811),
('1748de27-a2e2-492b-a9aa-5cf07a53f486', 'acc6d625-849b-4c1c-890a-f2e5d07f8027', 42, 1.5, '2023-02-01', 1719),
('174df631-c7ca-47e3-958f-52f544293a93', 'acc6d625-849b-4c1c-890a-f2e5d07f8027', 45, 0.5, '2023-05-31', 661),
('1a480c4b-9a7b-4e8d-988d-769b7df1cbcc', 'acc6d625-849b-4c1c-890a-f2e5d07f8027', 5, 0.5, '2023-06-23', 800.5),
('1a6d909f-23b6-4142-afcb-21eb1e6f1768', 'acc6d625-849b-4c1c-890a-f2e5d07f8027', 10, 2, '2023-03-09', 3040),
('1adfc816-90b3-4303-b00d-6f5cb3a0b2ab', 'acc6d625-849b-4c1c-890a-f2e5d07f8027', 14, 1.5, '2023-02-21', 2391),
('1b2f93c7-db87-413d-8883-c92718df458f', 'acc6d625-849b-4c1c-890a-f2e5d07f8027', 11, 0.5, '2023-09-17', 768.5),
('1c2cd29e-db4a-4eaf-acb5-648c35a4ba0e', 'acc6d625-849b-4c1c-890a-f2e5d07f8027', 9, 1, '2023-08-18', 1639),
('1d59ad61-0451-4fe3-b3ad-4668d1685e6b', 'acc6d625-849b-4c1c-890a-f2e5d07f8027', 12, 2, '2023-04-30', 3216),
('1d8984b9-7898-4880-8bfc-c860bc54b9f6', 'acc6d625-849b-4c1c-890a-f2e5d07f8027', 35, 1.5, '2023-09-28', 1836),
('1de0732b-79c6-49c6-9e59-a07bc6eda50c', 'acc6d625-849b-4c1c-890a-f2e5d07f8027', 26, 1.5, '2023-07-19', 1515),
('1e93d70e-2bfd-4131-ac1c-99d7e1221b35', 'acc6d625-849b-4c1c-890a-f2e5d07f8027', 44, 0.5, '2023-03-27', 769.5),
('1ee2bde2-a5db-4ccf-bdbb-2ed5c5a133d0', 'acc6d625-849b-4c1c-890a-f2e5d07f8027', 9, 2, '2023-07-30', 1304),
('1ffad11b-75a3-4424-8584-fdd65e62e9b8', 'acc6d625-849b-4c1c-890a-f2e5d07f8027', 14, 0.5, '2023-03-25', 901.5),
('2194fc95-53f0-4352-9ed8-f08b6a458abd', 'acc6d625-849b-4c1c-890a-f2e5d07f8027', 27, 1, '2023-09-04', 1095),
('2251bf33-bc43-482d-8d84-97a733cb8b10', 'acc6d625-849b-4c1c-890a-f2e5d07f8027', 34, 0.5, '2023-09-09', 468.5),
('2301e3ee-99c1-41bf-b6ff-b6c1d16132c3', 'acc6d625-849b-4c1c-890a-f2e5d07f8027', 29, 0.5, '2023-04-17', 302.5),
('241c1106-9884-4171-8e11-659bf60b8246', 'acc6d625-849b-4c1c-890a-f2e5d07f8027', 19, 1.5, '2023-06-12', 1762.5),
('25bc1e9e-4d01-4a2b-979b-c2f924105808', 'acc6d625-849b-4c1c-890a-f2e5d07f8027', 31, 2, '2023-04-13', 2552),
('2801e330-11c9-4633-99a6-4f9ab4fd4237', 'acc6d625-849b-4c1c-890a-f2e5d07f8027', 32, 0.5, '2023-08-09', 938.5),
('29a422d9-057e-43ca-9795-f341103cc4cd', 'acc6d625-849b-4c1c-890a-f2e5d07f8027', 25, 2, '2023-08-02', 2642),
('2a1aba05-656f-45ff-9f24-292936c85998', 'acc6d625-849b-4c1c-890a-f2e5d07f8027', 35, 0.5, '2023-09-18', 531.5),
('2a1eddbc-9e6e-4438-96c8-0d0e9f796a81', 'acc6d625-849b-4c1c-890a-f2e5d07f8027', 20, 2, '2023-01-17', 1214),
('2c824286-a220-4dc6-acbe-da6b098621d2', 'acc6d625-849b-4c1c-890a-f2e5d07f8027', 37, 1.5, '2023-07-27', 2997),
('2d3fe49c-f1f2-4c99-9c34-3ebca8acd859', 'acc6d625-849b-4c1c-890a-f2e5d07f8027', 27, 0.5, '2023-06-18', 698),
('2e4d2ff3-529c-41b9-9bad-006865cc200c', 'acc6d625-849b-4c1c-890a-f2e5d07f8027', 22, 1.5, '2023-01-30', 1245),
('2ece0289-7ef8-41ea-b9e8-a78bd2b0a719', 'acc6d625-849b-4c1c-890a-f2e5d07f8027', 41, 0.5, '2023-05-09', 909),
('314f16be-6140-4a9d-a301-20ff63176057', 'acc6d625-849b-4c1c-890a-f2e5d07f8027', 12, 1.5, '2023-04-07', 1939.5),
('31e97f00-8c95-47df-967b-02e6fa2c0c54', 'acc6d625-849b-4c1c-890a-f2e5d07f8027', 28, 2, '2023-02-02', 1002),
('34ad43d0-b749-42bd-8a4e-da0940faad32', 'acc6d625-849b-4c1c-890a-f2e5d07f8027', 36, 0.5, '2023-01-31', 969.5),
('35080238-445b-40bb-9c00-fdadf49faaeb', 'acc6d625-849b-4c1c-890a-f2e5d07f8027', 41, 2, '2023-08-04', 1040),
('358c0e2c-2081-495c-b596-19b7525c0c34', 'acc6d625-849b-4c1c-890a-f2e5d07f8027', 18, 1.5, '2023-08-27', 1960.5),
('35dcbb32-0ad0-4a14-ad58-a525311127c0', '1234567890', 3, 1.5, '2023-08-29', 391.2),
('3777b3be-b03a-442d-880a-8d7362b5249c', 'acc6d625-849b-4c1c-890a-f2e5d07f8027', 9, 1, '2023-08-06', 1446),
('37b45af8-bd2f-4753-807f-69e38636ba48', 'acc6d625-849b-4c1c-890a-f2e5d07f8027', 34, 0.5, '2023-01-19', 541.5),
('39f80a4f-76b1-49f7-bf7a-f0ccef5e8b5f', 'acc6d625-849b-4c1c-890a-f2e5d07f8027', 44, 1.5, '2023-03-24', 1192.5),
('3a4d1084-1daf-4445-a34c-0cea89989fa4', 'acc6d625-849b-4c1c-890a-f2e5d07f8027', 40, 1.5, '2023-06-15', 1513.5),
('3cc313c3-9800-4f34-a1fe-cd38c5abc73b', 'acc6d625-849b-4c1c-890a-f2e5d07f8027', 32, 2, '2023-08-01', 2442),
('414566d5-9e1f-463a-868c-96888dc53695', 'acc6d625-849b-4c1c-890a-f2e5d07f8027', 23, 2, '2023-05-15', 2048),
('440ebdf9-f20a-47f1-9874-2fddce91d7a5', 'acc6d625-849b-4c1c-890a-f2e5d07f8027', 9, 0.5, '2023-07-20', 354),
('44d67417-a3c1-43f3-bd85-224d409d7f3f', 'acc6d625-849b-4c1c-890a-f2e5d07f8027', 24, 0.5, '2023-07-15', 419),
('4581fc10-ae2b-4a3b-9099-8e3ecb996954', 'acc6d625-849b-4c1c-890a-f2e5d07f8027', 20, 1, '2023-05-05', 1005),
('45839137-522b-4348-8809-181e7aa3f242', 'acc6d625-849b-4c1c-890a-f2e5d07f8027', 21, 1, '2023-06-16', 1024),
('46e21769-a1c2-412f-aebc-c8d721a609e6', 'acc6d625-849b-4c1c-890a-f2e5d07f8027', 30, 1, '2023-09-25', 1804),
('47344363-8ad2-48a1-87c7-e7ce53543726', 'acc6d625-849b-4c1c-890a-f2e5d07f8027', 44, 0.5, '2023-02-27', 778),
('49ecf965-511d-4d9b-976b-8b3e41c64361', 'acc6d625-849b-4c1c-890a-f2e5d07f8027', 37, 1.5, '2023-08-17', 2119.5),
('4cbddb2e-8f3a-4873-86f6-17b963862fdd', 'acc6d625-849b-4c1c-890a-f2e5d07f8027', 23, 0.5, '2023-01-06', 700),
('4cc38fe1-6902-4870-b9e6-dc4004fd474c', 'acc6d625-849b-4c1c-890a-f2e5d07f8027', 27, 2, '2023-03-20', 2352),
('4f8dc8a5-4d89-458a-a171-62b3000784fa', 'acc6d625-849b-4c1c-890a-f2e5d07f8027', 22, 1, '2023-09-29', 835),
('50c44bcf-21ef-4d2b-929f-7a285f2ac645', 'acc6d625-849b-4c1c-890a-f2e5d07f8027', 31, 2, '2023-02-06', 2922),
('519093df-e5b6-47b6-82e4-236430cb1f29', 'acc6d625-849b-4c1c-890a-f2e5d07f8027', 22, 0.5, '2023-07-05', 559.5),
('532ea4b8-7d60-4f1e-960c-1ba7b7d0a40b', 'acc6d625-849b-4c1c-890a-f2e5d07f8027', 1, 2, '2023-01-27', 1056),
('53669d7b-676f-403f-90d4-54be401c5e95', 'acc6d625-849b-4c1c-890a-f2e5d07f8027', 5, 1, '2023-06-04', 1068),
('53a18a1c-4e6f-4509-903f-81c891104bc8', 'acc6d625-849b-4c1c-890a-f2e5d07f8027', 19, 1.5, '2023-05-04', 1723.5),
('53c0d1a3-4e4b-4030-a501-ee9e7ccc9101', 'acc6d625-849b-4c1c-890a-f2e5d07f8027', 27, 2, '2023-07-17', 3492),
('53e70669-ae7b-4d9b-befd-1457a124f1d6', 'acc6d625-849b-4c1c-890a-f2e5d07f8027', 16, 1, '2023-08-08', 1330),
('53fb69d1-3ad2-4930-b218-bb6869e001cb', 'acc6d625-849b-4c1c-890a-f2e5d07f8027', 24, 0.5, '2023-07-13', 545),
('5725d1b6-1d14-4124-bd2e-ca71d86c2e64', 'acc6d625-849b-4c1c-890a-f2e5d07f8027', 34, 1, '2023-06-26', 1262),
('581c279b-f1a2-4db2-ab15-33a4f5164539', 'acc6d625-849b-4c1c-890a-f2e5d07f8027', 26, 1.5, '2023-05-11', 1194),
('58690534-1e8e-4501-af59-ce6077483131', 'acc6d625-849b-4c1c-890a-f2e5d07f8027', 1, 1, '2023-04-19', 1003),
('5bc92c98-6c6f-419a-bc56-221f335f2c87', 'acc6d625-849b-4c1c-890a-f2e5d07f8027', 44, 1, '2023-05-16', 618),
('5d3dfd26-7672-4339-a92d-b3d98c9ee1b8', 'acc6d625-849b-4c1c-890a-f2e5d07f8027', 41, 0.5, '2023-04-25', 304.5),
('5eb38105-2c26-4d9e-b326-d649fc408671', 'acc6d625-849b-4c1c-890a-f2e5d07f8027', 5, 0.5, '2023-07-28', 492),
('5fcf8d5d-6f2a-41a5-b1fa-292ac10eaf1e', 'acc6d625-849b-4c1c-890a-f2e5d07f8027', 1, 1.5, '2023-06-19', 2115),
('600b2780-91aa-4160-b0a5-97195bc50b97', 'acc6d625-849b-4c1c-890a-f2e5d07f8027', 11, 1.5, '2023-05-12', 2278.5),
('6048cbe5-8184-43dd-ac15-0b127af1ddbd', 'acc6d625-849b-4c1c-890a-f2e5d07f8027', 16, 1, '2023-05-19', 610),
('60bb728e-b488-4891-9619-8fcb5993702b', 'acc6d625-849b-4c1c-890a-f2e5d07f8027', 34, 1.5, '2023-04-26', 1692),
('611f2e6c-bd9f-4eeb-9ef1-92d5555346c1', 'acc6d625-849b-4c1c-890a-f2e5d07f8027', 11, 0.5, '2023-01-26', 742.5),
('6226fba0-4e3c-4ef6-a61e-33261aceb9c6', 'acc6d625-849b-4c1c-890a-f2e5d07f8027', 4, 2, '2023-03-04', 3932),
('629920bc-cf54-45f2-960a-d7b62c4d9172', 'acc6d625-849b-4c1c-890a-f2e5d07f8027', 30, 1.5, '2023-08-15', 2140.5),
('64286048-b108-4c93-bec6-232625ee0c4a', 'acc6d625-849b-4c1c-890a-f2e5d07f8027', 30, 1.5, '2023-07-25', 2224.5),
('65df580f-c675-4de0-9e3a-b295f31fc741', 'acc6d625-849b-4c1c-890a-f2e5d07f8027', 40, 1, '2023-05-17', 989),
('661d7fac-6075-4d20-bbcf-17c6cc5866f0', 'acc6d625-849b-4c1c-890a-f2e5d07f8027', 27, 0.5, '2023-07-07', 860.5),
('6677fe98-3958-44a3-9cf1-0264bacae0b4', 'acc6d625-849b-4c1c-890a-f2e5d07f8027', 37, 0.5, '2023-08-07', 560.5),
('66cd0f6d-9254-4879-8b5c-7880dd733aa1', 'acc6d625-849b-4c1c-890a-f2e5d07f8027', 32, 1.5, '2023-08-14', 1039.5),
('68294096-0f66-4130-8054-7af3addbf27f', 'acc6d625-849b-4c1c-890a-f2e5d07f8027', 38, 1.5, '2023-08-23', 831),
('69b9e583-aaf4-4bc7-8ea5-e73615e1a45b', 'acc6d625-849b-4c1c-890a-f2e5d07f8027', 42, 0.5, '2023-07-29', 277),
('6ad7e44a-134b-4019-bbe5-06570a476575', 'acc6d625-849b-4c1c-890a-f2e5d07f8027', 12, 1, '2023-01-23', 1916),
('6c096718-e4cc-456b-8826-4ecc98ceaf47', 'acc6d625-849b-4c1c-890a-f2e5d07f8027', 42, 1, '2023-01-03', 953),
('6ecebd4a-b2d7-4e41-a44d-2d1fd480189e', 'acc6d625-849b-4c1c-890a-f2e5d07f8027', 32, 1.5, '2023-02-25', 1024.5),
('6ff06353-ba4e-4569-a8e5-fe9932536990', 'acc6d625-849b-4c1c-890a-f2e5d07f8027', 6, 1.5, '2023-09-20', 1276.5),
('7200a263-66b2-44cd-969b-fccb4502eca4', 'acc6d625-849b-4c1c-890a-f2e5d07f8027', 36, 0.5, '2023-05-27', 614.5),
('72e3a565-ec57-40ca-814d-49a78597a9cf', 'acc6d625-849b-4c1c-890a-f2e5d07f8027', 19, 2, '2023-05-13', 1366),
('7450778d-2415-4184-8d42-7984fcb5db6e', 'acc6d625-849b-4c1c-890a-f2e5d07f8027', 45, 0.5, '2023-04-09', 994.5),
('74863c71-042e-4621-9c6e-b4540f79e8c4', 'acc6d625-849b-4c1c-890a-f2e5d07f8027', 36, 1, '2023-04-06', 1823),
('75cee793-76c7-40f0-a0e7-2e6c39da3fe2', 'acc6d625-849b-4c1c-890a-f2e5d07f8027', 8, 1.5, '2023-03-10', 1042.5),
('77c5e30b-d514-47e1-b356-47652cf53378', 'acc6d625-849b-4c1c-890a-f2e5d07f8027', 17, 0.5, '2023-06-03', 335.5),
('78d64948-828f-424f-9d68-d9e9d8309e0b', 'acc6d625-849b-4c1c-890a-f2e5d07f8027', 36, 1.5, '2023-05-29', 2529),
('78e1f758-16be-420c-8494-95a002ceff62', 'acc6d625-849b-4c1c-890a-f2e5d07f8027', 42, 0.5, '2023-04-20', 720),
('79292cac-6d5a-4234-8d83-af8f92000b8b', '1234567890', 3, 1, '2023-08-31', 249.6),
('79375f11-1d66-48e2-92bd-b155d21952f6', 'acc6d625-849b-4c1c-890a-f2e5d07f8027', 29, 1.5, '2023-07-24', 1113),
('79c22416-6635-464a-b694-6f1cbcbae6be', 'acc6d625-849b-4c1c-890a-f2e5d07f8027', 1, 0.5, '2023-08-31', 881.5),
('7ab7ca18-a941-4565-b147-876e376551d0', 'acc6d625-849b-4c1c-890a-f2e5d07f8027', 44, 0.5, '2023-01-01', 816.5),
('7ae3c09d-f1ec-44b0-bb1e-d34515a5d9f8', 'acc6d625-849b-4c1c-890a-f2e5d07f8027', 16, 1.5, '2023-06-01', 2025),
('7b524456-94e7-4ee8-a502-ae7971ae76a7', 'acc6d625-849b-4c1c-890a-f2e5d07f8027', 8, 0.5, '2023-07-03', 490),
('7d0e3533-c33f-4b18-b29c-36cedeafabb1', 'acc6d625-849b-4c1c-890a-f2e5d07f8027', 29, 1, '2023-07-18', 1375),
('7d4f1840-3c33-47d4-bfb0-cceb88d31d85', 'acc6d625-849b-4c1c-890a-f2e5d07f8027', 28, 2, '2023-02-23', 1810),
('7e547f12-4eae-449c-8b63-81ba639bc006', 'acc6d625-849b-4c1c-890a-f2e5d07f8027', 9, 2, '2023-07-23', 3228),
('80b95b8f-0202-443e-8198-76eb45cbc6f6', 'acc6d625-849b-4c1c-890a-f2e5d07f8027', 4, 1, '2023-03-23', 1920),
('825cf888-b17d-4e1a-96e2-da78c96d0eee', 'acc6d625-849b-4c1c-890a-f2e5d07f8027', 9, 1.5, '2023-05-24', 1428),
('883f8f96-6c35-4bd6-afba-b3c3ea418097', 'acc6d625-849b-4c1c-890a-f2e5d07f8027', 12, 1, '2023-07-22', 1501),
('8a2ab43d-a3ca-4f1e-97d9-eb113a130dcf', 'acc6d625-849b-4c1c-890a-f2e5d07f8027', 26, 1, '2023-03-13', 1466),
('8a75dbed-4a11-46e3-8919-1ef052265ae0', 'acc6d625-849b-4c1c-890a-f2e5d07f8027', 35, 0.5, '2023-09-23', 705.5),
('8ae9eabb-f350-4aeb-8c88-4f358fd859e0', '1234567890', 1, 2, '2023-08-22', 570.5),
('90608906-5dda-4464-933b-68f1a0ef5bfa', 'acc6d625-849b-4c1c-890a-f2e5d07f8027', 44, 0.5, '2023-05-21', 830),
('912e4a7e-c16b-437e-9e2d-ed334546b8a5', 'acc6d625-849b-4c1c-890a-f2e5d07f8027', 45, 0.5, '2023-02-26', 388),
('9191afc7-2b7a-45f8-a42c-61a28224400f', 'acc6d625-849b-4c1c-890a-f2e5d07f8027', 27, 1, '2023-06-24', 1470),
('91c4b64b-d0c0-486a-aaaf-f97c0910a9e7', 'acc6d625-849b-4c1c-890a-f2e5d07f8027', 39, 1, '2023-07-01', 1437),
('91f70e8c-047f-4268-bcc1-e60c52757648', 'acc6d625-849b-4c1c-890a-f2e5d07f8027', 2, 1, '2023-09-10', 922),
('928205a4-623b-42b6-b474-b622d165f4fc', 'acc6d625-849b-4c1c-890a-f2e5d07f8027', 22, 1.5, '2023-08-10', 2029.5),
('92b6b026-736b-41af-a46b-f7f35d3baf92', 'acc6d625-849b-4c1c-890a-f2e5d07f8027', 8, 0.5, '2023-04-15', 714.5),
('94685d55-d4ba-4309-9a6f-dc783ad5f033', 'acc6d625-849b-4c1c-890a-f2e5d07f8027', 39, 2, '2023-01-04', 2728),
('94abf1f1-4e67-4450-a242-eb80cab4b673', 'acc6d625-849b-4c1c-890a-f2e5d07f8027', 13, 1.5, '2023-03-18', 1587),
('95f1c06e-9e19-4d83-978b-3cfc9bdfdb9a', 'acc6d625-849b-4c1c-890a-f2e5d07f8027', 8, 1, '2023-01-13', 1704),
('969da1bb-62f5-427c-ab42-d419f4f749d4', 'acc6d625-849b-4c1c-890a-f2e5d07f8027', 23, 1, '2023-08-19', 1714),
('99e8db1f-f7a4-4fd8-a62a-4e6eab217de8', 'acc6d625-849b-4c1c-890a-f2e5d07f8027', 31, 1, '2023-05-18', 1738),
('9bc2c921-9088-4ccb-a3bf-90dd2e8d7f47', 'acc6d625-849b-4c1c-890a-f2e5d07f8027', 19, 1, '2023-05-23', 1997),
('9cfda512-5cd6-4748-b426-3157f4011cc7', 'acc6d625-849b-4c1c-890a-f2e5d07f8027', 23, 1.5, '2023-02-08', 2919),
('9f4f19da-1529-4600-ab83-9afc226e4846', 'acc6d625-849b-4c1c-890a-f2e5d07f8027', 41, 1, '2023-08-28', 1706),
('9f853de2-c3e7-49e1-b5fe-3d5c085e64aa', 'acc6d625-849b-4c1c-890a-f2e5d07f8027', 20, 2, '2023-06-29', 2300),
('a00e3fd1-0003-4fcd-b2c1-76ac4fdb0396', 'acc6d625-849b-4c1c-890a-f2e5d07f8027', 13, 0.5, '2023-03-19', 651.5),
('a0a95e27-f9da-4042-aea5-e7b38ecb47d4', 'acc6d625-849b-4c1c-890a-f2e5d07f8027', 40, 1, '2023-06-30', 727),
('a19b1be0-9644-4a5b-9eab-451d000dfb92', 'acc6d625-849b-4c1c-890a-f2e5d07f8027', 12, 1, '2023-03-31', 1558),
('a2cc38e2-531a-4a7c-b9b2-86a4d660bb5a', 'acc6d625-849b-4c1c-890a-f2e5d07f8027', 26, 0.5, '2023-08-25', 690.5),
('a36f5fb6-f896-40c1-8a10-40f5c6fe7348', 'acc6d625-849b-4c1c-890a-f2e5d07f8027', 28, 2, '2023-03-26', 3500),
('a55c51c8-8694-4ea8-9411-6270938588b5', 'acc6d625-849b-4c1c-890a-f2e5d07f8027', 40, 1.5, '2023-07-10', 2736),
('a5625af1-d7c6-4167-a5d9-c85ce85da276', 'acc6d625-849b-4c1c-890a-f2e5d07f8027', 21, 2, '2023-01-29', 3492),
('a6b15831-af32-468d-bdc3-6947518284ab', 'acc6d625-849b-4c1c-890a-f2e5d07f8027', 8, 0.5, '2023-03-29', 274),
('a76d2f63-7716-488a-8953-6fe20cbb7784', 'acc6d625-849b-4c1c-890a-f2e5d07f8027', 10, 0.5, '2023-04-21', 627.5),
('a7bb755c-6482-4550-9fa6-c50339cca3d3', 'acc6d625-849b-4c1c-890a-f2e5d07f8027', 32, 1, '2023-08-29', 762),
('a8a14e19-a9d5-47da-b4e7-b3e1d7d7b971', 'acc6d625-849b-4c1c-890a-f2e5d07f8027', 40, 1.5, '2023-05-06', 1519.5),
('ab468a11-5c4e-456b-8fe1-f3847b4fa08c', 'acc6d625-849b-4c1c-890a-f2e5d07f8027', 34, 0.5, '2023-03-15', 297),
('ab91fb66-96ff-4ce4-8a55-c39d282ad428', 'acc6d625-849b-4c1c-890a-f2e5d07f8027', 25, 2, '2023-06-13', 1120),
('ade59303-fee8-482a-863d-9683796931cf', 'acc6d625-849b-4c1c-890a-f2e5d07f8027', 13, 1.5, '2023-01-09', 1246.5),
('af3bbf10-0760-478e-a4fb-bf525c6a6de5', 'acc6d625-849b-4c1c-890a-f2e5d07f8027', 22, 2, '2023-03-16', 1370),
('b01bcff8-32b9-4597-9453-a5f840b54541', 'acc6d625-849b-4c1c-890a-f2e5d07f8027', 5, 0.5, '2023-05-07', 898.5),
('b08ae50e-8edc-41bd-b946-e7f1e5ed63a2', 'acc6d625-849b-4c1c-890a-f2e5d07f8027', 19, 1, '2023-02-04', 1707),
('b15e6672-a636-4b6f-ae37-f6c3b38f6b6f', 'acc6d625-849b-4c1c-890a-f2e5d07f8027', 3, 1.5, '2023-09-05', 939),
('b1d00f32-8121-4563-942a-ccd3562eefa5', 'acc6d625-849b-4c1c-890a-f2e5d07f8027', 29, 2, '2023-02-03', 2760),
('b23def95-72bf-4ee1-9551-c262bcfbaed0', 'acc6d625-849b-4c1c-890a-f2e5d07f8027', 22, 1, '2023-09-21', 601),
('b29504f9-3879-4720-ba79-f678ac7d9ab8', 'acc6d625-849b-4c1c-890a-f2e5d07f8027', 19, 1, '2023-04-12', 705),
('b553a851-b3f4-4cf7-9df3-eaec7f5f398d', 'acc6d625-849b-4c1c-890a-f2e5d07f8027', 6, 1, '2023-09-13', 714),
('b57f869a-2ac9-49e3-b98f-a86125cac134', 'acc6d625-849b-4c1c-890a-f2e5d07f8027', 31, 0.5, '2023-09-24', 363.5),
('b756da33-c580-4fe6-8391-bc0238668c77', 'acc6d625-849b-4c1c-890a-f2e5d07f8027', 42, 1.5, '2023-01-18', 2050.5),
('bc03c407-b4f2-44d3-a54d-7080df62b211', 'acc6d625-849b-4c1c-890a-f2e5d07f8027', 45, 0.5, '2023-04-11', 675.5),
('bc6658e1-884e-4fa8-9827-5d378d914e0f', 'acc6d625-849b-4c1c-890a-f2e5d07f8027', 26, 1.5, '2023-05-30', 1819.5),
('bef4a330-0453-495f-8423-153a8340e09b', 'acc6d625-849b-4c1c-890a-f2e5d07f8027', 39, 1.5, '2023-06-14', 2587.5),
('bf827e31-c49e-420f-9554-4dbc2c2937db', 'acc6d625-849b-4c1c-890a-f2e5d07f8027', 25, 0.5, '2023-01-15', 710),
('c4979104-8183-43a7-a4cc-e3738e400f3b', 'acc6d625-849b-4c1c-890a-f2e5d07f8027', 25, 2, '2023-09-19', 3318),
('c4fbf758-90df-4542-a2e4-b365252fd666', 'acc6d625-849b-4c1c-890a-f2e5d07f8027', 29, 0.5, '2023-01-12', 595.5),
('c7d8d077-6f2b-428d-a759-fe9ff4dffed2', 'acc6d625-849b-4c1c-890a-f2e5d07f8027', 14, 0.5, '2023-04-10', 521.5),
('c889abdf-2368-4c94-8eec-3f5e399a02ed', 'acc6d625-849b-4c1c-890a-f2e5d07f8027', 2, 0.5, '2023-08-21', 828.5),
('c92da023-c8e2-4f39-b9c3-003db8022323', 'acc6d625-849b-4c1c-890a-f2e5d07f8027', 23, 2, '2023-02-12', 1774),
('ca3bf8ff-af2e-45bd-b1b6-7bc863e1f515', 'acc6d625-849b-4c1c-890a-f2e5d07f8027', 18, 1, '2023-05-01', 1109),
('cb2b84e9-1743-400e-86c1-77ff28bbbbec', 'acc6d625-849b-4c1c-890a-f2e5d07f8027', 32, 2, '2023-02-15', 1792),
('cbfece3d-108f-49d2-ad66-dff22ef5221f', 'acc6d625-849b-4c1c-890a-f2e5d07f8027', 29, 0.5, '2023-05-03', 805.5),
('cc7d018a-aee7-4063-906f-40219b4ed360', 'acc6d625-849b-4c1c-890a-f2e5d07f8027', 34, 1.5, '2023-01-25', 2100),
('cd0c158b-9c4c-4c84-843a-bf009cbe8cd8', 'acc6d625-849b-4c1c-890a-f2e5d07f8027', 28, 2, '2023-03-05', 1778),
('cde812b3-1cf4-4a20-ace5-d5e57135ced7', 'acc6d625-849b-4c1c-890a-f2e5d07f8027', 23, 0.5, '2023-08-22', 820),
('ce438c89-db0a-4fd7-9ae1-7940c2c76bc8', 'acc6d625-849b-4c1c-890a-f2e5d07f8027', 29, 2, '2023-01-21', 2918),
('d0b37760-2822-45e3-b24f-3ca53df00b03', 'acc6d625-849b-4c1c-890a-f2e5d07f8027', 44, 2, '2023-06-07', 1266),
('d145b49d-391b-4163-aab7-30e7a8e11cfb', 'acc6d625-849b-4c1c-890a-f2e5d07f8027', 34, 2, '2023-06-11', 3392),
('d1694aa8-f861-4a1c-9648-b2d5d1a1acc9', 'acc6d625-849b-4c1c-890a-f2e5d07f8027', 21, 0.5, '2023-05-22', 604),
('d1fa0ee4-63b8-433a-95fc-7d5d8f9ff6e8', 'acc6d625-849b-4c1c-890a-f2e5d07f8027', 3, 0.5, '2023-08-30', 351),
('d29ddade-3c02-4fc3-85be-ce0b998d6a91', 'acc6d625-849b-4c1c-890a-f2e5d07f8027', 10, 2, '2023-01-20', 1084),
('d43ae3ec-f66c-4ddf-bf37-b22a98551638', 'acc6d625-849b-4c1c-890a-f2e5d07f8027', 14, 1, '2023-08-26', 1420),
('d50646a5-83f0-4223-a0e2-f9cdf56abd25', 'acc6d625-849b-4c1c-890a-f2e5d07f8027', 29, 2, '2023-09-01', 3192),
('d5ec2902-4718-488e-9894-855028c102b8', 'acc6d625-849b-4c1c-890a-f2e5d07f8027', 31, 0.5, '2023-02-07', 444.5),
('d6f75c35-6c2a-471c-a652-0f48a5f3aeac', 'acc6d625-849b-4c1c-890a-f2e5d07f8027', 20, 1.5, '2023-02-09', 1329),
('d7636fd0-9e1b-4b79-89c0-e7a223939874', 'acc6d625-849b-4c1c-890a-f2e5d07f8027', 26, 1.5, '2023-09-08', 2256),
('d7730e72-e784-4f1d-9c4f-f4fd6c215df3', 'acc6d625-849b-4c1c-890a-f2e5d07f8027', 41, 2, '2023-03-17', 2856),
('d9baae09-92ad-4e4e-96d6-621fdf02cc15', 'acc6d625-849b-4c1c-890a-f2e5d07f8027', 36, 0.5, '2023-03-02', 695.5),
('da129f08-a0a0-454a-842c-3cccbd7172c3', 'acc6d625-849b-4c1c-890a-f2e5d07f8027', 10, 0.5, '2023-03-08', 977),
('da25c647-e922-4516-a76d-1e5e958581e0', 'acc6d625-849b-4c1c-890a-f2e5d07f8027', 30, 2, '2023-09-15', 2280),
('dbd5a104-505a-4f39-b16e-8b2dfa915426', 'acc6d625-849b-4c1c-890a-f2e5d07f8027', 12, 2, '2023-09-14', 3274),
('dc91515c-04ee-4bd4-81ab-9cdf0aab0238', 'acc6d625-849b-4c1c-890a-f2e5d07f8027', 11, 2, '2023-01-07', 3650),
('dcd728d2-5a3e-4133-8f55-2f4e55522395', 'acc6d625-849b-4c1c-890a-f2e5d07f8027', 25, 2, '2023-02-10', 1194),
('de764027-be11-4e5b-a2c1-96502b1438cd', 'acc6d625-849b-4c1c-890a-f2e5d07f8027', 11, 1, '2023-04-28', 1199),
('decb46ef-d5f2-4ab8-b0ac-49c44b2ada2c', 'acc6d625-849b-4c1c-890a-f2e5d07f8027', 16, 1, '2023-03-22', 1062),
('df900b79-403d-4a21-ad5a-e553028f7641', 'acc6d625-849b-4c1c-890a-f2e5d07f8027', 25, 0.5, '2023-01-14', 751.5),
('e009e09f-5e1a-4540-9efb-313458c39e02', 'acc6d625-849b-4c1c-890a-f2e5d07f8027', 25, 1, '2023-03-11', 1756),
('e1252861-656a-4eb7-b36c-c4d1b1649345', 'acc6d625-849b-4c1c-890a-f2e5d07f8027', 13, 0.5, '2023-08-11', 868.5),
('e2ae7462-a6e7-4849-92dc-4f8b4fe84229', 'acc6d625-849b-4c1c-890a-f2e5d07f8027', 22, 1, '2023-09-11', 1873),
('e363cc26-fa79-4dc7-89d9-7a64b420b413', 'acc6d625-849b-4c1c-890a-f2e5d07f8027', 23, 1.5, '2023-08-16', 1615.5),
('e37d30b1-5a21-44a4-962d-93fa1dc8daa5', 'acc6d625-849b-4c1c-890a-f2e5d07f8027', 34, 0.5, '2023-05-08', 558),
('e46b7a4a-19ee-4148-b707-df5dc3eac6f6', 'acc6d625-849b-4c1c-890a-f2e5d07f8027', 40, 1.5, '2023-04-04', 2716.5),
('e4901427-1255-447b-9121-308e09447014', 'acc6d625-849b-4c1c-890a-f2e5d07f8027', 18, 2, '2023-06-21', 2696),
('e602b9bd-101d-460e-9e42-3c5c7ea83374', 'acc6d625-849b-4c1c-890a-f2e5d07f8027', 1, 2, '2023-02-18', 1672),
('e6632b37-c339-4994-8180-5d4730e26928', 'acc6d625-849b-4c1c-890a-f2e5d07f8027', 31, 1.5, '2023-02-28', 2806.5),
('e7a15b5c-42e1-4a88-b561-1f9e82417481', 'acc6d625-849b-4c1c-890a-f2e5d07f8027', 14, 0.5, '2023-05-26', 323.5),
('e7e374fb-cc64-428c-be51-680a48b98edb', 'acc6d625-849b-4c1c-890a-f2e5d07f8027', 27, 1.5, '2023-06-25', 1165.5),
('e9ddd356-b741-4670-a22f-f87eb24c257c', 'acc6d625-849b-4c1c-890a-f2e5d07f8027', 14, 1, '2023-09-27', 1824),
('edd9476c-6680-4139-be81-891eca261e5c', 'acc6d625-849b-4c1c-890a-f2e5d07f8027', 21, 2, '2023-09-12', 3008),
('ef763379-4950-4203-832f-1b23ca9cd522', 'acc6d625-849b-4c1c-890a-f2e5d07f8027', 29, 1, '2023-01-22', 872),
('f0d73e23-fb44-454b-b588-9af010ee102a', 'acc6d625-849b-4c1c-890a-f2e5d07f8027', 28, 1.5, '2023-07-04', 1038),
('f0f4da2a-50ef-44b1-9e54-1e1b818542c0', 'acc6d625-849b-4c1c-890a-f2e5d07f8027', 14, 1.5, '2023-04-23', 1033.5),
('f1663de5-9942-4f93-b595-67e28d308d86', 'acc6d625-849b-4c1c-890a-f2e5d07f8027', 25, 1.5, '2023-03-06', 2313),
('f400afa2-90b7-413a-9503-bdb57fa45ba9', 'acc6d625-849b-4c1c-890a-f2e5d07f8027', 31, 0.5, '2023-04-08', 583),
('f48502ac-f3fa-4d29-a598-9ef8c2d42e4e', 'acc6d625-849b-4c1c-890a-f2e5d07f8027', 11, 2, '2023-04-03', 1854),
('f808ff60-92b3-481d-a1f3-2abc65603c77', 'acc6d625-849b-4c1c-890a-f2e5d07f8027', 12, 1.5, '2023-07-06', 1605),
('f954d5c6-dae4-4ff3-b426-596142f6263f', 'acc6d625-849b-4c1c-890a-f2e5d07f8027', 14, 0.5, '2023-07-09', 665.5),
('f9ccac9c-d05c-48b3-8ce3-c0d4cf36b0e1', 'acc6d625-849b-4c1c-890a-f2e5d07f8027', 18, 0.5, '2023-04-01', 380),
('fa244848-c048-418b-9340-8cd05a528ce2', 'acc6d625-849b-4c1c-890a-f2e5d07f8027', 27, 1, '2023-08-13', 1485),
('fb83f93d-450a-49b0-baa3-0c740b459cd0', 'acc6d625-849b-4c1c-890a-f2e5d07f8027', 14, 0.5, '2023-02-13', 696.5),
('fd899792-342e-4da3-96d0-fd6414e1a704', 'acc6d625-849b-4c1c-890a-f2e5d07f8027', 36, 1, '2023-01-10', 1763),
('fde09a6d-07ee-47ba-8bd9-eef9afb605be', 'acc6d625-849b-4c1c-890a-f2e5d07f8027', 15, 2, '2023-09-06', 1628),
('ffbdfbda-eb43-4663-9464-320faff1c9d0', 'acc6d625-849b-4c1c-890a-f2e5d07f8027', 8, 0.5, '2023-07-11', 908.5);

-- --------------------------------------------------------

--
-- 資料表結構 `videoorder_course`
--

CREATE TABLE `videoorder_course` (
  `id` varchar(255) NOT NULL COMMENT '流水號',
  `shortid` varchar(255) NOT NULL COMMENT '訂單編號[客戶端]',
  `memberid` varchar(255) NOT NULL COMMENT '會員ID[只有會員能買]',
  `videoid` varchar(255) NOT NULL COMMENT '影片id',
  `startDate` varchar(255) NOT NULL COMMENT '權限起始日[訂單成立日]',
  `endDate` varchar(255) NOT NULL COMMENT '權限終止日[永不]'
) ENGINE=InnoDB DEFAULT CHARSET=utf8mb4;

--
-- 傾印資料表的資料 `videoorder_course`
--

INSERT INTO `videoorder_course` (`id`, `shortid`, `memberid`, `videoid`, `startDate`, `endDate`) VALUES
('0197ef2f-4503-4c51-a418-bcbd1f22612b', 'JuLNrjJPt', '13d416df-343e-4b0e-9131-f9af9af1c13d', '15', '2023-08-28 19:34:48', '0000/00/00'),
('02f1dcf4-cae4-4fd0-85b3-86dee78f5439', 'ilRMvsOHk', '13d416df-343e-4b0e-9131-f9af9af1c13d', '19', '2023-08-30 13:34:55', '0000/00/00'),
('03106bb1-5d26-425e-a750-0eeb82d266f2', 'a0y-queiX', '13d416df-343e-4b0e-9131-f9af9af1c13d', '9', '2023-08-29 13:47:36', '0000/00/00'),
('0839b864-cc72-41b4-a530-d20970ff9735', 'lkHmZh28R', 'bcb712e2-9094-434a-8331-90ef53124595', '28', '2023-08-14 21:12:03', '0000/00/00'),
('15c10c3a-cd20-4546-a5bf-1b227f64bde5', 'CprvesTRy', '13d416df-343e-4b0e-9131-f9af9af1c13d', '17', '2023-08-29 13:49:55', '0000/00/00'),
('1a50c6ec-6dc6-4ad7-b3fe-ebdb6672e993', 'lkHmZh28R', 'bcb712e2-9094-434a-8331-90ef53124595', '13', '2023-08-14 21:12:03', '0000/00/00'),
('23642d82-9764-4437-9dd5-f07775ae1ccc', 'CprvesTRy', '13d416df-343e-4b0e-9131-f9af9af1c13d', '30', '2023-08-29 13:49:55', '0000/00/00'),
('25a2f321-14fe-4d97-9f0c-ecbd07e9466e', 'H-HzV5Q1p', '13d416df-343e-4b0e-9131-f9af9af1c13d', '36', '2023-08-28 19:52:35', '0000/00/00'),
('36f955bd-771a-485c-9758-14fc2e75380e', 'nG0LQvUhB', 'bcb712e2-9094-434a-8331-90ef53124595', '6', '2023-08-11 15:44:56', '0000/00/00'),
('4b5727a8-7a9f-4fac-a6ad-c0e95666e3d2', 'IFqayCjuf', '13d416df-343e-4b0e-9131-f9af9af1c13d', '16', '2023-08-30 10:19:34', '0000/00/00'),
('4dd5dd6a-a16d-49d4-8f17-312ccb3fb628', 'C4ZDr-IPn', '13d416df-343e-4b0e-9131-f9af9af1c13d', '17', '2023-08-24 22:17:14', '0000/00/00'),
('53686117-eeb2-4647-b08e-aef283ad2c90', 'a0y-queiX', '13d416df-343e-4b0e-9131-f9af9af1c13d', '28', '2023-08-29 13:47:36', '0000/00/00'),
('6de0997e-28cd-4249-960c-2c6e628a4a89', 'H-HzV5Q1p', '13d416df-343e-4b0e-9131-f9af9af1c13d', '14', '2023-08-28 19:52:35', '0000/00/00'),
('78d40be1-88c9-4f3e-8d01-e7a9f7392bdc', 'JuLNrjJPt', '13d416df-343e-4b0e-9131-f9af9af1c13d', '26', '2023-08-28 19:34:48', '0000/00/00'),
('808dacbc-8102-4452-8d85-375577282d6e', 'JuLNrjJPt', '13d416df-343e-4b0e-9131-f9af9af1c13d', '22', '2023-08-28 19:34:48', '0000/00/00'),
('89178e9e-93e3-4559-b999-2078f2fe980d', 'CprvesTRy', '13d416df-343e-4b0e-9131-f9af9af1c13d', '23', '2023-08-29 13:49:55', '0000/00/00'),
('8c217bef-4cad-4aa5-933e-e90b0779e783', 'NQips8YcU', 'bcb712e2-9094-434a-8331-90ef53124595', '4', '2023-08-18 12:18:49', '0000/00/00'),
('93f19dbf-4e92-4be5-af0c-02025a867ef4', 'H-HzV5Q1p', '13d416df-343e-4b0e-9131-f9af9af1c13d', '37', '2023-08-28 19:52:35', '0000/00/00'),
('950522f5-81ae-4561-886d-5124808b66c7', 'ilRMvsOHk', '13d416df-343e-4b0e-9131-f9af9af1c13d', '24', '2023-08-30 13:34:55', '0000/00/00'),
('97317b9b-d2b3-4e78-ad1b-51d6a861444c', 'NQips8YcU', 'bcb712e2-9094-434a-8331-90ef53124595', '11', '2023-08-18 12:18:49', '0000/00/00'),
('9aef3438-c0de-4552-b345-821469bf67e3', 'C4ZDr-IPn', '13d416df-343e-4b0e-9131-f9af9af1c13d', '4', '2023-08-24 22:17:14', '0000/00/00'),
('b3057d26-4ccb-4f85-a310-cd88488c950d', 'C4ZDr-IPn', '13d416df-343e-4b0e-9131-f9af9af1c13d', '22', '2023-08-24 22:17:14', '0000/00/00'),
('b761d380-4452-4996-aea9-5693a2c54dc6', 'IFqayCjuf', '13d416df-343e-4b0e-9131-f9af9af1c13d', '3', '2023-08-30 10:19:34', '0000/00/00'),
('c4330ad2-b75c-42fc-a76a-f2de8f1ed092', 'nG0LQvUhB', 'bcb712e2-9094-434a-8331-90ef53124595', '30', '2023-08-11 15:44:56', '0000/00/00'),
('dfd0ff74-da31-4bae-93bd-78f43a42370e', 'NQips8YcU', 'bcb712e2-9094-434a-8331-90ef53124595', '13', '2023-08-18 12:18:49', '0000/00/00'),
('e4120955-0d5c-446d-a11e-4804acafbedb', 'IFqayCjuf', '13d416df-343e-4b0e-9131-f9af9af1c13d', '37', '2023-08-30 10:19:34', '0000/00/00'),
('eda65f37-e26d-4887-9fb6-6356116cae96', 'ilRMvsOHk', '13d416df-343e-4b0e-9131-f9af9af1c13d', '11', '2023-08-30 13:34:55', '0000/00/00'),
('f9370446-6acc-4a55-9386-ec7ffa9f869b', 'a0y-queiX', '13d416df-343e-4b0e-9131-f9af9af1c13d', '24', '2023-08-29 13:47:36', '0000/00/00'),
('fa5303ff-f0f4-4665-802b-a3bef7d7ebad', 'nG0LQvUhB', 'bcb712e2-9094-434a-8331-90ef53124595', '11', '2023-08-11 15:44:56', '0000/00/00'),
('fdb8ae0e-8dbe-40c4-b4ce-9c2f6e078b0f', 'lkHmZh28R', 'bcb712e2-9094-434a-8331-90ef53124595', '22', '2023-08-14 21:12:03', '0000/00/00');

-- --------------------------------------------------------

--
-- 資料表結構 `videoorder_sub`
--

CREATE TABLE `videoorder_sub` (
  `id` varchar(255) NOT NULL,
  `shortid` varchar(255) NOT NULL,
  `memberid` varchar(255) NOT NULL,
  `startDate` varchar(255) NOT NULL,
  `endDate` varchar(255) NOT NULL
) ENGINE=InnoDB DEFAULT CHARSET=utf8mb4;

--
-- 傾印資料表的資料 `videoorder_sub`
--

INSERT INTO `videoorder_sub` (`id`, `shortid`, `memberid`, `startDate`, `endDate`) VALUES
('1d1a167a-b780-4708-b1fa-cf749d98fb65', 'c5CcieSkc', '13d416df-343e-4b0e-9131-f9af9af1c13d', '2023-08-28 19:28:49', '2023-11-26 19:28:49'),
('28602f22-ba52-4869-b312-a172bf1d4c5a', 'Vd5iEQ95v', '13d416df-343e-4b0e-9131-f9af9af1c13d', '2023-08-25 20:36:39', '2024-02-21 20:36:39'),
('2b23f898-e841-44f6-a584-6fb26d10f212', '2nU297_Y3', '13d416df-343e-4b0e-9131-f9af9af1c13d', '2023-08-24 22:16:22', '2024-02-20 22:16:22'),
('37981de7-a48f-4a89-816b-643c0c761725', 'TOJCZhBD6', '13d416df-343e-4b0e-9131-f9af9af1c13d', '2023-08-29 13:52:29', '2023-11-27 13:52:29'),
('46f8aa2a-8dd6-47da-b4b2-a3ca936a807a', 'dtyzfVLSR', '13d416df-343e-4b0e-9131-f9af9af1c13d', '2023-08-28 19:40:36', '2023-11-26 19:40:36'),
('48575e1a-cf15-4cd5-aec3-284f69ed977e', 'U4lrprSPC', '13d416df-343e-4b0e-9131-f9af9af1c13d', '2023-08-29 10:14:34', '2024-08-23 10:14:34'),
('6377ee22-f477-4e91-860c-84e0222c012a', 'V69GpZt5l', 'bcb712e2-9094-434a-8331-90ef53124595', '2023-08-15 11:18:11', '2024-02-11 11:18:11'),
('7e1a93c7-3781-478e-b50d-13ae2a890bc5', 'T1ap1oanS', '13d416df-343e-4b0e-9131-f9af9af1c13d', '2023-08-29 13:51:05', '2023-11-27 13:51:05'),
('82dcc3e2-491f-4c1f-ab90-38322e6a80ff', 'oN_c7RvFa', '1', '2023-08-11 15:48:50', '2024-08-05 15:48:50'),
('87286e8e-bc18-4be4-9094-44e1efeb5899', 'm9ldMEzsh', '13d416df-343e-4b0e-9131-f9af9af1c13d', '2023-08-25 17:03:01', '2023-11-23 17:03:01'),
('99e3abe0-ff06-4d15-bc26-4f6fdb5898dc', 'lOnnhVUqx', '13d416df-343e-4b0e-9131-f9af9af1c13d', '2023-08-29 14:53:48', '2024-02-25 14:53:48'),
('9d5fb609-4101-4cbd-87d4-b0a473c1670c', 'kI3XxG3L8', '13d416df-343e-4b0e-9131-f9af9af1c13d', '2023-08-25 20:36:43', '2024-08-19 20:36:43'),
('b1c8d301-f3d3-4ecb-ae6e-f9a7df7bc348', 'JvozYY6_p', '13d416df-343e-4b0e-9131-f9af9af1c13d', '2023-08-26 01:04:42', '2024-08-20 01:04:42'),
('b4d347ac-7cf6-4f9b-910c-ce1b8898b50d', 'OZwk6Fguy', '13d416df-343e-4b0e-9131-f9af9af1c13d', '2023-08-30 13:36:29', '2023-11-28 13:36:29'),
('b79ccdb5-dc84-4667-a7be-d1339d1aea40', 'EKtyjnNoi', '1', '2023-08-14 10:30:29', '2024-02-10 10:30:29'),
('cc351c59-d7d7-4013-a24c-2977463aa4bd', 'gKTbDCqL2', '13d416df-343e-4b0e-9131-f9af9af1c13d', '2023-08-29 13:51:27', '2023-11-27 13:51:27'),
('d9f781ea-e962-4338-8d0f-8d798582f919', 'B-py_G_u5', '13d416df-343e-4b0e-9131-f9af9af1c13d', '2023-08-25 15:56:53', '2024-02-21 15:56:53'),
('e3a471e4-4161-4a95-a948-8d87adbfbd8c', 'VOnkFKyPz', '13d416df-343e-4b0e-9131-f9af9af1c13d', '2023-08-25 17:04:07', '2023-11-23 17:04:07'),
('e5deb93a-b48a-433e-bbb0-8c467739f285', 'tG0YGefXw', '13d416df-343e-4b0e-9131-f9af9af1c13d', '2023-08-30 13:35:56', '2023-11-28 13:35:56'),
('f018fadd-df01-4040-91ae-faee7fefd3e0', 'gYYngOph0', '1', '2023-08-14 10:30:17', '2024-08-08 10:30:17'),
('f3930784-d985-46ef-81be-8c7938ed8da9', 'gcJjdxJ9a', '13d416df-343e-4b0e-9131-f9af9af1c13d', '2023-08-29 14:54:15', '2024-02-25 14:54:15'),
('f9510953-7a81-4043-8695-5784d3aeb658', 'EB8kRyXKA', 'bcb712e2-9094-434a-8331-90ef53124595', '2023-08-16 14:58:33', '2024-02-12 14:58:33'),
('fa86eca8-b360-44a2-bf2b-b6616895862d', 'hSd5TSB_J', '1', '2023-08-14 21:15:14', '2024-02-10 21:15:14');

--
-- 已傾印資料表的索引
--

--
-- 資料表索引 `body_record`
--
ALTER TABLE `body_record`
  ADD PRIMARY KEY (`RecordID`);

--
-- 資料表索引 `classmultipack`
--
ALTER TABLE `classmultipack`
  ADD PRIMARY KEY (`classmultipackID`) USING BTREE,
  ADD KEY `multipackgroup_id` (`multipackgroup_id`),
  ADD KEY `classmultipackID` (`classmultipackID`);

--
-- 資料表索引 `favorite_product`
--
ALTER TABLE `favorite_product`
  ADD PRIMARY KEY (`favp_id`),
  ADD KEY `member_id` (`member_id`);

--
-- 資料表索引 `favorite_video`
--
ALTER TABLE `favorite_video`
  ADD PRIMARY KEY (`favv_id`),
  ADD KEY `member_id` (`member_id`);

--
-- 資料表索引 `fitvideos`
--
ALTER TABLE `fitvideos`
  ADD PRIMARY KEY (`VideoID`),
  ADD KEY `VideoID` (`VideoID`),
  ADD KEY `musclegroupID` (`musclegroupID`),
  ADD KEY `classmultipackID` (`classmultipackID`);

--
-- 資料表索引 `fooddata`
--
ALTER TABLE `fooddata`
  ADD PRIMARY KEY (`FoodID`);

--
-- 資料表索引 `food_record`
--
ALTER TABLE `food_record`
  ADD PRIMARY KEY (`RecordID`);

--
-- 資料表索引 `history`
--
ALTER TABLE `history`
  ADD PRIMARY KEY (`historyID`),
  ADD KEY `VideoID` (`videoID`),
  ADD KEY `historyid` (`historyID`);

--
-- 資料表索引 `member`
--
ALTER TABLE `member`
  ADD PRIMARY KEY (`member_id`);

--
-- 資料表索引 `multipack_group`
--
ALTER TABLE `multipack_group`
  ADD PRIMARY KEY (`multipackgroup_id`);

--
-- 資料表索引 `muscle_group`
--
ALTER TABLE `muscle_group`
  ADD PRIMARY KEY (`musclegroupID`),
  ADD KEY `musclegroupID` (`musclegroupID`);

--
-- 資料表索引 `orderproduct_detail`
--
ALTER TABLE `orderproduct_detail`
  ADD PRIMARY KEY (`orderrealdetailID`);

--
-- 資料表索引 `orderproduct_main`
--
ALTER TABLE `orderproduct_main`
  ADD PRIMARY KEY (`orderrealID`);

--
-- 資料表索引 `otp`
--
ALTER TABLE `otp`
  ADD PRIMARY KEY (`member_id`);

--
-- 資料表索引 `plan`
--
ALTER TABLE `plan`
  ADD PRIMARY KEY (`planid`);

--
-- 資料表索引 `productall`
--
ALTER TABLE `productall`
  ADD PRIMARY KEY (`skuID`),
  ADD KEY `category_id` (`category_id`),
  ADD KEY `skuId` (`skuID`) USING BTREE,
  ADD KEY `p_id` (`p_id`);

--
-- 資料表索引 `productcat`
--
ALTER TABLE `productcat`
  ADD PRIMARY KEY (`category_id`),
  ADD KEY `category_id` (`category_id`);

--
-- 資料表索引 `productfeedback`
--
ALTER TABLE `productfeedback`
  ADD PRIMARY KEY (`feedback_id`),
  ADD KEY `user_id` (`member_id`),
  ADD KEY `p_id` (`p_id`);

--
-- 資料表索引 `productlist`
--
ALTER TABLE `productlist`
  ADD PRIMARY KEY (`p_id`),
  ADD KEY `p_id` (`p_id`),
  ADD KEY `category_id` (`category_id`);

--
-- 資料表索引 `sportdata`
--
ALTER TABLE `sportdata`
  ADD PRIMARY KEY (`SportID`);

--
-- 資料表索引 `sport_record`
--
ALTER TABLE `sport_record`
  ADD PRIMARY KEY (`Sport_recordID`);

--
-- 資料表索引 `videoorder_course`
--
ALTER TABLE `videoorder_course`
  ADD PRIMARY KEY (`id`);

--
-- 資料表索引 `videoorder_sub`
--
ALTER TABLE `videoorder_sub`
  ADD PRIMARY KEY (`id`);

--
-- 在傾印的資料表使用自動遞增(AUTO_INCREMENT)
--

--
-- 使用資料表自動遞增(AUTO_INCREMENT) `fooddata`
--
ALTER TABLE `fooddata`
  MODIFY `FoodID` int(10) NOT NULL AUTO_INCREMENT, AUTO_INCREMENT=61;

--
-- 使用資料表自動遞增(AUTO_INCREMENT) `orderproduct_detail`
--
ALTER TABLE `orderproduct_detail`
  MODIFY `orderrealdetailID` int(255) NOT NULL AUTO_INCREMENT, AUTO_INCREMENT=88;

--
-- 使用資料表自動遞增(AUTO_INCREMENT) `productall`
--
ALTER TABLE `productall`
  MODIFY `skuID` int(11) NOT NULL AUTO_INCREMENT COMMENT '產品流水號', AUTO_INCREMENT=113;

--
-- 使用資料表自動遞增(AUTO_INCREMENT) `productfeedback`
--
ALTER TABLE `productfeedback`
  MODIFY `feedback_id` int(11) NOT NULL AUTO_INCREMENT COMMENT '商品回饋ID', AUTO_INCREMENT=14;

--
-- 使用資料表自動遞增(AUTO_INCREMENT) `productlist`
--
ALTER TABLE `productlist`
  MODIFY `p_id` int(11) NOT NULL AUTO_INCREMENT COMMENT '商品ID', AUTO_INCREMENT=40;

--
-- 使用資料表自動遞增(AUTO_INCREMENT) `sportdata`
--
ALTER TABLE `sportdata`
  MODIFY `SportID` int(10) NOT NULL AUTO_INCREMENT, AUTO_INCREMENT=46;

--
-- 已傾印資料表的限制式
--

--
-- 資料表的限制式 `classmultipack`
--
ALTER TABLE `classmultipack`
  ADD CONSTRAINT `classmultipack_ibfk_1` FOREIGN KEY (`multipackgroup_id`) REFERENCES `multipack_group` (`multipackgroup_id`);

--
-- 資料表的限制式 `favorite_product`
--
ALTER TABLE `favorite_product`
  ADD CONSTRAINT `favorite_product_ibfk_1` FOREIGN KEY (`member_id`) REFERENCES `member` (`member_id`) ON DELETE CASCADE ON UPDATE CASCADE;

--
-- 資料表的限制式 `favorite_video`
--
ALTER TABLE `favorite_video`
  ADD CONSTRAINT `favorite_video_ibfk_1` FOREIGN KEY (`member_id`) REFERENCES `member` (`member_id`) ON DELETE CASCADE ON UPDATE CASCADE;

--
-- 資料表的限制式 `fitvideos`
--
ALTER TABLE `fitvideos`
  ADD CONSTRAINT `fitvideos_ibfk_1` FOREIGN KEY (`musclegroupID`) REFERENCES `muscle_group` (`musclegroupID`) ON DELETE CASCADE ON UPDATE CASCADE,
  ADD CONSTRAINT `fitvideos_ibfk_2` FOREIGN KEY (`classmultipackID`) REFERENCES `classmultipack` (`classmultipackID`) ON DELETE CASCADE ON UPDATE CASCADE;

--
-- 資料表的限制式 `otp`
--
ALTER TABLE `otp`
  ADD CONSTRAINT `otp_ibfk_1` FOREIGN KEY (`member_id`) REFERENCES `member` (`member_id`) ON DELETE CASCADE ON UPDATE CASCADE;

--
-- 資料表的限制式 `productall`
--
ALTER TABLE `productall`
  ADD CONSTRAINT `productall_ibfk_1` FOREIGN KEY (`category_id`) REFERENCES `productcat` (`category_id`) ON DELETE CASCADE ON UPDATE CASCADE,
  ADD CONSTRAINT `productall_ibfk_2` FOREIGN KEY (`p_id`) REFERENCES `productlist` (`p_id`) ON DELETE CASCADE ON UPDATE CASCADE;

--
-- 資料表的限制式 `productlist`
--
ALTER TABLE `productlist`
  ADD CONSTRAINT `productlist_ibfk_1` FOREIGN KEY (`category_id`) REFERENCES `productcat` (`category_id`) ON DELETE CASCADE ON UPDATE CASCADE;
COMMIT;

/*!40101 SET CHARACTER_SET_CLIENT=@OLD_CHARACTER_SET_CLIENT */;
/*!40101 SET CHARACTER_SET_RESULTS=@OLD_CHARACTER_SET_RESULTS */;
/*!40101 SET COLLATION_CONNECTION=@OLD_COLLATION_CONNECTION */;
